사고번호,사고일시,요일,시군구,사고내용,사망자수,중상자수,경상자수,부상신고자수,사고유형,법규위반,노면상태,기상상태,도로형태,가해운전자 차종,가해운전자 성별,가해운전자 연령,가해운전자 상해정도,피해운전자 차종,피해운전자 성별,피해운전자 연령,피해운전자 상해정도
2015011300100211,2015년 1월 13일 11시,화요일,충청남도 공주시 계룡면,중상사고,0,10,8,1,차대차 - 추돌 - 진행중,안전운전불이행,건조,맑음,단일로 - 기타,화물,남,55세,기타불명,승용,남,40세,중상
2015011300100237,2015년 1월 13일 12시,화요일,충청남도 논산시 반월동,중상사고,0,1,0,0,차량단독 - 공작물충돌,안전운전불이행,건조,맑음,교차로 - 교차로부근,이륜,남,15세,중상,,,,
2015011300100263,2015년 1월 13일 13시,화요일,충청남도 천안시 동남구 풍세면,중상사고,0,1,0,0,차대차 - 추돌 - 주정차중,안전운전불이행,건조,맑음,단일로 - 기타,화물,남,49세,상해없음,화물,남,50세,중상
2015011300100288,2015년 1월 13일 14시,화요일,충청남도 공주시 소학동,중상사고,0,2,1,0,차대차 - 측면직각충돌,안전운전불이행,건조,맑음,교차로 - 교차로안,승용,남,57세,기타불명,화물,남,69세,중상
2015011300100388,2015년 1월 13일 18시,화요일,충청남도 당진시 송악읍,경상사고,0,0,1,0,차대차 - 기타,안전운전불이행,건조,맑음,교차로 - 교차로부근,승용,남,36세,상해없음,승용,여,43세,경상
2015011300100389,2015년 1월 13일 18시,화요일,충청남도 당진시 순성면,중상사고,0,1,0,0,차대차 - 정면충돌,중앙선침범,건조,맑음,단일로 - 기타,승용,남,25세,상해없음,이륜,남,73세,중상
2015011300100425,2015년 1월 13일 19시,화요일,충청남도 아산시 음봉면,중상사고,0,1,0,0,차대사람 - 횡단중,안전운전불이행,건조,맑음,단일로 - 기타,승합,남,48세,상해없음,보행자,여,74세,중상
2015011300100426,2015년 1월 13일 19시,화요일,충청남도 당진시 합덕읍,경상사고,0,0,1,0,차대차 - 추돌 - 주정차중,안전운전불이행,건조,맑음,교차로 - 교차로부근,화물,남,60세,상해없음,승용,여,55세,경상
2015011300100427,2015년 1월 13일 19시,화요일,충청남도 천안시 동남구 수신면,중상사고,0,1,0,0,차대사람 - 길가장자리구역통행중,안전운전불이행,건조,맑음,교차로 - 교차로안,승용,여,29세,상해없음,보행자,여,41세,중상
2015011300100451,2015년 1월 13일 20시,화요일,충청남도 예산군 예산읍,중상사고,0,1,0,0,차대차 - 추돌 - 진행중,안전운전불이행,건조,맑음,단일로 - 기타,승용,남,21세,기타불명,승용,여,49세,중상
2015011300100491,2015년 1월 13일 21시,화요일,충청남도 당진시 원당리,경상사고,0,0,1,0,차대차 - 정면충돌,중앙선침범,건조,맑음,단일로 - 기타,승용,남,54세,상해없음,승용,여,49세,경상
2015011300100515,2015년 1월 13일 22시,화요일,충청남도 천안시 서북구 성정동,경상사고,0,0,1,0,차대사람 - 횡단중,보행자보호의무위반,건조,맑음,단일로 - 기타,승용,여,29세,상해없음,보행자,남,28세,경상
2015011300100516,2015년 1월 13일 22시,화요일,충청남도 논산시 취암동,경상사고,0,0,1,0,차대사람 - 차도통행중,안전운전불이행,건조,맑음,단일로 - 기타,승용,남,49세,상해없음,보행자,남,44세,경상
2015011400100021,2015년 1월 14일 01시,수요일,충청남도 천안시 서북구 성환읍,중상사고,0,1,0,0,차대사람 - 차도통행중,안전운전불이행,건조,맑음,단일로 - 기타,화물,남,37세,상해없음,보행자,여,67세,중상
2015011400100032,2015년 1월 14일 02시,수요일,충청남도 논산시 부적면,중상사고,0,1,0,0,차량단독 - 공작물충돌,안전운전불이행,건조,맑음,단일로 - 기타,화물,남,29세,중상,,,,
2015011400100033,2015년 1월 14일 02시,수요일,충청남도 당진시 면천면,경상사고,0,0,1,0,차량단독 - 공작물충돌,안전운전불이행,건조,맑음,단일로 - 기타,승용,남,17세,상해없음,,,,
2015011400100110,2015년 1월 14일 08시,수요일,충청남도 천안시 서북구 두정동,경상사고,0,0,1,0,차대차 - 추돌 - 진행중,교차로운행방법위반,건조,맑음,교차로 - 교차로부근,승용,남,38세,상해없음,승용,여,37세,경상
2015011400100169,2015년 1월 14일 11시,수요일,충청남도 계룡시 금암동,경상사고,0,0,2,0,차대차 - 측면직각충돌,안전운전불이행,건조,맑음,교차로 - 교차로안,화물,남,62세,상해없음,승용,남,35세,경상
2015011400100190,2015년 1월 14일 12시,수요일,충청남도 논산시 연무읍,중상사고,0,1,0,0,차대차 - 기타,안전거리미확보,건조,맑음,단일로 - 기타,승용,남,50세,상해없음,승용,여,32세,중상
2015011400100236,2015년 1월 14일 14시,수요일,충청남도 당진시 읍내리,경상사고,0,0,1,0,차대차 - 추돌 - 진행중,교차로운행방법위반,건조,맑음,교차로 - 교차로안,승용,여,58세,상해없음,승용,남,40세,경상
2015011400100261,2015년 1월 14일 15시,수요일,충청남도 서산시 해미면,중상사고,0,1,3,0,차대차 - 측면직각충돌,안전운전불이행,건조,맑음,교차로 - 교차로부근,특수,남,40세,경상,승용,남,34세,중상
2015011400100292,2015년 1월 14일 16시,수요일,충청남도 서산시 동문동,중상사고,0,1,0,0,차대사람 - 길가장자리구역통행중,안전운전불이행,건조,맑음,단일로 - 기타,화물,남,59세,상해없음,보행자,남,60세,중상
2015011400100293,2015년 1월 14일 16시,수요일,충청남도 천안시 서북구 성정동,중상사고,0,1,0,0,차대사람 - 차도통행중,안전운전불이행,건조,맑음,단일로 - 기타,승용,남,34세,상해없음,보행자,여,77세,중상
2015011400100294,2015년 1월 14일 16시,수요일,충청남도 논산시 강경읍,중상사고,0,1,0,0,차대차 - 측면직각충돌,교차로운행방법위반,건조,맑음,교차로 - 교차로안,승용,남,34세,상해없음,이륜,남,51세,중상
2015011400100318,2015년 1월 14일 17시,수요일,충청남도 서산시 동문동,중상사고,0,1,0,0,차대차 - 측면직각충돌,안전운전불이행,건조,맑음,단일로 - 기타,승용,남,66세,상해없음,이륜,남,19세,중상
2015011400100319,2015년 1월 14일 17시,수요일,충청남도 천안시 서북구 두정동,경상사고,0,0,1,0,차대차 - 정면충돌,신호위반,건조,맑음,교차로 - 교차로부근,승용,남,19세,상해없음,이륜,남,25세,경상
2015011400100364,2015년 1월 14일 18시,수요일,충청남도 논산시 강경읍,경상사고,0,0,1,0,차대차 - 추돌 - 주정차중,안전운전불이행,건조,맑음,단일로 - 기타,이륜,남,50세,경상,승용,남,48세,상해없음
2015011400100407,2015년 1월 14일 19시,수요일,충청남도 천안시 서북구 백석동,경상사고,0,0,1,0,차대차 - 기타,안전운전불이행,건조,맑음,단일로 - 기타,특수,남,49세,상해없음,승용,남,40세,경상
2015011400100436,2015년 1월 14일 20시,수요일,충청남도 천안시 서북구 입장면,중상사고,0,1,0,0,차량단독 - 기타,안전운전불이행,건조,맑음,단일로 - 기타,승합,남,51세,상해없음,,,,
2015011400100493,2015년 1월 14일 22시,수요일,충청남도 아산시 풍기동,중상사고,0,1,0,0,차대차 - 추돌 - 주정차중,안전운전불이행,건조,맑음,기타 - 기타,승용,여,25세,상해없음,승용,남,48세,중상
2015011500100015,2015년 1월 15일 00시,목요일,충청남도 보령시 동대동,경상사고,0,0,1,0,차량단독 - 전도전복,안전운전불이행,건조,맑음,교차로 - 교차로안,이륜,남,16세,상해없음,,,,
2015011500100016,2015년 1월 15일 00시,목요일,충청남도 보령시 명천동,중상사고,0,1,0,0,차대차 - 측면직각충돌,신호위반,건조,맑음,교차로 - 교차로안,승용,남,30세,상해없음,승용,여,24세,중상
2015011500100026,2015년 1월 15일 01시,목요일,충청남도 천안시 서북구 백석동,경상사고,0,0,1,0,차대차 - 추돌 - 주정차중,안전운전불이행,건조,맑음,단일로 - 기타,승용,남,36세,상해없음,승용,남,42세,경상
2015011500100051,2015년 1월 15일 04시,목요일,충청남도 천안시 동남구 병천면,중상사고,0,1,1,0,차대차 - 측면직각충돌,교차로운행방법위반,건조,맑음,교차로 - 교차로안,승용,여,46세,중상,승합,남,42세,경상
2015011500100068,2015년 1월 15일 06시,목요일,충청남도 천안시 동남구 청당동,경상사고,0,0,1,0,차대차 - 측면직각충돌,신호위반,건조,맑음,교차로 - 교차로안,승용,여,29세,상해없음,승용,남,37세,경상
2015011500100085,2015년 1월 15일 07시,목요일,충청남도 논산시 반월동,경상사고,0,0,1,0,차대사람 - 횡단중,신호위반,건조,맑음,교차로 - 교차로안,승용,남,35세,상해없음,보행자,여,64세,경상
2015011500100086,2015년 1월 15일 07시,목요일,충청남도 예산군 삽교읍,중상사고,0,1,0,0,차대차 - 추돌 - 진행중,안전거리미확보,건조,맑음,미분류 - 미분류,승합,남,34세,상해없음,승용,남,36세,중상
2015011500100154,2015년 1월 15일 10시,목요일,충청남도 천안시 서북구 차암동,경상사고,0,0,2,0,차대차 - 기타,안전운전불이행,건조,맑음,교차로 - 교차로안,승용,남,22세,상해없음,승용,남,52세,경상
2015011500100157,2015년 1월 15일 10시,목요일,충청남도 당진시 순성면,중상사고,0,1,0,0,차대차 - 측면직각충돌,교차로운행방법위반,건조,맑음,교차로 - 교차로안,승용,남,44세,상해없음,화물,남,62세,중상
2015011500100179,2015년 1월 15일 11시,목요일,충청남도 천안시 서북구 두정동,경상사고,0,0,1,0,차대사람 - 횡단중,신호위반,건조,맑음,교차로 - 교차로부근,승용,남,56세,상해없음,보행자,남,62세,경상
2015011500100180,2015년 1월 15일 11시,목요일,충청남도 청양군 비봉면,부상신고사고,0,0,0,1,차대차 - 측면직각충돌,직진우회전진행방해,건조,맑음,교차로 - 교차로안,승용,여,43세,부상신고,승합,남,50세,상해없음
2015011500100207,2015년 1월 15일 12시,목요일,충청남도 예산군 신암면,중상사고,0,1,1,0,차대차 - 측면직각충돌,신호위반,건조,맑음,교차로 - 교차로안,승용,남,52세,경상,승용,여,40세,중상
2015011500100208,2015년 1월 15일 12시,목요일,충청남도 천안시 서북구 성거읍,중상사고,0,1,1,2,차대차 - 기타,안전운전불이행,건조,맑음,단일로 - 기타,승용,여,39세,부상신고,화물,남,70세,중상
2015011500100232,2015년 1월 15일 13시,목요일,충청남도 부여군 구룡면,중상사고,0,1,0,0,차대차 - 추돌 - 진행중,안전운전불이행,건조,맑음,단일로 - 기타,이륜,남,72세,중상,화물,남,23세,상해없음
2015011500100264,2015년 1월 15일 14시,목요일,충청남도 태안군 태안읍,사망사고,1,0,0,0,차량단독 - 공작물충돌,안전운전불이행,건조,맑음,단일로 - 기타,승용,남,73세,사망,,,,
2015011500100265,2015년 1월 15일 14시,목요일,충청남도 태안군 고남면,사망사고,1,0,0,0,차량단독 - 도로외이탈 - 추락,안전운전불이행,건조,맑음,교차로 - 교차로안,화물,남,20세,사망,,,,
2015011500100283,2015년 1월 15일 15시,목요일,충청남도 서산시 수석동,중상사고,0,1,0,0,차대사람 - 횡단중,신호위반,건조,맑음,교차로 - 교차로안,승합,남,58세,상해없음,보행자,여,71세,중상
2015011500100314,2015년 1월 15일 16시,목요일,충청남도 천안시 서북구 쌍용동,중상사고,0,1,0,0,차대사람 - 횡단중,보행자보호의무위반,건조,맑음,단일로 - 기타,승용,남,56세,상해없음,보행자,남,9세,중상
2015011500100315,2015년 1월 15일 16시,목요일,충청남도 홍성군 홍북면,중상사고,0,2,0,1,차대차 - 기타,안전거리미확보,건조,맑음,교차로 - 교차로부근,승용,남,66세,상해없음,승용,남,33세,부상신고
2015011500100347,2015년 1월 15일 17시,목요일,충청남도 아산시 온천동,경상사고,0,0,1,0,차대차 - 측면직각충돌,안전운전불이행,건조,맑음,교차로 - 교차로안,승용,여,59세,상해없음,승용,남,46세,경상
2015011500100348,2015년 1월 15일 17시,목요일,충청남도 서천군 한산면,중상사고,0,1,0,0,차대차 - 기타,안전운전불이행,건조,맑음,교차로 - 교차로부근,승용,여,59세,상해없음,원동기,남,17세,중상
2015011500100384,2015년 1월 15일 18시,목요일,충청남도 아산시 인주면,경상사고,0,0,1,0,차대차 - 기타,안전운전불이행,건조,맑음,교차로 - 교차로부근,화물,남,53세,상해없음,승용,여,53세,경상
2015011500100432,2015년 1월 15일 19시,목요일,충청남도 천안시 서북구 불당동,경상사고,0,0,2,0,차대차 - 측면직각충돌,신호위반,건조,맑음,교차로 - 교차로안,승용,남,39세,상해없음,승용,여,25세,경상
2015011500100493,2015년 1월 15일 21시,목요일,충청남도 아산시 배방읍,경상사고,0,0,1,0,차대차 - 측면직각충돌,신호위반,건조,맑음,교차로 - 교차로안,승용,남,34세,상해없음,승용,남,31세,경상
2015011500100565,2015년 1월 15일 23시,목요일,충청남도 당진시 원당리,중상사고,0,1,1,0,차대차 - 측면직각충돌,신호위반,건조,맑음,교차로 - 교차로안,승용,남,30세,경상,승용,남,29세,중상
2015011600100016,2015년 1월 16일 00시,금요일,충청남도 천안시 서북구 백석동,중상사고,0,2,0,0,차대차 - 추돌 - 주정차중,안전운전불이행,건조,맑음,교차로 - 교차로부근,승용,남,34세,상해없음,승용,남,27세,중상
2015011600100017,2015년 1월 16일 00시,금요일,충청남도 천안시 동남구 신방동,경상사고,0,0,3,0,차대차 - 측면직각충돌,신호위반,건조,기타,교차로 - 교차로안,승용,남,35세,상해없음,승용,남,35세,경상
2015011600100046,2015년 1월 16일 02시,금요일,충청남도 천안시 서북구 백석동,경상사고,0,0,1,0,차량단독 - 공작물충돌,안전운전불이행,건조,맑음,단일로 - 기타,승용,남,31세,경상,,,,
2015011600100174,2015년 1월 16일 09시,금요일,충청남도 서산시 성연면,중상사고,0,1,0,0,차대차 - 기타,안전운전불이행,건조,맑음,단일로 - 기타,승용,남,43세,상해없음,이륜,남,71세,중상
2015011600100221,2015년 1월 16일 11시,금요일,충청남도 천안시 서북구 성거읍,중상사고,0,1,0,0,차대사람 - 횡단중,안전운전불이행,습기,비,단일로 - 횡단보도상,승용,남,63세,상해없음,보행자,여,56세,중상
2015011600100252,2015년 1월 16일 12시,금요일,충청남도 천안시 서북구 두정동,경상사고,0,0,1,0,차대차 - 기타,교차로운행방법위반,습기,흐림,교차로 - 교차로안,원동기,남,52세,경상,승용,남,70세,상해없음
2015011600100253,2015년 1월 16일 12시,금요일,충청남도 보령시 동대동,중상사고,0,1,2,0,차대차 - 측면직각충돌,직진우회전진행방해,건조,맑음,교차로 - 교차로안,화물,남,72세,상해없음,승합,남,67세,경상
2015011600100304,2015년 1월 16일 14시,금요일,충청남도 천안시 서북구 입장면,중상사고,0,1,0,0,차대차 - 기타,교차로운행방법위반,건조,맑음,교차로 - 교차로안,화물,남,35세,상해없음,승용,남,33세,중상
2015011600100305,2015년 1월 16일 14시,금요일,충청남도 천안시 서북구 백석동,중상사고,0,1,0,0,차대사람 - 횡단중,신호위반,건조,맑음,단일로 - 횡단보도상,화물,남,55세,상해없음,보행자,남,7세,중상
2015011600100306,2015년 1월 16일 14시,금요일,충청남도 부여군 석성면,중상사고,0,1,0,0,차대차 - 측면직각충돌,교차로운행방법위반,건조,맑음,교차로 - 교차로안,승용,남,55세,상해없음,건설기계,남,57세,상해없음
2015011600100336,2015년 1월 16일 15시,금요일,충청남도 천안시 동남구 성남면,경상사고,0,0,1,0,차대차 - 추돌 - 주정차중,안전운전불이행,습기,비,단일로 - 기타,이륜,남,75세,경상,승용,남,53세,상해없음
2015011600100383,2015년 1월 16일 17시,금요일,충청남도 보령시 대천동,경상사고,0,0,1,0,차대차 - 추돌 - 주정차중,안전운전불이행,건조,맑음,교차로 - 교차로부근,승용,남,46세,상해없음,화물,남,56세,경상
2015011600100384,2015년 1월 16일 17시,금요일,충청남도 천안시 동남구 신방동,중상사고,0,1,0,0,차대차 - 추돌 - 진행중,안전운전불이행,습기,비,단일로 - 기타,승용,남,30세,상해없음,이륜,남,54세,중상
2015011600100432,2015년 1월 16일 18시,금요일,충청남도 태안군 남면,중상사고,0,1,0,0,차대사람 - 횡단중,보행자보호의무위반,건조,맑음,단일로 - 횡단보도상,승용,남,46세,상해없음,보행자,여,71세,중상
2015011600100433,2015년 1월 16일 18시,금요일,충청남도 천안시 동남구 목천읍,경상사고,0,0,1,0,차대차 - 추돌 - 진행중,중앙선침범,습기,비,단일로 - 기타,승용,남,65세,상해없음,승용,남,35세,경상
2015011600100515,2015년 1월 16일 20시,금요일,충청남도 아산시 배방읍,중상사고,0,1,0,0,차대사람 - 횡단중,보행자보호의무위반,습기,흐림,단일로 - 횡단보도상,승용,남,45세,상해없음,보행자,남,40세,중상
2015011600100547,2015년 1월 16일 21시,금요일,충청남도 서산시 석림동,경상사고,0,0,1,0,차대차 - 추돌 - 진행중,신호위반,건조,맑음,단일로 - 기타,승용,남,29세,경상,화물,남,38세,상해없음
2015011600100548,2015년 1월 16일 21시,금요일,충청남도 서천군 서면,중상사고,0,1,0,0,차대차 - 기타,중앙선침범,습기,비,단일로 - 기타,승용,남,48세,상해없음,승용,여,38세,중상
2015011600100549,2015년 1월 16일 21시,금요일,충청남도 보령시 궁촌동,중상사고,0,1,0,0,차대차 - 측면직각충돌,신호위반,습기,비,교차로 - 교차로안,승용,남,43세,상해없음,승용,여,45세,중상
2015011600100582,2015년 1월 16일 22시,금요일,충청남도 아산시 신창면,경상사고,0,0,1,0,차대차 - 측면직각충돌,안전운전불이행,건조,맑음,교차로 - 교차로안,승용,여,36세,상해없음,승용,남,34세,경상
2015011600100583,2015년 1월 16일 22시,금요일,충청남도 보령시 동대동,중상사고,0,1,0,0,차대사람 - 횡단중,안전운전불이행,습기,비,교차로 - 교차로안,승용,남,50세,상해없음,보행자,남,40세,중상
2015011600100618,2015년 1월 16일 23시,금요일,충청남도 서산시 읍내동,경상사고,0,0,1,0,차대차 - 추돌 - 주정차중,안전운전불이행,건조,맑음,교차로 - 교차로안,승합,남,42세,상해없음,승용,남,54세,경상
2015011700100038,2015년 1월 17일 01시,토요일,충청남도 천안시 동남구 안서동,경상사고,0,0,1,0,차대차 - 추돌 - 진행중,안전운전불이행,건조,맑음,단일로 - 기타,승용,남,30세,상해없음,승용,남,51세,경상
2015011700100099,2015년 1월 17일 04시,토요일,충청남도 천안시 서북구 성정동,경상사고,0,0,1,0,차대차 - 추돌 - 주정차중,안전운전불이행,건조,맑음,단일로 - 기타,승용,남,45세,상해없음,승용,남,31세,경상
2015011700100111,2015년 1월 17일 05시,토요일,충청남도 아산시 탕정면,중상사고,0,4,8,0,차대차 - 정면충돌,중앙선침범,건조,맑음,단일로 - 기타,승용,남,28세,중상,승합,남,59세,경상
2015011700100134,2015년 1월 17일 06시,토요일,충청남도 아산시 신창면,경상사고,0,0,11,0,차대차 - 측면직각충돌,안전운전불이행,건조,맑음,단일로 - 횡단보도상,승용,여,53세,상해없음,승합,남,55세,경상
2015011700100145,2015년 1월 17일 07시,토요일,충청남도 예산군 오가면,경상사고,0,0,2,0,차대차 - 기타,신호위반,건조,맑음,교차로 - 교차로안,승용,남,62세,경상,승용,남,39세,경상
2015011700100190,2015년 1월 17일 09시,토요일,충청남도 보령시 대천동,중상사고,0,1,0,0,차대차 - 추돌 - 진행중,안전운전불이행,건조,맑음,단일로 - 기타,화물,남,82세,상해없음,이륜,여,62세,중상
2015011700100191,2015년 1월 17일 09시,토요일,충청남도 예산군 광시면,부상신고사고,0,0,0,1,차대차 - 기타,중앙선침범,건조,맑음,교차로 - 교차로부근,이륜,남,72세,부상신고,화물,남,24세,상해없음
2015011700100225,2015년 1월 17일 10시,토요일,충청남도 공주시 이인면,중상사고,0,2,0,0,차대차 - 추돌 - 진행중,안전운전불이행,건조,맑음,단일로 - 기타,화물,남,56세,상해없음,승용,남,57세,중상
2015011700100281,2015년 1월 17일 12시,토요일,충청남도 당진시 구룡리,중상사고,0,2,0,0,차대차 - 측면직각충돌,과속,건조,맑음,교차로 - 교차로안,승용,남,44세,중상,화물,남,66세,중상
2015011700100309,2015년 1월 17일 13시,토요일,충청남도 당진시 송악읍,경상사고,0,0,2,0,차대차 - 추돌 - 주정차중,교차로운행방법위반,건조,맑음,교차로 - 교차로안,승용,남,59세,상해없음,화물,남,34세,상해없음
2015011700100343,2015년 1월 17일 14시,토요일,충청남도 보령시 신흑동,중상사고,0,1,0,0,차대사람 - 차도통행중,안전운전불이행,건조,맑음,단일로 - 기타,화물,남,65세,상해없음,보행자,남,52세,중상
2015011700100377,2015년 1월 17일 15시,토요일,충청남도 부여군 부여읍,경상사고,0,0,2,0,차대차 - 측면직각충돌,안전운전불이행,건조,맑음,교차로 - 교차로안,승용,남,22세,상해없음,승용,남,33세,경상
2015011700100410,2015년 1월 17일 16시,토요일,충청남도 천안시 서북구 성환읍,경상사고,0,0,1,0,차대사람 - 차도통행중,안전운전불이행,건조,맑음,단일로 - 기타,승용,남,45세,상해없음,보행자,남,54세,경상
2015011700100440,2015년 1월 17일 17시,토요일,충청남도 태안군 이원면,중상사고,0,1,5,0,차대차 - 정면충돌,중앙선침범,건조,맑음,단일로 - 기타,화물,남,67세,상해없음,승용,여,34세,경상
2015011700100479,2015년 1월 17일 18시,토요일,충청남도 서천군 서천읍,중상사고,0,1,0,0,차대사람 - 횡단중,안전운전불이행,건조,맑음,단일로 - 기타,승용,남,65세,상해없음,보행자,여,81세,중상
2015011700100514,2015년 1월 17일 19시,토요일,충청남도 계룡시 금암동,경상사고,0,0,3,0,차대차 - 측면직각충돌,신호위반,건조,맑음,교차로 - 교차로안,승용,남,50세,상해없음,승용,남,46세,경상
2015011700100515,2015년 1월 17일 19시,토요일,충청남도 논산시 강산동,중상사고,0,1,2,0,차대차 - 측면직각충돌,신호위반,건조,맑음,교차로 - 교차로안,승용,여,59세,중상,승용,남,59세,경상
2015011700100516,2015년 1월 17일 19시,토요일,충청남도 당진시 읍내리,경상사고,0,0,1,0,차대사람 - 차도통행중,안전운전불이행,건조,맑음,교차로 - 교차로안,승용,여,44세,상해없음,보행자,남,14세,경상
2015011700100547,2015년 1월 17일 20시,토요일,충청남도 당진시 읍내리,경상사고,0,0,1,0,차대사람 - 차도통행중,안전운전불이행,건조,맑음,단일로 - 기타,승용,남,41세,상해없음,보행자,남,46세,경상
2015011700100568,2015년 1월 17일 21시,토요일,충청남도 서산시 팔봉면,중상사고,0,1,3,0,차대차 - 측면직각충돌,안전운전불이행,건조,맑음,단일로 - 기타,화물,남,31세,상해없음,승용,남,52세,상해없음
2015011700100569,2015년 1월 17일 21시,토요일,충청남도 논산시 연산면,경상사고,0,0,1,0,차대사람 - 길가장자리구역통행중,중앙선침범,건조,맑음,단일로 - 기타,승용,남,42세,상해없음,보행자,남,57세,경상
2015011700100571,2015년 1월 17일 21시,토요일,충청남도 천안시 동남구 봉명동,중상사고,0,2,0,0,차대차 - 측면직각충돌,중앙선침범,건조,맑음,교차로 - 교차로안,승용,남,51세,상해없음,승용,남,33세,중상
2015011700100595,2015년 1월 17일 22시,토요일,충청남도 당진시 읍내리,경상사고,0,0,1,0,차대차 - 측면직각충돌,신호위반,건조,맑음,교차로 - 교차로안,승용,여,42세,상해없음,승용,남,36세,경상
2015011800100014,2015년 1월 18일 00시,일요일,충청남도 아산시 모종동,중상사고,0,1,3,1,차대차 - 측면직각충돌,신호위반,건조,맑음,교차로 - 교차로안,승용,남,60세,상해없음,승합,남,48세,경상
2015011800100027,2015년 1월 18일 01시,일요일,충청남도 천안시 서북구 성거읍,경상사고,0,0,1,0,차대차 - 기타,안전운전불이행,건조,맑음,단일로 - 기타,승용,남,35세,경상,승용,남,26세,상해없음
2015011800100028,2015년 1월 18일 01시,일요일,충청남도 서천군 비인면,경상사고,0,0,1,0,차대차 - 측면직각충돌,안전운전불이행,건조,맑음,단일로 - 기타,승용,남,29세,상해없음,승용,남,29세,경상
2015011800100065,2015년 1월 18일 04시,일요일,충청남도 아산시 영인면,경상사고,0,0,1,0,차대차 - 측면직각충돌,안전운전불이행,건조,맑음,교차로 - 교차로부근,승용,남,32세,상해없음,승용,남,57세,경상
2015011800100072,2015년 1월 18일 05시,일요일,충청남도 아산시 음봉면,중상사고,0,1,0,0,차대차 - 측면직각충돌,신호위반,건조,맑음,교차로 - 교차로안,승용,남,33세,상해없음,승용,남,45세,중상
2015011800100088,2015년 1월 18일 06시,일요일,충청남도 천안시 동남구 목천읍,경상사고,0,0,1,0,차대차 - 추돌 - 진행중,안전운전불이행,건조,맑음,단일로 - 기타,승용,남,26세,상해없음,건설기계,남,45세,경상
2015011800100100,2015년 1월 18일 07시,일요일,충청남도 천안시 동남구 구성동,경상사고,0,0,2,0,차대차 - 추돌 - 진행중,안전운전불이행,건조,맑음,단일로 - 기타,승용,남,23세,상해없음,승용,남,48세,경상
2015011800100166,2015년 1월 18일 12시,일요일,충청남도 천안시 서북구 두정동,경상사고,0,0,1,0,차대차 - 추돌 - 주정차중,안전운전불이행,건조,맑음,단일로 - 기타,승용,남,23세,상해없음,승용,여,30세,경상
2015011800100180,2015년 1월 18일 13시,일요일,충청남도 천안시 동남구 신부동,부상신고사고,0,0,0,1,차대차 - 기타,안전운전불이행,건조,맑음,단일로 - 기타,승용,기타불명,기타불명,기타불명,승용,여,51세,부상신고
2015011800100205,2015년 1월 18일 14시,일요일,충청남도 서천군 종천면,중상사고,0,1,1,0,차대차 - 기타,직진우회전진행방해,건조,맑음,단일로 - 기타,화물,남,63세,상해없음,원동기,남,59세,중상
2015011800100206,2015년 1월 18일 14시,일요일,충청남도 예산군 덕산면,경상사고,0,0,3,1,차대차 - 추돌 - 진행중,교차로운행방법위반,건조,흐림,교차로 - 교차로안,승용,여,56세,부상신고,승합,남,52세,경상
2015011800100207,2015년 1월 18일 14시,일요일,충청남도 천안시 동남구 신부동,경상사고,0,0,1,0,차대차 - 기타,안전운전불이행,건조,맑음,단일로 - 기타,승용,남,27세,상해없음,승용,여,42세,경상
2015011800100226,2015년 1월 18일 15시,일요일,충청남도 아산시 모종동,중상사고,0,1,0,0,차대차 - 측면직각충돌,안전운전불이행,건조,맑음,교차로 - 교차로안,승용,여,54세,상해없음,원동기,남,73세,중상
2015011800100348,2015년 1월 18일 19시,일요일,충청남도 서산시 예천동,중상사고,0,1,0,0,차대사람 - 기타,안전운전불이행,습기,눈,단일로 - 기타,승용,남,49세,상해없음,보행자,여,19세,중상
2015011800100349,2015년 1월 18일 19시,일요일,충청남도 계룡시 두마면,경상사고,0,0,2,0,차대차 - 측면직각충돌,교차로운행방법위반,습기,눈,교차로 - 교차로안,승용,여,45세,경상,승용,남,56세,경상
2015011800100350,2015년 1월 18일 19시,일요일,충청남도 예산군 예산읍,중상사고,0,1,0,0,차대사람 - 횡단중,안전운전불이행,습기,눈,교차로 - 교차로부근,승용,남,64세,상해없음,보행자,여,50세,중상
2015011800100351,2015년 1월 18일 19시,일요일,충청남도 천안시 동남구 목천읍,중상사고,0,1,0,0,차대차 - 측면직각충돌,안전운전불이행,습기,눈,단일로 - 기타,화물,남,45세,상해없음,이륜,남,46세,중상
2015011800100385,2015년 1월 18일 20시,일요일,충청남도 당진시 송악읍,경상사고,0,0,2,0,차량단독 - 공작물충돌,안전운전불이행,결빙,눈,단일로 - 기타,승용,남,49세,상해없음,,,,
2015011800100386,2015년 1월 18일 20시,일요일,충청남도 공주시 유구읍,중상사고,0,1,1,0,차대차 - 추돌 - 진행중,안전운전불이행,결빙,눈,단일로 - 기타,기타불명,기타불명,기타불명,기타불명,승용,남,44세,중상
2015011800100444,2015년 1월 18일 22시,일요일,충청남도 당진시 송산면,경상사고,0,0,1,0,차량단독 - 공작물충돌,안전운전불이행,습기,비,교차로 - 교차로안,승합,남,40세,상해없음,,,,