사고번호,사고일시,요일,시군구,사고내용,사망자수,중상자수,경상자수,부상신고자수,사고유형,법규위반,노면상태,기상상태,도로형태,가해운전자 차종,가해운전자 성별,가해운전자 연령,가해운전자 상해정도,피해운전자 차종,피해운전자 성별,피해운전자 연령,피해운전자 상해정도
2015012400100362,2015년 1월 24일 17시,토요일,충청남도 천안시 동남구 원성동,중상사고,0,1,0,0,차대사람 - 횡단중,안전운전불이행,건조,맑음,교차로 - 교차로안,승용,여,36세,상해없음,보행자,여,82세,중상
2015012400100482,2015년 1월 24일 20시,토요일,충청남도 천안시 서북구 두정동,경상사고,0,0,2,0,차대차 - 측면직각충돌,안전운전불이행,건조,맑음,교차로 - 교차로안,승용,남,62세,상해없음,승용,여,28세,경상
2015012400100565,2015년 1월 24일 23시,토요일,충청남도 보령시 청라면,중상사고,0,1,1,0,차대차 - 기타,중앙선침범,건조,맑음,단일로 - 기타,승합,여,54세,상해없음,승합,남,31세,경상
2015012400100567,2015년 1월 24일 23시,토요일,충청남도 천안시 동남구 신부동,경상사고,0,0,1,0,차대차 - 측면직각충돌,기타,건조,맑음,단일로 - 기타,이륜,남,43세,경상,승용,남,46세,상해없음
2015012500100027,2015년 1월 25일 02시,일요일,충청남도 아산시 둔포면,경상사고,0,0,1,0,차대차 - 기타,안전운전불이행,건조,맑음,단일로 - 기타,승합,남,33세,상해없음,승용,기타불명,15세,기타불명
2015012500100057,2015년 1월 25일 04시,일요일,충청남도 천안시 서북구 두정동,중상사고,0,1,1,0,차대차 - 측면직각충돌,신호위반,건조,맑음,교차로 - 교차로안,승용,남,26세,상해없음,승용,남,45세,중상
2015012500100058,2015년 1월 25일 04시,일요일,충청남도 천안시 서북구 성정동,경상사고,0,0,2,0,차대차 - 추돌 - 주정차중,안전운전불이행,건조,맑음,단일로 - 기타,승용,남,29세,상해없음,승용,남,31세,경상
2015012500100085,2015년 1월 25일 07시,일요일,충청남도 아산시 풍기동,경상사고,0,0,1,0,차대차 - 추돌 - 진행중,안전거리미확보,건조,맑음,교차로 - 교차로부근,승용,여,31세,상해없음,화물,남,43세,경상
2015012500100138,2015년 1월 25일 11시,일요일,충청남도 천안시 서북구 신당동,중상사고,0,1,3,0,차대차 - 측면직각충돌,신호위반,건조,맑음,교차로 - 교차로부근,화물,남,62세,중상,승용,여,54세,경상
2015012500100158,2015년 1월 25일 12시,일요일,충청남도 예산군 신양면,중상사고,0,1,2,0,차대차 - 기타,안전거리미확보,건조,흐림,단일로 - 기타,승용,남,27세,상해없음,승용,남,49세,경상
2015012500100229,2015년 1월 25일 16시,일요일,충청남도 서산시 해미면,부상신고사고,0,0,0,1,차대차 - 정면충돌,직진우회전진행방해,건조,맑음,교차로 - 교차로안,승용,남,57세,부상신고,승용,남,58세,상해없음
2015012500100230,2015년 1월 25일 16시,일요일,충청남도 당진시 송악읍,경상사고,0,0,1,0,차대차 - 측면직각충돌,신호위반,건조,맑음,교차로 - 교차로안,승용,남,26세,상해없음,승용,남,75세,경상
2015012500100272,2015년 1월 25일 18시,일요일,충청남도 천안시 서북구 성거읍,중상사고,0,1,0,0,차대차 - 기타,신호위반,습기,비,교차로 - 교차로안,화물,남,23세,상해없음,원동기,남,42세,중상
2015012500100359,2015년 1월 25일 20시,일요일,충청남도 태안군 태안읍,중상사고,0,1,0,0,차대사람 - 길가장자리구역통행중,안전운전불이행,습기,비,단일로 - 기타,승용,남,44세,상해없음,보행자,남,51세,중상
2015012500100360,2015년 1월 25일 20시,일요일,충청남도 아산시 배방읍,중상사고,0,1,0,0,차대차 - 정면충돌,신호위반,습기,비,교차로 - 교차로안,승용,남,38세,기타불명,승용,남,38세,중상
2015012500100361,2015년 1월 25일 20시,일요일,충청남도 보령시 청라면,부상신고사고,0,0,0,2,차대차 - 기타,중앙선침범,습기,비,단일로 - 기타,승용,기타불명,기타불명,기타불명,승용,남,26세,부상신고
2015012500100362,2015년 1월 25일 20시,일요일,충청남도 부여군 장암면,사망사고,1,0,0,0,차대사람 - 차도통행중,안전운전불이행,습기,비,단일로 - 기타,승용,남,28세,상해없음,보행자,남,25세,사망
2015012500100402,2015년 1월 25일 21시,일요일,충청남도 보령시 대천동,경상사고,0,0,2,0,차량단독 - 공작물충돌,안전운전불이행,습기,비,단일로 - 기타,승용,남,33세,경상,,,,
2015012500100456,2015년 1월 25일 23시,일요일,충청남도 아산시 염치읍,중상사고,0,1,2,0,차대차 - 측면직각충돌,안전운전불이행,건조,맑음,교차로 - 교차로안,승용,남,30세,경상,승용,여,48세,경상
2015012600100088,2015년 1월 26일 07시,월요일,충청남도 당진시 송악읍,중상사고,0,1,0,0,차대사람 - 횡단중,안전운전불이행,습기,안개,단일로 - 기타,승합,남,37세,상해없음,보행자,남,67세,중상
2015012600100111,2015년 1월 26일 08시,월요일,충청남도 서산시 읍내동,경상사고,0,0,1,0,차대차 - 측면직각충돌,신호위반,습기,비,교차로 - 교차로안,승용,여,29세,상해없음,승용,남,56세,경상
2015012600100112,2015년 1월 26일 08시,월요일,충청남도 보령시 남포면,중상사고,0,1,0,0,차대사람 - 길가장자리구역통행중,안전운전불이행,습기,흐림,기타 - 기타,승용,여,40세,상해없음,보행자,여,41세,중상
2015012600100193,2015년 1월 26일 11시,월요일,충청남도 아산시 신창면,경상사고,0,0,4,0,차대차 - 기타,안전운전불이행,기타,안개,기타 - 기타,승용,남,63세,상해없음,화물,남,66세,경상
2015012600100194,2015년 1월 26일 11시,월요일,충청남도 서천군 서천읍,경상사고,0,0,4,0,차대차 - 측면직각충돌,직진우회전진행방해,습기,안개,교차로 - 교차로안,승용,남,72세,경상,승용,여,68세,경상
2015012600100247,2015년 1월 26일 13시,월요일,충청남도 당진시 합덕읍,경상사고,0,0,1,0,차대차 - 추돌 - 주정차중,안전운전불이행,건조,흐림,교차로 - 교차로부근,승용,남,30세,상해없음,승용,남,29세,경상
2015012600100248,2015년 1월 26일 13시,월요일,충청남도 청양군 정산면,경상사고,0,0,4,0,차대차 - 측면직각충돌,직진우회전진행방해,습기,흐림,교차로 - 교차로안,화물,남,26세,경상,승용,여,53세,경상
2015012600100269,2015년 1월 26일 14시,월요일,충청남도 논산시 은진면,경상사고,0,0,4,0,차대차 - 추돌 - 주정차중,안전운전불이행,습기,비,교차로 - 교차로부근,승용,남,42세,상해없음,승용,남,39세,경상
2015012600100270,2015년 1월 26일 14시,월요일,충청남도 보령시 대천동,중상사고,0,1,0,0,차대차 - 기타,안전운전불이행,건조,맑음,단일로 - 기타,화물,남,19세,상해없음,승용,여,48세,중상
2015012600100271,2015년 1월 26일 14시,월요일,충청남도 공주시 상왕동,사망사고,1,0,0,0,차량단독 - 공작물충돌,안전운전불이행,건조,맑음,단일로 - 기타,승용,남,59세,사망,,,,
2015012600100302,2015년 1월 26일 15시,월요일,충청남도 아산시 배방읍,경상사고,0,0,1,0,차대차 - 측면직각충돌,안전운전불이행,건조,맑음,교차로 - 교차로안,승용,남,61세,상해없음,승용,남,36세,경상
2015012600100303,2015년 1월 26일 15시,월요일,충청남도 예산군 고덕면,경상사고,0,0,1,0,차대차 - 측면직각충돌,직진우회전진행방해,건조,맑음,교차로 - 교차로안,화물,남,63세,기타불명,승용,남,24세,경상
2015012600100335,2015년 1월 26일 16시,월요일,충청남도 천안시 서북구 쌍용동,중상사고,0,1,1,0,차대차 - 기타,안전운전불이행,건조,맑음,교차로 - 교차로부근,승용,여,50세,상해없음,승합,남,39세,상해없음
2015012600100361,2015년 1월 26일 17시,월요일,충청남도 서천군 서면,경상사고,0,0,3,0,차대차 - 측면직각충돌,신호위반,건조,흐림,교차로 - 교차로안,승용,여,33세,상해없음,승용,남,25세,경상
2015012600100408,2015년 1월 26일 18시,월요일,충청남도 서산시 인지면,중상사고,0,2,0,0,차대차 - 측면직각충돌,안전운전불이행,건조,맑음,단일로 - 기타,화물,남,42세,상해없음,화물,남,53세,중상
2015012600100409,2015년 1월 26일 18시,월요일,충청남도 천안시 서북구 불당동,경상사고,0,0,1,0,차대사람 - 기타,안전운전불이행,건조,맑음,단일로 - 기타,승용,여,49세,상해없음,보행자,남,17세,경상
2015012600100410,2015년 1월 26일 18시,월요일,충청남도 보령시 대천동,경상사고,0,0,1,0,차대사람 - 기타,안전운전불이행,건조,맑음,단일로 - 기타,승용,남,54세,상해없음,보행자,남,16세,경상
2015012600100507,2015년 1월 26일 21시,월요일,충청남도 천안시 서북구 성정동,경상사고,0,0,1,0,차대차 - 측면직각충돌,안전운전불이행,건조,맑음,교차로 - 교차로부근,승용,남,50세,상해없음,승용,여,46세,경상
2015012600100525,2015년 1월 26일 22시,월요일,충청남도 공주시 신관동,부상신고사고,0,0,0,1,차대차 - 측면직각충돌,안전운전불이행,건조,맑음,교차로 - 교차로안,이륜,남,24세,부상신고,승용,여,35세,상해없음
2015012700100011,2015년 1월 27일 00시,화요일,충청남도 서산시 대산읍,경상사고,0,0,1,0,차대사람 - 기타,안전운전불이행,건조,맑음,기타 - 기타,승용,남,28세,기타불명,보행자,남,28세,경상
2015012700100040,2015년 1월 27일 03시,화요일,충청남도 천안시 서북구 성정동,경상사고,0,0,1,0,차대차 - 측면직각충돌,안전운전불이행,건조,맑음,교차로 - 교차로안,승용,남,31세,상해없음,원동기,남,19세,경상
2015012700100067,2015년 1월 27일 06시,화요일,충청남도 당진시 읍내리,경상사고,0,0,1,0,차대사람 - 차도통행중,안전운전불이행,건조,맑음,교차로 - 교차로안,승용,남,25세,상해없음,보행자,남,32세,경상
2015012700100081,2015년 1월 27일 07시,화요일,충청남도 천안시 서북구 성정동,경상사고,0,0,2,0,차대차 - 측면직각충돌,신호위반,건조,맑음,교차로 - 교차로안,승용,남,31세,상해없음,승용,남,26세,경상
2015012700100106,2015년 1월 27일 08시,화요일,충청남도 보령시 대천동,중상사고,0,1,0,0,차대차 - 측면직각충돌,안전거리미확보,건조,맑음,교차로 - 교차로안,화물,남,65세,상해없음,승용,여,53세,중상
2015012700100107,2015년 1월 27일 08시,화요일,충청남도 당진시 대덕리,부상신고사고,0,0,0,1,차대사람 - 기타,신호위반,건조,맑음,교차로 - 교차로안,기타불명,기타불명,기타불명,기타불명,보행자,여,33세,부상신고
2015012700100152,2015년 1월 27일 10시,화요일,충청남도 천안시 서북구 성정동,경상사고,0,0,1,0,차대차 - 측면직각충돌,교차로운행방법위반,건조,맑음,교차로 - 교차로안,승용,여,48세,상해없음,승용,여,26세,경상
2015012700100153,2015년 1월 27일 10시,화요일,충청남도 금산군 금산읍,중상사고,0,2,0,0,차대차 - 추돌 - 진행중,안전운전불이행,건조,맑음,교차로 - 교차로부근,화물,남,77세,상해없음,이륜,남,73세,중상
2015012700100176,2015년 1월 27일 11시,화요일,충청남도 서산시 동문동,부상신고사고,0,0,0,1,차대차 - 측면직각충돌,교차로운행방법위반,건조,맑음,교차로 - 교차로안,이륜,남,19세,부상신고,승용,남,54세,상해없음
2015012700100220,2015년 1월 27일 13시,화요일,충청남도 서천군 기산면,중상사고,0,1,0,0,차대차 - 기타,안전운전불이행,건조,맑음,기타 - 기타,화물,남,72세,상해없음,화물,남,71세,중상
2015012700100221,2015년 1월 27일 13시,화요일,충청남도 천안시 동남구 사직동,경상사고,0,0,1,0,차대차 - 측면직각충돌,안전운전불이행,건조,맑음,교차로 - 교차로부근,승용,남,18세,상해없음,승용,남,72세,경상
2015012700100251,2015년 1월 27일 14시,화요일,충청남도 천안시 서북구 성환읍,경상사고,0,0,1,0,차대차 - 측면직각충돌,교차로운행방법위반,건조,맑음,교차로 - 교차로안,승용,남,72세,상해없음,승용,여,47세,경상
2015012700100280,2015년 1월 27일 15시,화요일,충청남도 천안시 서북구 쌍용동,경상사고,0,0,1,0,차대차 - 측면직각충돌,안전운전불이행,건조,맑음,단일로 - 기타,승용,남,32세,상해없음,승용,남,46세,경상
2015012700100307,2015년 1월 27일 16시,화요일,충청남도 천안시 서북구 성정동,경상사고,0,0,1,0,차대차 - 측면직각충돌,안전운전불이행,건조,맑음,교차로 - 교차로안,승용,여,37세,상해없음,승용,남,42세,경상
2015012700100340,2015년 1월 27일 17시,화요일,충청남도 천안시 서북구 백석동,경상사고,0,0,1,0,차대사람 - 횡단중,보행자보호의무위반,건조,맑음,교차로 - 교차로안,화물,남,41세,상해없음,보행자,여,54세,경상
2015012700100379,2015년 1월 27일 18시,화요일,충청남도 당진시 석문면,중상사고,0,1,0,0,차대사람 - 횡단중,안전운전불이행,건조,맑음,단일로 - 기타,승용,남,46세,상해없음,보행자,남,62세,중상
2015012700100425,2015년 1월 27일 19시,화요일,충청남도 홍성군 홍성읍,중상사고,0,1,1,0,차대차 - 추돌 - 주정차중,안전운전불이행,건조,맑음,단일로 - 기타,승용,남,43세,상해없음,승용,여,49세,경상
2015012700100452,2015년 1월 27일 20시,화요일,충청남도 천안시 서북구 두정동,경상사고,0,0,1,0,차대차 - 측면직각충돌,직진우회전진행방해,건조,맑음,교차로 - 교차로안,원동기,남,27세,경상,승용,남,39세,상해없음
2015012700100453,2015년 1월 27일 20시,화요일,충청남도 논산시 취암동,중상사고,0,1,0,0,차대차 - 측면직각충돌,안전운전불이행,건조,맑음,단일로 - 기타,원동기,남,17세,중상,승용,남,34세,상해없음
2015012700100454,2015년 1월 27일 20시,화요일,충청남도 아산시 풍기동,경상사고,0,0,2,0,차대차 - 기타,안전운전불이행,건조,맑음,교차로 - 교차로안,승용,여,44세,상해없음,승용,남,28세,경상
2015012700100481,2015년 1월 27일 21시,화요일,충청남도 아산시 용화동,중상사고,0,1,0,0,차대사람 - 횡단중,보행자보호의무위반,건조,맑음,교차로 - 교차로안,승용,여,43세,상해없음,보행자,남,59세,중상
2015012700100518,2015년 1월 27일 23시,화요일,충청남도 천안시 서북구 성거읍,사망사고,1,0,0,0,차대사람 - 기타,안전운전불이행,건조,맑음,단일로 - 기타,승합,남,46세,상해없음,보행자,남,50세,사망
2015012700100519,2015년 1월 27일 23시,화요일,충청남도 천안시 동남구 신부동,경상사고,0,0,3,1,차대차 - 추돌 - 진행중,안전운전불이행,건조,맑음,단일로 - 기타,승용,남,47세,부상신고,승용,남,26세,경상
2015012800100008,2015년 1월 28일 00시,수요일,충청남도 보령시 동대동,사망사고,1,0,0,0,차대사람 - 횡단중,안전운전불이행,건조,맑음,교차로 - 교차로부근,승용,남,42세,상해없음,보행자,여,49세,사망
2015012800100024,2015년 1월 28일 01시,수요일,충청남도 논산시 연산면,경상사고,0,0,1,0,차대차 - 정면충돌,안전운전불이행,건조,맑음,기타 - 기타,승용,남,30세,경상,화물,남,47세,기타불명
2015012800100031,2015년 1월 28일 02시,수요일,충청남도 태안군 근흥면,중상사고,0,1,0,0,차량단독 - 공작물충돌,안전운전불이행,결빙,맑음,단일로 - 기타,승용,남,51세,중상,,,,
2015012800100106,2015년 1월 28일 08시,수요일,충청남도 보령시 주교면,경상사고,0,0,1,0,차대차 - 정면충돌,중앙선침범,건조,맑음,교차로 - 교차로부근,승용,여,49세,상해없음,승용,남,44세,경상
2015012800100137,2015년 1월 28일 10시,수요일,충청남도 공주시 신풍면,중상사고,0,1,0,0,차대차 - 추돌 - 진행중,안전운전불이행,건조,맑음,단일로 - 기타,화물,남,40세,기타불명,농기계,남,74세,중상
2015012800100156,2015년 1월 28일 11시,수요일,충청남도 논산시 가야곡면,경상사고,0,0,1,0,차대차 - 추돌 - 진행중,기타,건조,맑음,단일로 - 기타,화물,기타불명,기타불명,기타불명,이륜,남,75세,경상
2015012800100157,2015년 1월 28일 11시,수요일,충청남도 논산시 연산면,중상사고,0,1,1,0,차대차 - 측면직각충돌,안전운전불이행,건조,맑음,교차로 - 교차로안,승용,남,67세,경상,승용,남,51세,중상
2015012800100182,2015년 1월 28일 12시,수요일,충청남도 공주시 정안면,경상사고,0,0,1,0,차대차 - 기타,과속,건조,맑음,단일로 - 기타,승용,남,19세,기타불명,화물,남,51세,상해없음
2015012800100229,2015년 1월 28일 14시,수요일,충청남도 천안시 동남구 원성동,경상사고,0,0,2,0,차대차 - 추돌 - 진행중,안전운전불이행,건조,맑음,단일로 - 기타,승용,남,59세,상해없음,승용,남,62세,경상
2015012800100249,2015년 1월 28일 15시,수요일,충청남도 부여군 부여읍,중상사고,0,2,0,0,차대차 - 측면직각충돌,안전거리미확보,건조,맑음,단일로 - 기타,승용,남,18세,상해없음,승용,남,59세,중상
2015012800100301,2015년 1월 28일 17시,수요일,충청남도 천안시 서북구 성환읍,경상사고,0,0,2,0,차대차 - 추돌 - 주정차중,안전운전불이행,건조,맑음,단일로 - 기타,승용,여,61세,상해없음,승용,남,29세,경상
2015012800100342,2015년 1월 28일 18시,수요일,충청남도 아산시 탕정면,경상사고,0,0,1,0,차대차 - 측면직각충돌,신호위반,건조,맑음,교차로 - 교차로안,승용,남,43세,경상,승용,남,49세,상해없음
2015012800100343,2015년 1월 28일 18시,수요일,충청남도 공주시 반포면,경상사고,0,0,1,0,차대차 - 추돌 - 주정차중,안전운전불이행,건조,맑음,교차로 - 교차로부근,승용,남,40세,상해없음,승용,여,58세,경상
2015012800100344,2015년 1월 28일 18시,수요일,충청남도 공주시 산성동,중상사고,0,1,0,0,차대사람 - 차도통행중,안전운전불이행,건조,맑음,단일로 - 기타,화물,남,56세,상해없음,보행자,여,46세,중상
2015012800100381,2015년 1월 28일 19시,수요일,충청남도 서천군 장항읍,중상사고,0,1,0,0,차대사람 - 기타,안전운전불이행,건조,맑음,교차로 - 교차로안,승용,남,37세,상해없음,보행자,여,62세,중상
2015012800100398,2015년 1월 28일 20시,수요일,충청남도 계룡시 금암동,경상사고,0,0,1,0,차대사람 - 기타,안전운전불이행,건조,맑음,단일로 - 기타,승용,남,40세,상해없음,보행자,여,36세,경상
2015012800100453,2015년 1월 28일 22시,수요일,충청남도 아산시 배방읍,경상사고,0,0,2,0,차대차 - 측면직각충돌,신호위반,건조,맑음,교차로 - 교차로안,화물,남,68세,상해없음,승용,남,27세,경상
2015012900100010,2015년 1월 29일 00시,목요일,충청남도 천안시 서북구 직산읍,경상사고,0,0,2,0,차대차 - 추돌 - 주정차중,안전운전불이행,건조,맑음,단일로 - 기타,승용,남,54세,상해없음,승용,남,25세,경상
2015012900100040,2015년 1월 29일 02시,목요일,충청남도 천안시 서북구 성정동,중상사고,0,1,1,0,차대차 - 측면직각충돌,신호위반,건조,맑음,교차로 - 교차로안,승용,여,62세,상해없음,승용,남,58세,경상
2015012900100055,2015년 1월 29일 05시,목요일,충청남도 태안군 원북면,중상사고,0,1,0,0,차대차 - 측면직각충돌,중앙선침범,건조,맑음,단일로 - 기타,화물,남,47세,기타불명,승용,여,60세,중상
2015012900100069,2015년 1월 29일 06시,목요일,충청남도 서산시 대산읍,중상사고,0,1,0,0,차대차 - 측면직각충돌,차로위반,건조,맑음,단일로 - 기타,화물,남,37세,상해없음,승용,남,40세,중상
2015012900100070,2015년 1월 29일 06시,목요일,충청남도 아산시 음봉면,경상사고,0,0,1,0,차대차 - 측면직각충돌,안전운전불이행,건조,맑음,교차로 - 교차로부근,승합,남,55세,상해없음,자전거,남,60세,경상
2015012900100071,2015년 1월 29일 06시,목요일,충청남도 서천군 마서면,중상사고,0,1,0,0,차량단독 - 기타,안전운전불이행,건조,맑음,교차로 - 교차로안,승용,남,63세,상해없음,,,,
2015012900100113,2015년 1월 29일 08시,목요일,충청남도 태안군 근흥면,중상사고,0,2,0,0,차대차 - 측면직각충돌,안전운전불이행,건조,맑음,단일로 - 기타,승용,남,60세,중상,승용,남,61세,중상
2015012900100137,2015년 1월 29일 09시,목요일,충청남도 보령시 웅천읍,중상사고,0,1,0,0,차대차 - 측면직각충돌,직진우회전진행방해,건조,맑음,교차로 - 교차로안,화물,남,56세,상해없음,화물,남,68세,중상
2015012900100152,2015년 1월 29일 10시,목요일,충청남도 예산군 고덕면,중상사고,0,2,5,0,차대차 - 추돌 - 주정차중,안전운전불이행,건조,맑음,단일로 - 기타,화물,남,61세,상해없음,승용,남,57세,중상
2015012900100171,2015년 1월 29일 11시,목요일,충청남도 천안시 동남구 청당동,중상사고,0,1,0,1,차대차 - 추돌 - 주정차중,안전거리미확보,건조,맑음,교차로 - 교차로부근,화물,남,50세,상해없음,승용,여,42세,중상
2015012900100252,2015년 1월 29일 14시,목요일,충청남도 금산군 금산읍,중상사고,0,1,1,0,차대차 - 측면직각충돌,교차로운행방법위반,습기,눈,교차로 - 교차로안,승용,남,41세,상해없음,이륜,남,77세,경상
2015012900100290,2015년 1월 29일 15시,목요일,충청남도 태안군 근흥면,중상사고,0,2,0,0,차대차 - 측면직각충돌,안전운전불이행,건조,맑음,교차로 - 교차로부근,승용,남,68세,상해없음,이륜,남,73세,중상
2015012900100386,2015년 1월 29일 18시,목요일,충청남도 아산시 배방읍,중상사고,0,1,0,0,차대차 - 측면직각충돌,신호위반,건조,맑음,교차로 - 교차로안,화물,남,44세,상해없음,승용,남,61세,중상
2015012900100387,2015년 1월 29일 18시,목요일,충청남도 보령시 웅천읍,중상사고,0,1,0,0,차대차 - 추돌 - 진행중,안전운전불이행,건조,맑음,단일로 - 기타,승용,남,64세,상해없음,승용,남,47세,중상
2015012900100388,2015년 1월 29일 18시,목요일,충청남도 당진시 대덕리,중상사고,0,1,0,0,차대차 - 측면직각충돌,중앙선침범,건조,맑음,단일로 - 기타,승용,남,24세,상해없음,이륜,남,56세,중상
2015012900100432,2015년 1월 29일 19시,목요일,충청남도 아산시 신창면,중상사고,0,1,0,0,차대사람 - 기타,안전운전불이행,건조,맑음,기타 - 기타,화물,남,29세,상해없음,보행자,남,37세,중상
2015012900100433,2015년 1월 29일 19시,목요일,충청남도 당진시 채운동,중상사고,0,1,0,0,차대사람 - 차도통행중,안전운전불이행,건조,맑음,교차로 - 교차로안,승용,남,27세,상해없음,보행자,여,55세,중상
2015012900100498,2015년 1월 29일 21시,목요일,충청남도 논산시 내동,중상사고,0,1,0,0,차대차 - 측면직각충돌,교차로운행방법위반,습기,비,교차로 - 교차로안,승용,남,31세,상해없음,이륜,남,16세,중상
2015012900100499,2015년 1월 29일 21시,목요일,충청남도 논산시 부창동,경상사고,0,0,2,0,차대차 - 추돌 - 주정차중,안전운전불이행,습기,눈,교차로 - 교차로부근,승용,여,40세,상해없음,승용,남,26세,경상
2015012900100500,2015년 1월 29일 21시,목요일,충청남도 당진시 원당리,경상사고,0,0,1,0,차대차 - 측면직각충돌,신호위반,건조,맑음,교차로 - 교차로안,승용,남,18세,상해없음,승용,남,53세,경상
2015012900100521,2015년 1월 29일 22시,목요일,충청남도 천안시 서북구 두정동,경상사고,0,0,2,0,차대차 - 추돌 - 진행중,안전운전불이행,건조,맑음,단일로 - 기타,승용,남,35세,상해없음,승용,남,25세,경상
2015012900100522,2015년 1월 29일 22시,목요일,충청남도 천안시 동남구 쌍용동,경상사고,0,0,1,1,차대차 - 추돌 - 주정차중,안전거리미확보,건조,맑음,단일로 - 기타,승용,남,55세,상해없음,승용,남,46세,경상
2015012900100557,2015년 1월 29일 23시,목요일,충청남도 아산시 탕정면,경상사고,0,0,2,0,차대차 - 추돌 - 진행중,안전운전불이행,건조,흐림,단일로 - 기타,승용,남,36세,상해없음,승용,남,48세,경상
2015013000100008,2015년 1월 30일 00시,금요일,충청남도 예산군 예산읍,중상사고,0,1,0,0,차량단독 - 공작물충돌,안전운전불이행,건조,맑음,단일로 - 기타,승용,여,41세,중상,,,,
2015013000100031,2015년 1월 30일 01시,금요일,충청남도 천안시 서북구 쌍용동,경상사고,0,0,1,0,차대차 - 추돌 - 진행중,안전운전불이행,건조,맑음,단일로 - 기타,승용,남,35세,상해없음,승용,남,44세,경상
2015013000100032,2015년 1월 30일 01시,금요일,충청남도 아산시 배방읍,중상사고,0,1,0,0,차대차 - 추돌 - 진행중,안전운전불이행,건조,맑음,단일로 - 기타,승용,남,41세,상해없음,이륜,남,55세,중상
2015013000100113,2015년 1월 30일 07시,금요일,충청남도 서산시 대산읍,중상사고,0,1,1,0,차대차 - 측면직각충돌,신호위반,건조,맑음,교차로 - 교차로안,승용,남,35세,중상,건설기계,남,62세,경상
2015013000100114,2015년 1월 30일 07시,금요일,충청남도 공주시 신관동,부상신고사고,0,0,0,1,차량단독 - 공작물충돌,안전운전불이행,건조,맑음,교차로 - 교차로안,승용,남,32세,상해없음,,,,
2015013000100197,2015년 1월 30일 10시,금요일,충청남도 천안시 서북구 두정동,경상사고,0,0,1,0,차대차 - 측면직각충돌,안전거리미확보,건조,맑음,단일로 - 기타,승용,남,27세,상해없음,승용,남,39세,경상
2015013000100198,2015년 1월 30일 10시,금요일,충청남도 아산시 인주면,중상사고,0,1,0,0,차대차 - 기타,직진우회전진행방해,건조,맑음,교차로 - 교차로안,화물,남,39세,상해없음,승용,남,28세,중상
2015013000100232,2015년 1월 30일 11시,금요일,충청남도 천안시 서북구 두정동,경상사고,0,0,2,0,차대차 - 측면직각충돌,안전운전불이행,건조,맑음,교차로 - 교차로안,승용,남,34세,상해없음,승용,남,24세,경상
2015013000100291,2015년 1월 30일 14시,금요일,충청남도 태안군 태안읍,중상사고,0,3,2,0,차대차 - 기타,교차로운행방법위반,건조,맑음,교차로 - 교차로부근,화물,남,58세,상해없음,승용,남,22세,상해없음
2015013000100323,2015년 1월 30일 15시,금요일,충청남도 홍성군 홍북면,경상사고,0,0,1,0,차대차 - 측면직각충돌,안전거리미확보,건조,맑음,단일로 - 기타,화물,남,58세,상해없음,승용,여,49세,경상
2015013000100324,2015년 1월 30일 15시,금요일,충청남도 당진시 송악읍,경상사고,0,0,2,0,차대차 - 측면직각충돌,교차로운행방법위반,건조,맑음,교차로 - 교차로안,승용,남,27세,기타불명,승용,남,33세,경상
2015013000100355,2015년 1월 30일 16시,금요일,충청남도 홍성군 은하면,중상사고,0,1,0,0,차대차 - 추돌 - 진행중,안전운전불이행,건조,맑음,단일로 - 기타,승용,여,57세,상해없음,농기계,남,72세,중상
2015013000100386,2015년 1월 30일 17시,금요일,충청남도 태안군 원북면,중상사고,0,1,3,0,차대차 - 정면충돌,안전운전불이행,건조,맑음,단일로 - 기타,승용,남,45세,중상,승합,남,51세,경상
2015013000100473,2015년 1월 30일 19시,금요일,충청남도 서산시 부석면,중상사고,0,1,0,0,차량단독 - 도로외이탈 - 기타,안전운전불이행,건조,맑음,단일로 - 기타,이륜,남,66세,중상,,,,
2015013000100474,2015년 1월 30일 19시,금요일,충청남도 천안시 서북구 불당동,경상사고,0,0,2,0,차대차 - 기타,신호위반,건조,맑음,교차로 - 교차로안,승용,남,46세,상해없음,승용,남,32세,경상
2015013000100548,2015년 1월 30일 21시,금요일,충청남도 천안시 서북구 불당동,경상사고,0,0,1,0,차대차 - 기타,안전거리미확보,건조,맑음,단일로 - 기타,승용,남,35세,상해없음,승용,남,62세,상해없음
2015013000100549,2015년 1월 30일 21시,금요일,충청남도 논산시 연무읍,중상사고,0,1,0,0,차대사람 - 횡단중,안전운전불이행,건조,맑음,교차로 - 교차로안,승용,남,48세,상해없음,보행자,남,46세,중상
2015013000100587,2015년 1월 30일 22시,금요일,충청남도 당진시 읍내리,경상사고,0,0,3,0,차대차 - 측면직각충돌,교차로운행방법위반,건조,맑음,교차로 - 교차로안,승용,남,27세,경상,승용,여,51세,경상
2015013000100615,2015년 1월 30일 23시,금요일,충청남도 홍성군 구항면,경상사고,0,0,4,0,차량단독 - 전도전복,안전운전불이행,건조,맑음,단일로 - 기타,승용,남,25세,상해없음,,,,
2015013100100045,2015년 1월 31일 02시,토요일,충청남도 청양군 화성면,중상사고,0,1,7,0,차대차 - 정면충돌,중앙선침범,건조,맑음,단일로 - 기타,승용,남,18세,경상,승용,남,26세,경상