사고번호,사고일시,요일,시군구,사고내용,사망자수,중상자수,경상자수,부상신고자수,사고유형,법규위반,노면상태,기상상태,도로형태,가해운전자 차종,가해운전자 성별,가해운전자 연령,가해운전자 상해정도,피해운전자 차종,피해운전자 성별,피해운전자 연령,피해운전자 상해정도
2015021000100319,2015년 2월 10일 16시,화요일,충청남도 천안시 서북구 쌍용동,경상사고,0,0,1,0,차대차 - 측면직각충돌,안전운전불이행,건조,맑음,단일로 - 기타,승용,여,58세,상해없음,승합,남,57세,경상
2015021000100320,2015년 2월 10일 16시,화요일,충청남도 예산군 신암면,경상사고,0,0,1,1,차대차 - 측면직각충돌,신호위반,건조,맑음,교차로 - 교차로안,승용,남,29세,부상신고,승용,남,56세,경상
2015021000100321,2015년 2월 10일 16시,화요일,충청남도 천안시 동남구 신방동,경상사고,0,0,2,0,차대차 - 측면직각충돌,안전운전불이행,건조,맑음,단일로 - 기타,승용,남,47세,상해없음,승용,남,32세,경상
2015021000100353,2015년 2월 10일 17시,화요일,충청남도 천안시 동남구 청수동,경상사고,0,0,1,0,차대차 - 측면직각충돌,교차로운행방법위반,건조,맑음,교차로 - 교차로안,승용,남,55세,상해없음,승용,남,41세,경상
2015021000100354,2015년 2월 10일 17시,화요일,충청남도 천안시 동남구 문화동,경상사고,0,0,1,0,차대차 - 추돌 - 주정차중,중앙선침범,건조,맑음,단일로 - 기타,승용,남,76세,상해없음,승용,여,44세,경상
2015021000100389,2015년 2월 10일 18시,화요일,충청남도 서산시 석림동,중상사고,0,2,0,0,차대차 - 측면직각충돌,교차로운행방법위반,건조,맑음,교차로 - 교차로안,승용,여,30세,중상,승용,남,51세,중상
2015021000100430,2015년 2월 10일 19시,화요일,충청남도 아산시 신창면,중상사고,0,1,0,0,차대사람 - 횡단중,안전운전불이행,건조,맑음,교차로 - 교차로부근,화물,남,52세,상해없음,보행자,남,62세,중상
2015021000100467,2015년 2월 10일 20시,화요일,충청남도 예산군 고덕면,중상사고,0,1,2,0,차대차 - 추돌 - 주정차중,안전운전불이행,건조,맑음,교차로 - 교차로부근,승용,여,49세,상해없음,승용,남,52세,중상
2015021000100495,2015년 2월 10일 21시,화요일,충청남도 천안시 서북구 성거읍,경상사고,0,0,1,0,차대사람 - 길가장자리구역통행중,안전운전불이행,건조,맑음,교차로 - 교차로안,승합,남,37세,상해없음,보행자,남,50세,경상
2015021000100535,2015년 2월 10일 22시,화요일,충청남도 천안시 서북구 성환읍,중상사고,0,1,0,0,차대차 - 정면충돌,중앙선침범,건조,맑음,단일로 - 기타,승합,남,56세,상해없음,승용,남,56세,중상
2015021000100536,2015년 2월 10일 22시,화요일,충청남도 공주시 소학동,부상신고사고,0,0,0,1,차량단독 - 공작물충돌,안전운전불이행,건조,맑음,교차로 - 교차로안,승용,남,47세,부상신고,,,,
2015021000100568,2015년 2월 10일 23시,화요일,충청남도 천안시 서북구 성정동,중상사고,0,1,0,0,차대차 - 정면충돌,신호위반,건조,맑음,교차로 - 교차로안,승용,남,48세,상해없음,원동기,남,46세,중상
2015021000100569,2015년 2월 10일 23시,화요일,충청남도 당진시 송산면,경상사고,0,0,1,0,차대차 - 측면직각충돌,교차로운행방법위반,건조,흐림,교차로 - 교차로안,화물,남,49세,상해없음,승용,남,28세,경상
2015021100100026,2015년 2월 11일 01시,수요일,충청남도 예산군 예산읍,부상신고사고,0,0,0,1,차량단독 - 공작물충돌,안전운전불이행,건조,맑음,교차로 - 교차로안,승용,남,34세,부상신고,,,,
2015021100100096,2015년 2월 11일 07시,수요일,충청남도 천안시 동남구 광덕면,경상사고,0,0,2,0,차대차 - 정면충돌,안전운전불이행,건조,맑음,교차로 - 교차로안,승용,여,44세,상해없음,승용,남,53세,경상
2015021100100133,2015년 2월 11일 08시,수요일,충청남도 당진시 석문면,경상사고,0,0,3,1,차대차 - 정면충돌,중앙선침범,습기,안개,단일로 - 기타,화물,남,37세,상해없음,승합,남,70세,경상
2015021100100165,2015년 2월 11일 09시,수요일,충청남도 천안시 서북구 성환읍,중상사고,0,1,0,0,차대차 - 기타,안전거리미확보,건조,맑음,단일로 - 기타,화물,남,51세,상해없음,승용,여,45세,중상
2015021100100166,2015년 2월 11일 09시,수요일,충청남도 공주시 이인면,중상사고,0,1,0,0,차대차 - 추돌 - 주정차중,안전운전불이행,건조,맑음,단일로 - 기타,화물,남,32세,상해없음,승합,남,49세,상해없음
2015021100100210,2015년 2월 11일 10시,수요일,충청남도 보령시 대천동,중상사고,0,2,1,0,차대차 - 기타,기타,건조,맑음,교차로 - 교차로안,승용,여,61세,상해없음,화물,남,70세,중상
2015021100100211,2015년 2월 11일 10시,수요일,충청남도 천안시 동남구 광덕면,중상사고,0,1,0,0,차대사람 - 횡단중,안전운전불이행,건조,맑음,단일로 - 기타,이륜,남,75세,상해없음,보행자,남,58세,중상
2015021100100259,2015년 2월 11일 12시,수요일,충청남도 논산시 연무읍,경상사고,0,0,2,0,차대차 - 추돌 - 진행중,안전운전불이행,건조,맑음,교차로 - 교차로부근,화물,남,40세,상해없음,이륜,남,84세,경상
2015021100100260,2015년 2월 11일 12시,수요일,충청남도 홍성군 장곡면,사망사고,1,0,0,0,차량단독 - 기타,안전운전불이행,건조,맑음,단일로 - 기타,원동기,남,81세,사망,,,,
2015021100100261,2015년 2월 11일 12시,수요일,충청남도 아산시 염치읍,중상사고,0,1,0,0,차량단독 - 공작물충돌,안전운전불이행,건조,맑음,기타 - 기타,화물,남,41세,중상,,,,
2015021100100284,2015년 2월 11일 13시,수요일,충청남도 태안군 태안읍,경상사고,0,0,1,0,차대차 - 추돌 - 주정차중,안전운전불이행,건조,맑음,단일로 - 기타,건설기계,남,52세,상해없음,승용,남,43세,경상
2015021100100308,2015년 2월 11일 14시,수요일,충청남도 논산시 부창동,경상사고,0,0,1,0,차대사람 - 차도통행중,안전운전불이행,건조,맑음,단일로 - 기타,승용,남,71세,상해없음,보행자,남,9세,경상
2015021100100342,2015년 2월 11일 15시,수요일,충청남도 아산시 둔포면,경상사고,0,0,1,0,차대차 - 측면직각충돌,신호위반,건조,맑음,교차로 - 교차로부근,승용,남,51세,상해없음,승용,여,44세,경상
2015021100100343,2015년 2월 11일 15시,수요일,충청남도 공주시 옥룡동,중상사고,0,1,0,0,차량단독 - 기타,기타,건조,맑음,교차로 - 교차로부근,승합,남,58세,상해없음,,,,
2015021100100373,2015년 2월 11일 16시,수요일,충청남도 논산시 연산면,경상사고,0,0,1,0,차대차 - 측면직각충돌,교차로운행방법위반,건조,맑음,교차로 - 교차로안,승용,남,38세,상해없음,승용,남,50세,상해없음
2015021100100374,2015년 2월 11일 16시,수요일,충청남도 논산시 취암동,경상사고,0,0,1,0,차대사람 - 길가장자리구역통행중,안전운전불이행,건조,맑음,단일로 - 기타,승용,기타불명,기타불명,기타불명,보행자,여,53세,경상
2015021100100395,2015년 2월 11일 17시,수요일,충청남도 서산시 해미면,경상사고,0,0,1,0,차대차 - 측면직각충돌,차로위반,건조,맑음,단일로 - 기타,화물,남,44세,상해없음,승용,여,44세,경상
2015021100100435,2015년 2월 11일 18시,수요일,충청남도 계룡시 금암동,경상사고,0,0,1,0,차대차 - 측면직각충돌,안전운전불이행,건조,맑음,교차로 - 교차로부근,승용,남,19세,상해없음,승용,여,39세,경상
2015021100100436,2015년 2월 11일 18시,수요일,충청남도 예산군 예산읍,경상사고,0,0,1,0,차대차 - 측면직각충돌,직진우회전진행방해,건조,맑음,교차로 - 교차로안,승용,남,58세,상해없음,승용,남,60세,상해없음
2015021100100515,2015년 2월 11일 20시,수요일,충청남도 당진시 신평면,경상사고,0,0,1,0,차대사람 - 횡단중,신호위반,건조,맑음,단일로 - 기타,승용,여,24세,상해없음,보행자,남,15세,경상
2015021100100545,2015년 2월 11일 21시,수요일,충청남도 천안시 동남구 신부동,경상사고,0,0,2,0,차대차 - 기타,안전운전불이행,건조,맑음,단일로 - 기타,승용,남,58세,상해없음,승용,남,33세,경상
2015021200100010,2015년 2월 12일 00시,목요일,충청남도 아산시 신창면,중상사고,0,1,3,0,차대차 - 측면직각충돌,신호위반,건조,맑음,교차로 - 교차로안,승용,남,25세,상해없음,승용,남,23세,중상
2015021200100078,2015년 2월 12일 07시,목요일,충청남도 예산군 삽교읍,중상사고,0,1,2,0,차대차 - 측면직각충돌,직진우회전진행방해,건조,맑음,교차로 - 교차로안,승용,남,53세,중상,승용,여,49세,경상
2015021200100108,2015년 2월 12일 08시,목요일,충청남도 서산시 예천동,중상사고,0,1,0,0,차대차 - 측면직각충돌,안전운전불이행,건조,맑음,교차로 - 교차로부근,승용,여,35세,상해없음,이륜,남,49세,중상
2015021200100142,2015년 2월 12일 09시,목요일,충청남도 천안시 서북구 성정동,중상사고,0,1,0,1,차대차 - 측면직각충돌,안전운전불이행,건조,맑음,단일로 - 기타,승용,남,56세,상해없음,승용,남,63세,중상
2015021200100174,2015년 2월 12일 10시,목요일,충청남도 당진시 송악읍,경상사고,0,0,1,0,차대차 - 정면충돌,안전운전불이행,건조,맑음,교차로 - 교차로안,승용,여,31세,상해없음,승용,여,46세,경상
2015021200100212,2015년 2월 12일 11시,목요일,충청남도 서산시 운산면,중상사고,0,1,0,0,차대차 - 측면직각충돌,안전운전불이행,건조,맑음,교차로 - 교차로부근,화물,남,54세,상해없음,원동기,남,70세,중상
2015021200100272,2015년 2월 12일 13시,목요일,충청남도 청양군 청양읍,경상사고,0,0,1,0,차대사람 - 보도통행중,안전운전불이행,건조,맑음,단일로 - 기타,승용,남,78세,상해없음,보행자,남,62세,경상
2015021200100307,2015년 2월 12일 14시,목요일,충청남도 당진시 정미면,중상사고,0,1,0,0,차대차 - 추돌 - 진행중,안전운전불이행,건조,맑음,단일로 - 기타,건설기계,남,67세,기타불명,화물,남,26세,중상
2015021200100308,2015년 2월 12일 14시,목요일,충청남도 당진시 송악읍,경상사고,0,0,1,0,차대차 - 측면직각충돌,안전운전불이행,건조,맑음,단일로 - 기타,화물,남,49세,상해없음,승용,남,39세,상해없음
2015021200100339,2015년 2월 12일 15시,목요일,충청남도 공주시 신관동,중상사고,0,1,0,0,차대차 - 추돌 - 진행중,안전운전불이행,건조,맑음,교차로 - 교차로부근,승용,남,45세,상해없음,승용,여,59세,중상
2015021200100340,2015년 2월 12일 15시,목요일,충청남도 당진시 읍내리,중상사고,0,1,0,0,차대사람 - 길가장자리구역통행중,안전운전불이행,건조,맑음,교차로 - 교차로부근,승용,남,58세,상해없음,보행자,여,37세,중상
2015021200100341,2015년 2월 12일 15시,목요일,충청남도 천안시 동남구 삼룡동,경상사고,0,0,1,0,차대차 - 추돌 - 주정차중,안전운전불이행,건조,맑음,단일로 - 기타,화물,남,54세,상해없음,승합,남,41세,경상
2015021200100377,2015년 2월 12일 16시,목요일,충청남도 서산시 동문동,중상사고,0,1,0,0,차대사람 - 보도통행중,보행자보호의무위반,건조,맑음,단일로 - 기타,승합,남,61세,상해없음,보행자,남,8세,중상
2015021200100378,2015년 2월 12일 16시,목요일,충청남도 보령시 주포면,중상사고,0,1,0,0,차대차 - 추돌 - 진행중,안전운전불이행,건조,맑음,단일로 - 기타,승용,남,32세,상해없음,농기계,남,78세,중상
2015021200100440,2015년 2월 12일 18시,목요일,충청남도 홍성군 홍성읍,중상사고,0,1,0,0,차대차 - 정면충돌,안전운전불이행,건조,맑음,단일로 - 기타,화물,남,39세,상해없음,이륜,남,58세,중상
2015021200100441,2015년 2월 12일 18시,목요일,충청남도 아산시 온천동,중상사고,0,1,0,0,차대사람 - 기타,안전운전불이행,건조,맑음,단일로 - 기타,승용,남,35세,상해없음,보행자,여,77세,중상
2015021200100481,2015년 2월 12일 19시,목요일,충청남도 천안시 동남구 대흥동,경상사고,0,0,1,0,차대차 - 추돌 - 진행중,안전운전불이행,건조,맑음,교차로 - 교차로부근,승용,여,57세,상해없음,승용,남,38세,경상
2015021200100517,2015년 2월 12일 20시,목요일,충청남도 서산시 동문동,경상사고,0,0,1,0,차대차 - 추돌 - 진행중,안전운전불이행,건조,맑음,교차로 - 교차로부근,승용,남,43세,상해없음,승용,여,43세,경상
2015021200100518,2015년 2월 12일 20시,목요일,충청남도 서천군 장항읍,중상사고,0,1,0,0,차대사람 - 기타,안전운전불이행,건조,맑음,교차로 - 교차로안,승용,남,72세,상해없음,보행자,남,63세,중상
2015021200100575,2015년 2월 12일 22시,목요일,충청남도 천안시 동남구 영성동,중상사고,0,1,0,0,차대사람 - 횡단중,보행자보호의무위반,건조,맑음,단일로 - 기타,승용,남,34세,상해없음,보행자,남,48세,중상
2015021200100576,2015년 2월 12일 22시,목요일,충청남도 천안시 동남구 신방동,경상사고,0,0,1,0,차대차 - 측면직각충돌,신호위반,건조,맑음,교차로 - 교차로안,승용,남,38세,상해없음,승용,여,51세,경상
2015021300100059,2015년 2월 13일 04시,금요일,충청남도 보령시 대천동,경상사고,0,0,1,0,차대차 - 기타,중앙선침범,건조,맑음,단일로 - 기타,승용,남,34세,상해없음,원동기,남,34세,기타불명
2015021300100085,2015년 2월 13일 06시,금요일,충청남도 당진시 석문면,경상사고,0,0,1,0,차대차 - 추돌 - 진행중,중앙선침범,건조,맑음,단일로 - 기타,화물,남,54세,상해없음,승용,남,57세,경상
2015021300100108,2015년 2월 13일 07시,금요일,충청남도 서천군 서천읍,경상사고,0,0,1,0,차대차 - 기타,직진우회전진행방해,건조,맑음,교차로 - 교차로안,승용,남,51세,상해없음,승용,남,67세,경상
2015021300100109,2015년 2월 13일 07시,금요일,충청남도 예산군 대술면,중상사고,0,7,3,0,차량단독 - 공작물충돌,안전운전불이행,건조,맑음,교차로 - 교차로안,승합,남,56세,중상,,,,
2015021300100133,2015년 2월 13일 08시,금요일,충청남도 보령시 남포면,중상사고,0,2,0,0,차량단독 - 공작물충돌,안전운전불이행,건조,맑음,단일로 - 기타,승용,여,37세,중상,,,,
2015021300100134,2015년 2월 13일 08시,금요일,충청남도 천안시 동남구 용곡동,중상사고,0,1,0,0,차대사람 - 길가장자리구역통행중,안전운전불이행,건조,맑음,단일로 - 기타,화물,남,44세,상해없음,보행자,남,70세,중상
2015021300100161,2015년 2월 13일 09시,금요일,충청남도 태안군 태안읍,경상사고,0,0,1,0,차대사람 - 기타,교차로운행방법위반,건조,맑음,교차로 - 교차로안,승용,여,33세,상해없음,보행자,여,77세,경상
2015021300100162,2015년 2월 13일 09시,금요일,충청남도 천안시 동남구 사직동,중상사고,0,1,1,0,차대사람 - 기타,안전운전불이행,건조,맑음,단일로 - 기타,승용,여,60세,상해없음,보행자,여,69세,중상
2015021300100201,2015년 2월 13일 10시,금요일,충청남도 서천군 서천읍,경상사고,0,0,2,0,차대차 - 기타,직진우회전진행방해,건조,맑음,교차로 - 교차로안,승합,남,54세,상해없음,화물,남,62세,경상
2015021300100202,2015년 2월 13일 10시,금요일,충청남도 예산군 예산읍,중상사고,0,1,1,0,차대차 - 기타,교차로운행방법위반,건조,맑음,교차로 - 교차로안,화물,남,40세,상해없음,화물,남,32세,중상
2015021300100234,2015년 2월 13일 11시,금요일,충청남도 논산시 취암동,중상사고,0,1,0,0,차대사람 - 횡단중,안전운전불이행,건조,맑음,단일로 - 횡단보도부근,승용,남,52세,상해없음,보행자,남,17세,중상
2015021300100344,2015년 2월 13일 14시,금요일,충청남도 예산군 대술면,중상사고,0,1,1,0,차량단독 - 도로외이탈 - 기타,안전운전불이행,건조,맑음,단일로 - 기타,화물,남,63세,경상,,,,
2015021300100367,2015년 2월 13일 15시,금요일,충청남도 천안시 동남구 풍세면,중상사고,0,1,0,0,차대차 - 추돌 - 주정차중,안전거리미확보,건조,맑음,단일로 - 기타,화물,남,53세,상해없음,승용,남,35세,중상
2015021300100368,2015년 2월 13일 15시,금요일,충청남도 천안시 동남구 광덕면,경상사고,0,0,3,0,차대차 - 추돌 - 진행중,안전거리미확보,건조,맑음,단일로 - 기타,승용,남,19세,상해없음,승용,남,43세,경상
2015021300100400,2015년 2월 13일 16시,금요일,충청남도 태안군 남면,중상사고,0,1,0,0,차대차 - 추돌 - 진행중,안전운전불이행,건조,맑음,단일로 - 기타,승용,남,32세,상해없음,농기계,남,78세,중상
2015021300100401,2015년 2월 13일 16시,금요일,충청남도 천안시 동남구 목천읍,경상사고,0,0,2,0,차대차 - 측면직각충돌,안전운전불이행,건조,맑음,교차로 - 교차로안,승용,남,62세,상해없음,화물,남,56세,경상
2015021300100442,2015년 2월 13일 17시,금요일,충청남도 논산시 광석면,경상사고,0,0,4,0,차대차 - 추돌 - 진행중,안전운전불이행,건조,맑음,단일로 - 기타,승용,남,35세,경상,화물,남,57세,상해없음
2015021300100572,2015년 2월 13일 20시,금요일,충청남도 논산시 부적면,중상사고,0,1,0,0,차량단독 - 전도전복,안전운전불이행,건조,맑음,단일로 - 기타,이륜,남,52세,중상,,,,
2015021300100573,2015년 2월 13일 20시,금요일,충청남도 아산시 용화동,경상사고,0,0,1,0,차대차 - 측면직각충돌,안전운전불이행,건조,맑음,단일로 - 기타,이륜,남,16세,상해없음,이륜,남,43세,경상
2015021300100594,2015년 2월 13일 21시,금요일,충청남도 태안군 이원면,중상사고,0,1,0,0,차대사람 - 차도통행중,안전운전불이행,건조,맑음,단일로 - 기타,승용,여,44세,상해없음,보행자,남,67세,중상
2015021300100595,2015년 2월 13일 21시,금요일,충청남도 천안시 서북구 차암동,경상사고,0,0,2,0,차대사람 - 보도통행중,안전운전불이행,건조,맑음,단일로 - 기타,승용,남,38세,상해없음,보행자,여,19세,경상
2015021300100596,2015년 2월 13일 21시,금요일,충청남도 청양군 청양읍,경상사고,0,0,1,0,차대차 - 추돌 - 주정차중,기타,건조,맑음,교차로 - 교차로부근,화물,남,33세,상해없음,승용,남,49세,상해없음
2015021300100631,2015년 2월 13일 22시,금요일,충청남도 당진시 송산면,경상사고,0,0,1,1,차대사람 - 차도통행중,안전운전불이행,기타,기타,기타 - 기타,승용,남,56세,부상신고,보행자,남,58세,경상
2015021300100632,2015년 2월 13일 22시,금요일,충청남도 천안시 동남구 봉명동,중상사고,0,1,0,0,차대차 - 측면직각충돌,중앙선침범,건조,맑음,단일로 - 기타,승용,남,24세,상해없음,이륜,남,31세,중상
2015021300100670,2015년 2월 13일 23시,금요일,충청남도 아산시 도고면,경상사고,0,0,1,0,차대차 - 측면직각충돌,중앙선침범,건조,맑음,기타 - 기타,승용,남,29세,상해없음,승용,남,61세,경상
2015021300100671,2015년 2월 13일 23시,금요일,충청남도 당진시 송악읍,경상사고,0,0,1,0,차대사람 - 기타,안전운전불이행,기타,맑음,교차로 - 교차로안,승용,남,46세,상해없음,보행자,남,34세,경상
2015021400100026,2015년 2월 14일 00시,토요일,충청남도 천안시 서북구 백석동,경상사고,0,0,1,0,차대차 - 측면직각충돌,안전운전불이행,건조,맑음,교차로 - 교차로안,승용,남,32세,상해없음,승용,여,23세,경상
2015021400100052,2015년 2월 14일 01시,토요일,충청남도 당진시 수청리,중상사고,0,1,0,0,차대차 - 측면직각충돌,중앙선침범,건조,맑음,교차로 - 교차로안,승용,남,43세,상해없음,승용,남,31세,중상
2015021400100112,2015년 2월 14일 05시,토요일,충청남도 공주시 검상동,경상사고,0,0,1,0,차량단독 - 공작물충돌,안전운전불이행,습기,맑음,단일로 - 교량,화물,남,49세,경상,,,,
2015021400100132,2015년 2월 14일 06시,토요일,충청남도 아산시 둔포면,중상사고,0,1,0,0,차대사람 - 횡단중,안전운전불이행,건조,맑음,단일로 - 기타,건설기계,남,53세,상해없음,보행자,남,49세,중상
2015021400100184,2015년 2월 14일 09시,토요일,충청남도 아산시 배방읍,경상사고,0,0,1,0,차대차 - 측면직각충돌,신호위반,건조,맑음,교차로 - 교차로안,화물,남,58세,상해없음,승용,남,24세,경상
2015021400100212,2015년 2월 14일 10시,토요일,충청남도 태안군 태안읍,경상사고,0,0,2,0,차대차 - 기타,안전운전불이행,건조,맑음,단일로 - 기타,화물,남,68세,경상,승용,남,60세,상해없음
2015021400100213,2015년 2월 14일 10시,토요일,충청남도 예산군 예산읍,경상사고,0,0,1,0,차대차 - 기타,안전운전불이행,건조,맑음,교차로 - 교차로안,승용,여,59세,상해없음,화물,남,70세,경상
2015021400100239,2015년 2월 14일 11시,토요일,충청남도 홍성군 광천읍,경상사고,0,0,4,0,차대차 - 추돌 - 진행중,안전운전불이행,건조,흐림,단일로 - 기타,화물,남,51세,상해없음,승용,여,60세,상해없음
2015021400100305,2015년 2월 14일 13시,토요일,충청남도 태안군 원북면,중상사고,0,1,0,0,차대차 - 기타,기타,건조,맑음,단일로 - 기타,건설기계,남,43세,상해없음,원동기,남,76세,중상
2015021400100334,2015년 2월 14일 14시,토요일,충청남도 천안시 서북구 쌍용동,경상사고,0,0,1,0,차대차 - 추돌 - 주정차중,안전운전불이행,건조,맑음,교차로 - 교차로부근,승용,남,26세,기타불명,승용,남,42세,경상
2015021400100422,2015년 2월 14일 17시,토요일,충청남도 당진시 합덕읍,경상사고,0,0,1,0,차대차 - 추돌 - 진행중,중앙선침범,건조,맑음,기타 - 기타,승용,남,39세,상해없음,승용,남,46세,경상
2015021400100423,2015년 2월 14일 17시,토요일,충청남도 천안시 동남구 신방동,중상사고,0,1,0,0,차대차 - 정면충돌,교차로운행방법위반,건조,맑음,교차로 - 교차로안,승용,여,41세,상해없음,이륜,남,49세,중상
2015021400100459,2015년 2월 14일 18시,토요일,충청남도 서산시 동문동,경상사고,0,0,1,0,차대차 - 기타,안전운전불이행,건조,맑음,교차로 - 교차로안,승용,남,42세,상해없음,자전거,남,65세,경상
2015021400100460,2015년 2월 14일 18시,토요일,충청남도 천안시 서북구 직산읍,경상사고,0,0,1,0,차대차 - 측면직각충돌,안전운전불이행,건조,맑음,교차로 - 교차로안,승용,남,24세,상해없음,승용,남,32세,경상
2015021400100495,2015년 2월 14일 19시,토요일,충청남도 천안시 서북구 직산읍,경상사고,0,0,6,0,차대차 - 추돌 - 주정차중,안전거리미확보,건조,맑음,교차로 - 교차로부근,승용,남,53세,상해없음,승용,남,33세,경상
2015021400100496,2015년 2월 14일 19시,토요일,충청남도 홍성군 홍성읍,중상사고,0,1,0,0,차대사람 - 차도통행중,안전운전불이행,건조,흐림,교차로 - 교차로안,화물,남,55세,상해없음,보행자,남,73세,중상
2015021400100529,2015년 2월 14일 20시,토요일,충청남도 홍성군 홍성읍,경상사고,0,0,1,0,차대차 - 측면직각충돌,교차로운행방법위반,건조,맑음,교차로 - 교차로안,승용,여,24세,경상,승용,남,33세,상해없음
2015021400100530,2015년 2월 14일 20시,토요일,충청남도 천안시 동남구 신방동,경상사고,0,0,1,0,차대차 - 추돌 - 진행중,안전운전불이행,건조,맑음,단일로 - 기타,화물,남,47세,상해없음,승용,여,35세,경상
2015021400100566,2015년 2월 14일 21시,토요일,충청남도 천안시 서북구 성정동,경상사고,0,0,1,0,차대차 - 측면직각충돌,기타,건조,맑음,교차로 - 교차로부근,승용,남,45세,상해없음,자전거,여,44세,경상
2015021400100608,2015년 2월 14일 22시,토요일,충청남도 공주시 옥룡동,경상사고,0,0,2,0,차대차 - 추돌 - 진행중,안전운전불이행,건조,맑음,단일로 - 기타,승용,남,31세,상해없음,승용,남,40세,상해없음
2015021500100055,2015년 2월 15일 03시,일요일,충청남도 서산시 팔봉면,부상신고사고,0,0,0,1,차대차 - 기타,안전운전불이행,건조,맑음,단일로 - 기타,화물,남,34세,부상신고,승용,남,36세,상해없음
2015021500100069,2015년 2월 15일 04시,일요일,충청남도 천안시 서북구 성정동,경상사고,0,0,1,0,차대사람 - 횡단중,안전운전불이행,건조,맑음,교차로 - 교차로부근,승용,남,58세,상해없음,보행자,남,27세,경상
2015021500100162,2015년 2월 15일 10시,일요일,충청남도 당진시 채운동,경상사고,0,0,1,0,차대사람 - 보도통행중,안전운전불이행,건조,맑음,단일로 - 횡단보도부근,이륜,남,43세,상해없음,보행자,여,41세,경상
2015021500100163,2015년 2월 15일 10시,일요일,충청남도 천안시 동남구 성황동,경상사고,0,0,1,0,차대사람 - 횡단중,안전운전불이행,건조,맑음,단일로 - 기타,승용,남,61세,상해없음,보행자,여,43세,경상
2015021500100230,2015년 2월 15일 14시,일요일,충청남도 홍성군 홍북면,경상사고,0,0,1,0,차대차 - 추돌 - 주정차중,안전운전불이행,건조,흐림,단일로 - 기타,화물,남,66세,상해없음,승합,여,36세,경상
2015021500100231,2015년 2월 15일 14시,일요일,충청남도 보령시 주교면,중상사고,0,1,0,0,차대차 - 정면충돌,안전운전불이행,건조,흐림,단일로 - 기타,화물,남,71세,중상,건설기계,남,39세,상해없음
2015021500100281,2015년 2월 15일 16시,일요일,충청남도 아산시 둔포면,경상사고,0,0,1,0,차대차 - 추돌 - 진행중,안전운전불이행,건조,흐림,단일로 - 기타,승용,남,25세,상해없음,화물,남,65세,경상
2015021500100282,2015년 2월 15일 16시,일요일,충청남도 아산시 방축동,경상사고,0,0,2,0,차대차 - 추돌 - 진행중,안전운전불이행,건조,흐림,교차로 - 교차로안,승합,남,48세,상해없음,승용,남,48세,경상
2015021500100333,2015년 2월 15일 18시,일요일,충청남도 논산시 취암동,경상사고,0,0,1,0,차대차 - 측면직각충돌,신호위반,습기,비,교차로 - 교차로안,승용,남,49세,상해없음,화물,남,48세,상해없음
2015021500100369,2015년 2월 15일 19시,일요일,충청남도 아산시 권곡동,중상사고,0,1,0,0,차대차 - 측면직각충돌,교차로운행방법위반,건조,맑음,교차로 - 교차로안,승합,남,41세,상해없음,원동기,남,46세,중상
2015021500100428,2015년 2월 15일 21시,일요일,충청남도 아산시 둔포면,중상사고,0,2,0,0,차대차 - 정면충돌,중앙선침범,습기,비,단일로 - 기타,승용,남,49세,중상,화물,남,51세,상해없음
2015021500100450,2015년 2월 15일 22시,일요일,충청남도 천안시 서북구 차암동,중상사고,0,1,0,0,차대차 - 기타,신호위반,건조,맑음,교차로 - 교차로안,건설기계,남,60세,상해없음,승용,남,52세,중상
2015021500100469,2015년 2월 15일 23시,일요일,충청남도 아산시 용화동,경상사고,0,0,1,0,차대차 - 기타,안전운전불이행,습기,비,단일로 - 기타,승합,남,59세,상해없음,승용,여,36세,경상
2015021600100010,2015년 2월 16일 00시,월요일,충청남도 천안시 서북구 두정동,경상사고,0,0,1,0,차대차 - 기타,중앙선침범,습기,비,교차로 - 교차로안,승용,남,28세,상해없음,승용,여,34세,경상
2015021600100011,2015년 2월 16일 00시,월요일,충청남도 아산시 온천동,경상사고,0,0,2,0,차대차 - 측면직각충돌,교차로운행방법위반,습기,비,교차로 - 교차로안,승용,남,36세,경상,승용,남,47세,경상
2015021600100029,2015년 2월 16일 01시,월요일,충청남도 천안시 서북구 두정동,경상사고,0,0,1,0,차대사람 - 기타,안전운전불이행,습기,비,교차로 - 교차로부근,승용,남,21세,상해없음,보행자,남,25세,경상
2015021600100053,2015년 2월 16일 04시,월요일,충청남도 천안시 서북구 성정동,경상사고,0,0,2,0,차대차 - 추돌 - 주정차중,안전운전불이행,습기,비,단일로 - 기타,승용,여,36세,상해없음,승용,남,36세,상해없음
2015021600100069,2015년 2월 16일 05시,월요일,충청남도 천안시 서북구 두정동,경상사고,0,0,3,0,차대차 - 정면충돌,안전운전불이행,습기,비,단일로 - 기타,승용,남,25세,상해없음,승용,남,18세,경상
2015021600100113,2015년 2월 16일 07시,월요일,충청남도 논산시 내동,중상사고,0,1,1,0,차대차 - 추돌 - 주정차중,안전운전불이행,습기,비,교차로 - 교차로부근,승용,남,22세,상해없음,승용,남,71세,중상
2015021600100114,2015년 2월 16일 07시,월요일,충청남도 공주시 신관동,경상사고,0,0,1,0,차대사람 - 횡단중,보행자보호의무위반,습기,비,교차로 - 교차로안,이륜,남,72세,기타불명,보행자,여,55세,경상