사고번호,사고일시,요일,시군구,사고내용,사망자수,중상자수,경상자수,부상신고자수,사고유형,법규위반,노면상태,기상상태,도로형태,가해운전자 차종,가해운전자 성별,가해운전자 연령,가해운전자 상해정도,피해운전자 차종,피해운전자 성별,피해운전자 연령,피해운전자 상해정도
2015021600100207,2015년 2월 16일 10시,월요일,충청남도 태안군 안면읍,경상사고,0,0,1,0,차대사람 - 횡단중,안전운전불이행,습기,비,단일로 - 기타,화물,남,73세,상해없음,보행자,여,65세,경상
2015021600100208,2015년 2월 16일 10시,월요일,충청남도 공주시 옥룡동,경상사고,0,0,1,0,차대차 - 측면직각충돌,안전운전불이행,건조,맑음,단일로 - 기타,승용,남,38세,상해없음,승용,여,45세,경상
2015021600100209,2015년 2월 16일 10시,월요일,충청남도 금산군 금산읍,중상사고,0,1,4,0,차대차 - 측면직각충돌,신호위반,습기,비,교차로 - 교차로안,이륜,남,75세,중상,승용,여,36세,경상
2015021600100246,2015년 2월 16일 11시,월요일,충청남도 금산군 복수면,경상사고,0,0,1,0,차량단독 - 공작물충돌,안전운전불이행,건조,맑음,단일로 - 기타,화물,남,53세,경상,,,,
2015021600100294,2015년 2월 16일 13시,월요일,충청남도 공주시 반포면,중상사고,0,1,2,0,차대차 - 추돌 - 주정차중,안전운전불이행,건조,맑음,교차로 - 교차로부근,승용,남,48세,상해없음,화물,남,37세,경상
2015021600100323,2015년 2월 16일 14시,월요일,충청남도 천안시 서북구 성정동,경상사고,0,0,1,0,차대사람 - 횡단중,신호위반,건조,맑음,단일로 - 기타,화물,남,48세,상해없음,보행자,남,59세,경상
2015021600100324,2015년 2월 16일 14시,월요일,충청남도 논산시 대교동,중상사고,0,1,0,0,차대차 - 측면직각충돌,교차로운행방법위반,습기,비,교차로 - 교차로안,승용,남,32세,상해없음,이륜,여,70세,중상
2015021600100325,2015년 2월 16일 14시,월요일,충청남도 보령시 동대동,중상사고,0,1,1,0,차대차 - 측면직각충돌,안전운전불이행,습기,비,교차로 - 교차로안,승용,남,63세,상해없음,승용,남,29세,경상
2015021600100359,2015년 2월 16일 15시,월요일,충청남도 천안시 서북구 성정동,중상사고,0,1,0,0,차대차 - 기타,안전거리미확보,습기,비,교차로 - 교차로안,승용,남,56세,상해없음,이륜,남,49세,중상
2015021600100360,2015년 2월 16일 15시,월요일,충청남도 공주시 중동,경상사고,0,0,1,0,차대사람 - 횡단중,보행자보호의무위반,습기,비,교차로 - 교차로안,승용,여,37세,상해없음,보행자,여,26세,경상
2015021600100384,2015년 2월 16일 16시,월요일,충청남도 천안시 서북구 성정동,경상사고,0,0,1,0,차대차 - 추돌 - 주정차중,안전운전불이행,건조,맑음,교차로 - 교차로부근,승용,남,42세,상해없음,승용,남,48세,경상
2015021600100385,2015년 2월 16일 16시,월요일,충청남도 천안시 서북구 입장면,중상사고,0,1,0,0,차량단독 - 공작물충돌,안전운전불이행,습기,비,단일로 - 기타,승용,남,43세,중상,,,,
2015021600100386,2015년 2월 16일 16시,월요일,충청남도 아산시 배방읍,경상사고,0,0,1,0,차대차 - 측면직각충돌,신호위반,건조,맑음,교차로 - 교차로안,승용,남,40세,상해없음,승용,남,38세,경상
2015021600100387,2015년 2월 16일 16시,월요일,충청남도 서천군 한산면,중상사고,0,1,0,1,차대차 - 기타,직진우회전진행방해,습기,비,교차로 - 교차로부근,화물,남,67세,부상신고,화물,남,66세,중상
2015021600100388,2015년 2월 16일 16시,월요일,충청남도 예산군 삽교읍,중상사고,0,1,0,0,차대사람 - 길가장자리구역통행중,안전운전불이행,습기,비,단일로 - 기타,화물,남,60세,상해없음,보행자,여,63세,중상
2015021600100424,2015년 2월 16일 17시,월요일,충청남도 당진시 수청리,중상사고,0,1,1,0,차대차 - 기타,안전운전불이행,습기,비,단일로 - 기타,화물,남,31세,상해없음,승용,남,70세,경상
2015021600100425,2015년 2월 16일 17시,월요일,충청남도 천안시 동남구 문화동,경상사고,0,0,1,0,차대사람 - 기타,중앙선침범,습기,비,단일로 - 기타,화물,남,45세,상해없음,보행자,남,47세,경상
2015021600100535,2015년 2월 16일 19시,월요일,충청남도 홍성군 홍성읍,경상사고,0,0,1,0,차대차 - 정면충돌,기타,습기,비,교차로 - 교차로안,승용,남,17세,기타불명,승용,남,38세,경상
2015021600100536,2015년 2월 16일 19시,월요일,충청남도 당진시 송악읍,경상사고,0,0,1,0,차대차 - 측면직각충돌,신호위반,습기,맑음,교차로 - 교차로안,승용,남,51세,상해없음,승용,남,49세,경상
2015021600100577,2015년 2월 16일 20시,월요일,충청남도 공주시 옥룡동,경상사고,0,0,1,0,차대차 - 측면직각충돌,안전운전불이행,건조,맑음,교차로 - 교차로안,승용,여,22세,상해없음,원동기,남,57세,경상
2015021600100578,2015년 2월 16일 20시,월요일,충청남도 천안시 동남구 영성동,경상사고,0,0,1,0,차대차 - 기타,안전운전불이행,습기,비,교차로 - 교차로안,승용,남,57세,상해없음,승용,여,36세,경상
2015021600100653,2015년 2월 16일 22시,월요일,충청남도 태안군 소원면,중상사고,0,2,0,0,차대차 - 정면충돌,중앙선침범,건조,맑음,기타 - 기타,승용,남,70세,상해없음,승용,여,39세,중상
2015021600100654,2015년 2월 16일 22시,월요일,충청남도 천안시 서북구 불당동,중상사고,0,2,0,0,차대차 - 기타,중앙선침범,습기,흐림,교차로 - 교차로부근,승용,남,45세,상해없음,승용,여,37세,중상
2015021600100691,2015년 2월 16일 23시,월요일,충청남도 천안시 서북구 성거읍,경상사고,0,0,2,0,차대차 - 추돌 - 주정차중,안전운전불이행,건조,맑음,교차로 - 교차로부근,승용,남,35세,상해없음,승용,남,24세,경상
2015021600100692,2015년 2월 16일 23시,월요일,충청남도 천안시 서북구 성정동,경상사고,0,0,1,0,차대차 - 추돌 - 주정차중,안전운전불이행,습기,비,교차로 - 교차로부근,승용,남,63세,상해없음,승용,남,38세,경상
2015021600100693,2015년 2월 16일 23시,월요일,충청남도 보령시 웅천읍,사망사고,1,0,0,0,차대사람 - 기타,안전운전불이행,습기,비,단일로 - 기타,승용,남,75세,상해없음,보행자,남,56세,사망
2015021700100107,2015년 2월 17일 06시,화요일,충청남도 천안시 서북구 성정동,경상사고,0,0,1,0,차대차 - 추돌 - 진행중,안전운전불이행,건조,맑음,단일로 - 기타,승합,남,22세,기타불명,승용,남,60세,경상
2015021700100108,2015년 2월 17일 06시,화요일,충청남도 아산시 음봉면,중상사고,0,1,0,0,차대사람 - 기타,안전운전불이행,건조,맑음,단일로 - 기타,승용,남,46세,상해없음,보행자,남,50세,중상
2015021700100109,2015년 2월 17일 06시,화요일,충청남도 보령시 궁촌동,중상사고,0,1,0,0,차대사람 - 횡단중,신호위반,건조,맑음,교차로 - 교차로부근,원동기,남,71세,상해없음,보행자,여,62세,중상
2015021700100143,2015년 2월 17일 08시,화요일,충청남도 천안시 동남구 목천읍,경상사고,0,0,1,0,차대차 - 추돌 - 주정차중,안전운전불이행,건조,맑음,교차로 - 교차로부근,승용,남,38세,상해없음,승용,남,44세,경상
2015021700100171,2015년 2월 17일 09시,화요일,충청남도 천안시 서북구 쌍용동,경상사고,0,0,1,0,차대차 - 기타,안전운전불이행,건조,맑음,교차로 - 교차로부근,화물,남,54세,상해없음,승용,여,31세,경상
2015021700100207,2015년 2월 17일 10시,화요일,충청남도 논산시 성동면,경상사고,0,0,3,0,차대차 - 측면직각충돌,교차로운행방법위반,습기,흐림,교차로 - 교차로안,화물,남,56세,경상,승용,여,33세,경상
2015021700100208,2015년 2월 17일 10시,화요일,충청남도 서천군 서천읍,경상사고,0,0,1,0,차대차 - 추돌 - 진행중,안전운전불이행,습기,비,단일로 - 기타,기타불명,기타불명,기타불명,기타불명,화물,남,78세,상해없음
2015021700100209,2015년 2월 17일 10시,화요일,충청남도 당진시 채운동,경상사고,0,0,1,0,차대사람 - 횡단중,안전운전불이행,건조,맑음,단일로 - 기타,승용,여,48세,상해없음,보행자,여,81세,경상
2015021700100237,2015년 2월 17일 11시,화요일,충청남도 태안군 안면읍,중상사고,0,1,0,0,차대차 - 측면직각충돌,안전운전불이행,건조,맑음,단일로 - 기타,화물,남,68세,상해없음,승용,남,26세,중상
2015021700100238,2015년 2월 17일 11시,화요일,충청남도 홍성군 광천읍,경상사고,0,0,1,0,차대차 - 측면직각충돌,교차로운행방법위반,건조,맑음,교차로 - 교차로안,승용,남,34세,상해없음,승용,남,45세,경상
2015021700100239,2015년 2월 17일 11시,화요일,충청남도 아산시 송악면,중상사고,0,1,0,0,차대차 - 정면충돌,안전운전불이행,습기,눈,교차로 - 교차로부근,화물,남,26세,상해없음,승합,남,38세,중상
2015021700100240,2015년 2월 17일 11시,화요일,충청남도 당진시 정미면,경상사고,0,0,1,0,차대차 - 측면직각충돌,신호위반,건조,맑음,교차로 - 교차로안,승용,여,40세,상해없음,승용,남,41세,경상
2015021700100241,2015년 2월 17일 11시,화요일,충청남도 천안시 동남구 신방동,경상사고,0,0,1,0,차대차 - 측면직각충돌,신호위반,건조,맑음,교차로 - 교차로안,승용,남,74세,상해없음,이륜,남,61세,경상
2015021700100243,2015년 2월 17일 11시,화요일,충청남도 보령시 주교면,중상사고,0,2,5,2,차대차 - 추돌 - 진행중,안전거리미확보,건조,맑음,단일로 - 기타,승합,남,49세,경상,승용,남,56세,경상
2015021700100280,2015년 2월 17일 12시,화요일,충청남도 서산시 대산읍,경상사고,0,0,1,0,차대차 - 측면직각충돌,중앙선침범,건조,맑음,단일로 - 기타,원동기,여,58세,경상,승용,여,56세,상해없음
2015021700100281,2015년 2월 17일 12시,화요일,충청남도 보령시 동대동,중상사고,0,1,0,0,차대차 - 기타,직진우회전진행방해,건조,맑음,교차로 - 교차로안,화물,남,21세,상해없음,자전거,여,60세,중상
2015021700100282,2015년 2월 17일 12시,화요일,충청남도 예산군 응봉면,중상사고,0,1,0,0,차대사람 - 횡단중,안전운전불이행,건조,맑음,교차로 - 교차로안,승용,남,66세,상해없음,보행자,남,67세,중상
2015021700100309,2015년 2월 17일 13시,화요일,충청남도 홍성군 홍북면,경상사고,0,0,1,0,차대차 - 측면직각충돌,교차로운행방법위반,건조,맑음,교차로 - 교차로안,승용,남,39세,상해없음,화물,남,52세,경상
2015021700100310,2015년 2월 17일 13시,화요일,충청남도 당진시 신평면,경상사고,0,0,1,0,차대차 - 추돌 - 진행중,안전운전불이행,건조,맑음,단일로 - 기타,특수,남,67세,상해없음,승용,여,47세,경상
2015021700100311,2015년 2월 17일 13시,화요일,충청남도 금산군 금산읍,중상사고,0,1,0,0,차대차 - 측면직각충돌,교차로운행방법위반,건조,맑음,교차로 - 교차로안,승용,여,26세,상해없음,이륜,남,80세,중상
2015021700100347,2015년 2월 17일 14시,화요일,충청남도 청양군 정산면,중상사고,0,1,2,0,차대차 - 측면직각충돌,교차로운행방법위반,건조,맑음,교차로 - 교차로안,화물,남,32세,경상,화물,남,64세,중상
2015021700100348,2015년 2월 17일 14시,화요일,충청남도 천안시 동남구 안서동,사망사고,1,0,1,0,차대차 - 측면직각충돌,안전운전불이행,건조,맑음,단일로 - 기타,화물,남,68세,사망,화물,남,38세,경상
2015021700100387,2015년 2월 17일 15시,화요일,충청남도 태안군 태안읍,중상사고,0,1,0,0,차량단독 - 공작물충돌,안전운전불이행,건조,맑음,단일로 - 기타,승용,남,45세,중상,,,,
2015021700100388,2015년 2월 17일 15시,화요일,충청남도 당진시 석문면,경상사고,0,0,1,0,차대차 - 정면충돌,중앙선침범,건조,맑음,단일로 - 기타,승용,남,39세,상해없음,화물,남,58세,경상
2015021700100389,2015년 2월 17일 15시,화요일,충청남도 당진시 송악읍,중상사고,0,1,0,0,차대차 - 추돌 - 진행중,과속,건조,맑음,단일로 - 기타,승용,남,31세,상해없음,승용,남,60세,중상
2015021700100427,2015년 2월 17일 16시,화요일,충청남도 아산시 온천동,경상사고,0,0,1,0,차대차 - 측면직각충돌,직진우회전진행방해,건조,흐림,교차로 - 교차로안,승용,남,40세,상해없음,이륜,남,49세,경상
2015021700100452,2015년 2월 17일 17시,화요일,충청남도 논산시 관촉동,중상사고,0,1,0,0,차대차 - 측면직각충돌,교차로운행방법위반,건조,맑음,교차로 - 교차로부근,자전거,여,71세,중상,승용,남,50세,상해없음
2015021700100453,2015년 2월 17일 17시,화요일,충청남도 서천군 마서면,중상사고,0,2,0,0,차대차 - 기타,직진우회전진행방해,건조,맑음,교차로 - 교차로안,화물,여,52세,중상,화물,남,49세,중상
2015021700100454,2015년 2월 17일 17시,화요일,충청남도 서천군 마서면,중상사고,0,1,1,0,차대차 - 측면직각충돌,중앙선침범,건조,맑음,단일로 - 기타,승용,남,52세,상해없음,승용,여,62세,중상
2015021700100492,2015년 2월 17일 18시,화요일,충청남도 천안시 동남구 원성동,경상사고,0,0,2,0,차대차 - 측면직각충돌,신호위반,건조,맑음,교차로 - 교차로안,승용,남,45세,경상,승용,남,40세,경상
2015021700100494,2015년 2월 17일 18시,화요일,충청남도 서산시 해미면,중상사고,0,1,0,0,차대차 - 추돌 - 진행중,안전운전불이행,건조,맑음,단일로 - 기타,승용,남,37세,중상,화물,남,50세,상해없음
2015021700100538,2015년 2월 17일 19시,화요일,충청남도 홍성군 갈산면,중상사고,0,1,0,0,차대차 - 추돌 - 주정차중,안전운전불이행,건조,맑음,단일로 - 기타,승용,남,31세,상해없음,승용,남,52세,상해없음
2015021700100578,2015년 2월 17일 20시,화요일,충청남도 부여군 장암면,경상사고,0,0,1,0,차대사람 - 길가장자리구역통행중,안전운전불이행,건조,맑음,단일로 - 기타,승용,여,50세,상해없음,보행자,남,33세,경상
2015021700100612,2015년 2월 17일 21시,화요일,충청남도 천안시 서북구 직산읍,경상사고,0,0,3,0,차대차 - 추돌 - 주정차중,안전운전불이행,건조,흐림,단일로 - 기타,승용,남,23세,상해없음,승용,남,34세,경상
2015021700100667,2015년 2월 17일 23시,화요일,충청남도 천안시 동남구 문화동,중상사고,0,1,0,0,차대사람 - 횡단중,안전운전불이행,건조,맑음,단일로 - 기타,승용,남,54세,상해없음,보행자,남,51세,중상
2015021800100012,2015년 2월 18일 00시,수요일,충청남도 아산시 배방읍,사망사고,1,3,0,0,차대차 - 측면직각충돌,중앙선침범,건조,흐림,단일로 - 기타,승용,남,29세,중상,승용,남,43세,중상
2015021800100031,2015년 2월 18일 01시,수요일,충청남도 공주시 정안면,경상사고,0,0,1,0,차대차 - 추돌 - 진행중,안전거리미확보,건조,맑음,단일로 - 기타,승용,남,24세,상해없음,승용,남,30세,경상
2015021800100097,2015년 2월 18일 07시,수요일,충청남도 태안군 태안읍,중상사고,0,1,0,0,차대사람 - 횡단중,안전운전불이행,건조,맑음,교차로 - 교차로부근,승용,남,42세,상해없음,보행자,여,73세,중상
2015021800100104,2015년 2월 18일 08시,수요일,충청남도 아산시 탕정면,중상사고,0,2,0,0,차대차 - 측면직각충돌,신호위반,건조,맑음,교차로 - 교차로안,승용,남,30세,상해없음,승용,남,51세,중상
2015021800100149,2015년 2월 18일 11시,수요일,충청남도 논산시 은진면,중상사고,0,1,0,0,차대차 - 측면직각충돌,교차로운행방법위반,건조,맑음,교차로 - 교차로안,화물,남,69세,상해없음,원동기,남,76세,중상
2015021800100150,2015년 2월 18일 11시,수요일,충청남도 홍성군 홍북면,중상사고,0,1,0,0,차대차 - 측면직각충돌,직진우회전진행방해,건조,맑음,교차로 - 교차로안,승용,여,44세,상해없음,승용,남,48세,상해없음
2015021800100151,2015년 2월 18일 11시,수요일,충청남도 보령시 대천동,중상사고,0,1,0,0,차대차 - 추돌 - 진행중,직진우회전진행방해,건조,맑음,교차로 - 교차로안,승용,남,48세,상해없음,승용,남,78세,중상
2015021800100198,2015년 2월 18일 13시,수요일,충청남도 천안시 동남구 사직동,경상사고,0,0,1,0,차대사람 - 차도통행중,안전운전불이행,건조,맑음,단일로 - 기타,화물,남,51세,상해없음,보행자,남,29세,경상
2015021800100219,2015년 2월 18일 14시,수요일,충청남도 예산군 덕산면,중상사고,0,2,4,0,차대차 - 측면직각충돌,안전운전불이행,건조,맑음,교차로 - 교차로안,승용,남,40세,경상,승용,남,29세,중상
2015021800100232,2015년 2월 18일 15시,수요일,충청남도 서산시 해미면,중상사고,0,1,0,0,차대차 - 측면직각충돌,안전운전불이행,건조,맑음,교차로 - 교차로안,승용,남,55세,상해없음,이륜,남,75세,중상
2015021800100245,2015년 2월 18일 16시,수요일,충청남도 논산시 연무읍,중상사고,0,1,0,0,차대사람 - 횡단중,안전운전불이행,건조,흐림,교차로 - 교차로부근,승용,여,40세,상해없음,보행자,남,47세,중상
2015021800100260,2015년 2월 18일 17시,수요일,충청남도 공주시 의당면,경상사고,0,0,1,0,차대차 - 측면직각충돌,중앙선침범,건조,맑음,단일로 - 기타,자전거,남,80세,경상,화물,남,47세,상해없음
2015021800100279,2015년 2월 18일 18시,수요일,충청남도 보령시 천북면,경상사고,0,0,1,0,차대차 - 추돌 - 진행중,안전운전불이행,건조,흐림,단일로 - 기타,승용,남,26세,상해없음,농기계,남,72세,경상
2015021800100305,2015년 2월 18일 19시,수요일,충청남도 천안시 서북구 성거읍,중상사고,0,1,0,0,차대차 - 기타,안전운전불이행,건조,맑음,단일로 - 기타,승용,남,40세,상해없음,자전거,남,28세,중상
2015021800100306,2015년 2월 18일 19시,수요일,충청남도 당진시 면천면,중상사고,0,2,1,2,차대차 - 정면충돌,중앙선침범,건조,맑음,단일로 - 기타,승용,남,50세,경상,승용,여,39세,중상
2015021800100307,2015년 2월 18일 19시,수요일,충청남도 천안시 동남구 신부동,경상사고,0,0,1,0,차대차 - 기타,안전운전불이행,건조,맑음,단일로 - 기타,승용,남,30세,상해없음,승용,여,40세,경상
2015021800100327,2015년 2월 18일 20시,수요일,충청남도 태안군 태안읍,사망사고,1,0,0,0,차대사람 - 길가장자리구역통행중,안전운전불이행,건조,맑음,단일로 - 기타,승용,여,53세,상해없음,보행자,남,53세,사망
2015021800100328,2015년 2월 18일 20시,수요일,충청남도 부여군 구룡면,사망사고,1,0,0,0,차대사람 - 횡단중,안전운전불이행,건조,맑음,단일로 - 기타,승합,남,57세,상해없음,보행자,남,62세,사망
2015021800100329,2015년 2월 18일 20시,수요일,충청남도 천안시 동남구 신부동,부상신고사고,0,0,0,1,차대사람 - 차도통행중,중앙선침범,건조,맑음,단일로 - 기타,기타불명,기타불명,기타불명,기타불명,보행자,남,10세,부상신고
2015021800100350,2015년 2월 18일 21시,수요일,충청남도 태안군 태안읍,중상사고,0,2,0,0,차대차 - 정면충돌,중앙선침범,건조,맑음,단일로 - 기타,승용,남,44세,중상,승용,남,52세,중상
2015021800100351,2015년 2월 18일 21시,수요일,충청남도 천안시 동남구 원성동,경상사고,0,0,1,0,차대사람 - 차도통행중,안전운전불이행,건조,맑음,교차로 - 교차로부근,승용,남,45세,상해없음,보행자,남,53세,경상
2015021800100371,2015년 2월 18일 22시,수요일,충청남도 서산시 음암면,부상신고사고,0,0,0,1,차대차 - 측면직각충돌,직진우회전진행방해,건조,맑음,교차로 - 교차로안,화물,여,50세,부상신고,승용,여,21세,상해없음
2015021800100372,2015년 2월 18일 22시,수요일,충청남도 금산군 금산읍,경상사고,0,0,3,0,차대차 - 추돌 - 주정차중,안전운전불이행,건조,맑음,단일로 - 기타,승용,여,24세,상해없음,승용,남,40세,경상
2015021900100011,2015년 2월 19일 00시,목요일,충청남도 천안시 서북구 성정동,중상사고,0,2,0,0,차대사람 - 횡단중,안전운전불이행,건조,맑음,단일로 - 기타,원동기,남,21세,상해없음,보행자,남,58세,중상
2015021900100026,2015년 2월 19일 01시,목요일,충청남도 아산시 배방읍,중상사고,0,2,0,0,차대차 - 측면직각충돌,신호위반,건조,맑음,교차로 - 교차로안,승용,남,24세,상해없음,승용,남,34세,중상
2015021900100047,2015년 2월 19일 04시,목요일,충청남도 홍성군 홍성읍,사망사고,1,0,0,0,차량단독 - 공작물충돌,안전운전불이행,건조,맑음,단일로 - 기타,승용,남,21세,사망,,,,
2015021900100077,2015년 2월 19일 09시,목요일,충청남도 보령시 주교면,중상사고,0,1,0,0,차대차 - 측면직각충돌,신호위반,건조,맑음,교차로 - 교차로안,화물,남,55세,상해없음,승용,남,55세,중상
2015021900100091,2015년 2월 19일 10시,목요일,충청남도 천안시 동남구 목천읍,경상사고,0,0,2,0,차대차 - 기타,안전운전불이행,건조,맑음,단일로 - 기타,승용,여,50세,상해없음,승용,남,50세,경상
2015021900100106,2015년 2월 19일 11시,목요일,충청남도 홍성군 금마면,중상사고,0,1,5,0,차대차 - 측면직각충돌,신호위반,건조,맑음,교차로 - 교차로안,승용,여,51세,상해없음,승용,남,40세,경상
2015021900100107,2015년 2월 19일 11시,목요일,충청남도 예산군 대술면,경상사고,0,0,2,0,차대차 - 추돌 - 주정차중,안전운전불이행,건조,맑음,단일로 - 기타,승용,남,55세,상해없음,승용,남,58세,경상
2015021900100171,2015년 2월 19일 14시,목요일,충청남도 논산시 양촌면,경상사고,0,0,1,0,차대차 - 정면충돌,중앙선침범,건조,맑음,단일로 - 기타,원동기,남,78세,경상,승용,남,50세,상해없음
2015021900100172,2015년 2월 19일 14시,목요일,충청남도 금산군 금산읍,경상사고,0,0,2,0,차대사람 - 길가장자리구역통행중,안전운전불이행,건조,맑음,단일로 - 기타,승용,남,44세,상해없음,보행자,남,59세,경상
2015021900100222,2015년 2월 19일 16시,목요일,충청남도 금산군 복수면,중상사고,0,2,0,0,차량단독 - 공작물충돌,안전운전불이행,건조,맑음,단일로 - 기타,승용,남,72세,중상,,,,
2015021900100223,2015년 2월 19일 16시,목요일,충청남도 천안시 동남구 안서동,경상사고,0,0,1,0,차대차 - 측면직각충돌,안전운전불이행,건조,맑음,단일로 - 기타,승용,여,53세,상해없음,이륜,남,22세,경상
2015021900100273,2015년 2월 19일 19시,목요일,충청남도 아산시 권곡동,경상사고,0,0,4,0,차대차 - 추돌 - 주정차중,안전운전불이행,건조,맑음,기타 - 기타,승용,남,66세,상해없음,승용,남,50세,경상
2015021900100274,2015년 2월 19일 19시,목요일,충청남도 청양군 장평면,경상사고,0,0,2,0,차대차 - 측면직각충돌,중앙선침범,건조,맑음,단일로 - 기타,승용,남,36세,상해없음,승용,남,60세,경상
2015021900100313,2015년 2월 19일 21시,목요일,충청남도 아산시 용화동,중상사고,0,1,0,0,차대차 - 측면직각충돌,안전운전불이행,건조,맑음,교차로 - 교차로안,승용,남,23세,상해없음,원동기,남,20세,중상
2015021900100327,2015년 2월 19일 22시,목요일,충청남도 태안군 태안읍,중상사고,0,1,2,0,차대차 - 측면직각충돌,신호위반,건조,맑음,교차로 - 교차로안,승용,여,38세,경상,승용,남,46세,중상
2015021900100328,2015년 2월 19일 22시,목요일,충청남도 아산시 남동,중상사고,0,1,0,0,차대사람 - 횡단중,안전운전불이행,건조,흐림,교차로 - 교차로부근,승용,남,44세,상해없음,보행자,여,42세,중상
2015021900100342,2015년 2월 19일 23시,목요일,충청남도 천안시 서북구 두정동,경상사고,0,0,1,0,차대사람 - 차도통행중,안전운전불이행,건조,맑음,교차로 - 교차로안,승용,남,52세,상해없음,보행자,남,28세,경상
2015022000100007,2015년 2월 20일 00시,금요일,충청남도 아산시 온천동,경상사고,0,0,1,0,차대차 - 측면직각충돌,안전운전불이행,건조,맑음,교차로 - 교차로부근,승용,남,35세,상해없음,승용,남,48세,경상
2015022000100032,2015년 2월 20일 03시,금요일,충청남도 예산군 예산읍,경상사고,0,0,1,0,차량단독 - 도로외이탈 - 기타,안전운전불이행,건조,맑음,교차로 - 교차로부근,승용,남,43세,상해없음,,,,
2015022000100083,2015년 2월 20일 10시,금요일,충청남도 당진시 정미면,경상사고,0,0,1,0,차대차 - 측면직각충돌,중앙선침범,건조,맑음,단일로 - 기타,화물,남,44세,상해없음,승용,남,75세,경상
2015022000100153,2015년 2월 20일 14시,금요일,충청남도 서천군 종천면,경상사고,0,0,1,0,차대차 - 기타,신호위반,건조,맑음,교차로 - 교차로안,승용,남,53세,상해없음,승용,남,25세,경상
2015022000100154,2015년 2월 20일 14시,금요일,충청남도 천안시 동남구 신부동,경상사고,0,0,3,0,차대차 - 측면직각충돌,안전운전불이행,건조,맑음,단일로 - 기타,승용,남,43세,상해없음,승용,남,40세,경상
2015022000100173,2015년 2월 20일 15시,금요일,충청남도 천안시 서북구 백석동,경상사고,0,0,2,0,차대차 - 측면직각충돌,신호위반,건조,맑음,교차로 - 교차로안,승용,남,56세,경상,승용,남,56세,경상
2015022000100174,2015년 2월 20일 15시,금요일,충청남도 예산군 고덕면,경상사고,0,0,2,0,차대차 - 기타,불법유턴,건조,맑음,단일로 - 기타,승용,남,38세,상해없음,승용,남,69세,경상
2015022000100200,2015년 2월 20일 16시,금요일,충청남도 보령시 신흑동,경상사고,0,0,1,0,차대차 - 측면직각충돌,직진우회전진행방해,건조,맑음,교차로 - 교차로안,승용,남,67세,상해없음,이륜,남,29세,경상
2015022000100201,2015년 2월 20일 16시,금요일,충청남도 공주시 계룡면,부상신고사고,0,0,0,1,차량단독 - 기타,안전운전불이행,건조,맑음,단일로 - 기타,농기계,남,73세,부상신고,,,,
2015022000100202,2015년 2월 20일 16시,금요일,충청남도 예산군 봉산면,경상사고,0,0,1,0,차량단독 - 공작물충돌,안전운전불이행,건조,맑음,단일로 - 기타,이륜,남,20세,상해없음,,,,
2015022000100203,2015년 2월 20일 16시,금요일,충청남도 천안시 서북구 입장면,중상사고,0,1,4,0,차대차 - 추돌 - 진행중,안전운전불이행,건조,맑음,단일로 - 기타,승용,남,38세,상해없음,승용,남,40세,경상
2015022000100224,2015년 2월 20일 17시,금요일,충청남도 부여군 은산면,경상사고,0,0,2,0,차대차 - 추돌 - 주정차중,안전운전불이행,건조,맑음,교차로 - 교차로부근,승합,남,47세,상해없음,승용,남,40세,경상
2015022000100274,2015년 2월 20일 19시,금요일,충청남도 천안시 서북구 백석동,경상사고,0,0,1,0,차량단독 - 기타,안전운전불이행,건조,맑음,단일로 - 기타,승합,남,38세,상해없음,,,,
2015022000100275,2015년 2월 20일 19시,금요일,충청남도 서천군 서면,중상사고,0,1,0,0,차량단독 - 기타,안전운전불이행,건조,맑음,단일로 - 기타,승합,남,49세,중상,,,,
2015022000100276,2015년 2월 20일 19시,금요일,충청남도 당진시 송악읍,경상사고,0,0,4,0,차대차 - 추돌 - 진행중,안전운전불이행,건조,맑음,단일로 - 기타,승용,여,34세,상해없음,승용,남,45세,경상
2015022000100307,2015년 2월 20일 21시,금요일,충청남도 천안시 서북구 성환읍,경상사고,0,0,1,0,차대차 - 측면직각충돌,교차로운행방법위반,건조,맑음,교차로 - 교차로안,승용,남,28세,상해없음,승용,남,56세,경상
2015022000100354,2015년 2월 20일 23시,금요일,충청남도 아산시 영인면,중상사고,0,1,0,0,차량단독 - 기타,기타,습기,비,단일로 - 기타,승용,남,26세,상해없음,,,,
2015022000100355,2015년 2월 20일 23시,금요일,충청남도 예산군 오가면,사망사고,1,0,0,0,차량단독 - 공작물충돌,안전운전불이행,건조,맑음,교차로 - 교차로부근,승용,남,41세,사망,,,,
2015022100100013,2015년 2월 21일 00시,토요일,충청남도 예산군 예산읍,경상사고,0,0,1,0,차대차 - 측면직각충돌,교차로운행방법위반,건조,맑음,교차로 - 교차로안,승용,여,37세,상해없음,승용,남,58세,상해없음
2015022100100061,2015년 2월 21일 05시,토요일,충청남도 홍성군 홍성읍,경상사고,0,0,1,0,차량단독 - 전도전복,안전운전불이행,습기,비,단일로 - 기타,이륜,남,21세,경상,,,,