사고번호,사고일시,요일,시군구,사고내용,사망자수,중상자수,경상자수,부상신고자수,사고유형,법규위반,노면상태,기상상태,도로형태,가해운전자 차종,가해운전자 성별,가해운전자 연령,가해운전자 상해정도,피해운전자 차종,피해운전자 성별,피해운전자 연령,피해운전자 상해정도
2015022700100566,2015년 2월 27일 22시,금요일,충청남도 천안시 서북구 두정동,경상사고,0,0,2,0,차대차 - 기타,안전운전불이행,건조,맑음,교차로 - 교차로안,승용,남,27세,상해없음,승용,남,35세,경상
2015022700100596,2015년 2월 27일 23시,금요일,충청남도 논산시 취암동,중상사고,0,1,0,0,차대차 - 정면충돌,기타,건조,맑음,교차로 - 교차로안,승용,남,59세,상해없음,승용,여,65세,중상
2015022700100597,2015년 2월 27일 23시,금요일,충청남도 아산시 방축동,경상사고,0,0,3,0,차대차 - 기타,신호위반,건조,맑음,교차로 - 교차로안,승용,남,47세,상해없음,승용,남,54세,경상
2015022800100015,2015년 2월 28일 00시,토요일,충청남도 천안시 서북구 성정동,경상사고,0,0,1,0,차대차 - 추돌 - 주정차중,안전운전불이행,건조,맑음,교차로 - 교차로부근,승용,남,28세,상해없음,승용,남,57세,경상
2015022800100016,2015년 2월 28일 00시,토요일,충청남도 천안시 서북구 두정동,경상사고,0,0,2,0,차대차 - 기타,안전운전불이행,건조,맑음,교차로 - 교차로안,승용,남,29세,상해없음,승용,남,21세,경상
2015022800100058,2015년 2월 28일 02시,토요일,충청남도 천안시 동남구 청당동,중상사고,0,2,1,0,차대차 - 측면직각충돌,안전운전불이행,건조,맑음,교차로 - 교차로안,승용,남,46세,경상,승용,남,30세,중상
2015022800100105,2015년 2월 28일 06시,토요일,충청남도 천안시 서북구 두정동,부상신고사고,0,0,0,1,차대차 - 추돌 - 진행중,안전운전불이행,건조,맑음,단일로 - 기타,원동기,남,16세,부상신고,승용,남,56세,상해없음
2015022800100148,2015년 2월 28일 09시,토요일,충청남도 천안시 동남구 원성동,경상사고,0,0,2,0,차대차 - 추돌 - 진행중,안전운전불이행,건조,맑음,단일로 - 횡단보도부근,승용,여,57세,경상,화물,남,59세,경상
2015022800100173,2015년 2월 28일 10시,토요일,충청남도 서산시 동문동,경상사고,0,0,2,1,차대차 - 측면직각충돌,교차로운행방법위반,건조,맑음,교차로 - 교차로안,승용,남,28세,부상신고,화물,남,74세,경상
2015022800100174,2015년 2월 28일 10시,토요일,충청남도 보령시 대천동,중상사고,0,1,1,0,차대차 - 기타,직진우회전진행방해,건조,맑음,교차로 - 교차로부근,승용,여,60세,중상,승용,남,61세,경상
2015022800100175,2015년 2월 28일 10시,토요일,충청남도 예산군 덕산면,중상사고,0,2,1,0,차대차 - 측면직각충돌,안전운전불이행,건조,맑음,기타 - 기타,화물,남,75세,상해없음,승용,남,65세,경상
2015022800100176,2015년 2월 28일 10시,토요일,충청남도 청양군 청양읍,경상사고,0,0,4,0,차대차 - 기타,중앙선침범,건조,맑음,단일로 - 기타,승용,여,65세,경상,승용,남,47세,경상
2015022800100177,2015년 2월 28일 10시,토요일,충청남도 논산시 벌곡면,경상사고,0,0,1,0,차대차 - 기타,안전운전불이행,건조,맑음,단일로 - 기타,화물,남,41세,상해없음,승용,여,21세,경상
2015022800100193,2015년 2월 28일 11시,토요일,충청남도 서산시 음암면,사망사고,1,0,0,0,차대차 - 측면직각충돌,신호위반,건조,맑음,교차로 - 교차로안,이륜,남,73세,사망,특수,남,46세,상해없음
2015022800100194,2015년 2월 28일 11시,토요일,충청남도 천안시 서북구 두정동,경상사고,0,0,1,0,차대차 - 측면직각충돌,직진우회전진행방해,건조,맑음,교차로 - 교차로안,승용,남,32세,상해없음,자전거,남,40세,경상
2015022800100195,2015년 2월 28일 11시,토요일,충청남도 보령시 청소면,중상사고,0,3,4,0,차대차 - 기타,직진우회전진행방해,건조,맑음,교차로 - 교차로안,승용,여,60세,상해없음,승용,남,39세,중상
2015022800100196,2015년 2월 28일 11시,토요일,충청남도 공주시 산성동,중상사고,0,1,0,0,차대사람 - 횡단중,보행자보호의무위반,건조,맑음,단일로 - 횡단보도상,승용,여,33세,상해없음,보행자,여,54세,중상
2015022800100197,2015년 2월 28일 11시,토요일,충청남도 공주시 우성면,중상사고,0,1,1,0,차대차 - 정면충돌,중앙선침범,건조,맑음,교차로 - 교차로부근,승용,여,37세,상해없음,승용,여,42세,중상
2015022800100225,2015년 2월 28일 12시,토요일,충청남도 논산시 부창동,중상사고,0,1,3,0,차대차 - 측면직각충돌,신호위반,건조,흐림,교차로 - 교차로안,승용,여,54세,경상,승용,남,37세,경상
2015022800100255,2015년 2월 28일 13시,토요일,충청남도 청양군 정산면,중상사고,0,1,4,0,차대차 - 추돌 - 진행중,안전거리미확보,건조,맑음,단일로 - 기타,승용,남,33세,상해없음,승용,여,58세,중상
2015022800100305,2015년 2월 28일 15시,토요일,충청남도 보령시 미산면,경상사고,0,0,1,0,차대차 - 기타,직진우회전진행방해,건조,맑음,교차로 - 교차로안,승용,남,30세,상해없음,승용,남,39세,경상
2015022800100306,2015년 2월 28일 15시,토요일,충청남도 천안시 동남구 삼룡동,경상사고,0,0,2,1,차대차 - 기타,차로위반,건조,맑음,단일로 - 기타,승합,남,34세,상해없음,승합,남,55세,부상신고
2015022800100329,2015년 2월 28일 16시,토요일,충청남도 논산시 관촉동,경상사고,0,0,2,0,차대차 - 추돌 - 진행중,안전운전불이행,건조,맑음,교차로 - 교차로부근,화물,남,77세,상해없음,승용,여,34세,경상
2015022800100330,2015년 2월 28일 16시,토요일,충청남도 부여군 양화면,중상사고,0,3,2,0,차대차 - 측면직각충돌,기타,건조,맑음,교차로 - 교차로안,승용,남,33세,경상,승용,남,40세,경상
2015022800100331,2015년 2월 28일 16시,토요일,충청남도 천안시 동남구 구룡동,중상사고,0,1,0,0,차대차 - 추돌 - 진행중,안전운전불이행,건조,맑음,단일로 - 기타,승용,남,47세,상해없음,승용,남,44세,중상
2015022800100332,2015년 2월 28일 16시,토요일,충청남도 천안시 동남구 청수동,부상신고사고,0,0,0,1,차대사람 - 횡단중,안전운전불이행,건조,맑음,단일로 - 기타,승용,여,39세,상해없음,보행자,남,5세,부상신고
2015022800100393,2015년 2월 28일 18시,토요일,충청남도 천안시 서북구 성거읍,중상사고,0,1,1,0,차대차 - 측면직각충돌,신호위반,건조,맑음,단일로 - 기타,승용,남,68세,상해없음,승합,남,54세,경상
2015022800100502,2015년 2월 28일 21시,토요일,충청남도 당진시 송악읍,경상사고,0,0,1,0,차대차 - 측면직각충돌,안전운전불이행,건조,맑음,교차로 - 교차로안,승합,남,56세,상해없음,승용,남,28세,경상
2015022800100579,2015년 2월 28일 23시,토요일,충청남도 천안시 동남구 봉명동,경상사고,0,0,1,0,차대사람 - 차도통행중,중앙선침범,건조,맑음,단일로 - 기타,승용,남,30세,상해없음,보행자,남,54세,경상
2015030100100070,2015년 3월 1일 03시,일요일,충청남도 천안시 동남구 삼룡동,경상사고,0,0,1,0,차대차 - 측면직각충돌,신호위반,건조,맑음,교차로 - 교차로부근,승합,남,50세,상해없음,승용,남,37세,경상
2015030100100102,2015년 3월 1일 06시,일요일,충청남도 아산시 권곡동,사망사고,1,0,0,0,차대사람 - 횡단중,안전운전불이행,건조,맑음,단일로 - 기타,승용,남,28세,상해없음,보행자,여,77세,사망
2015030100100119,2015년 3월 1일 07시,일요일,충청남도 천안시 서북구 성성동,중상사고,0,1,3,0,차대차 - 측면직각충돌,교차로운행방법위반,건조,맑음,단일로 - 기타,승용,남,31세,경상,승용,여,58세,경상
2015030100100147,2015년 3월 1일 09시,일요일,충청남도 홍성군 홍성읍,경상사고,0,0,1,0,차대차 - 기타,중앙선침범,건조,맑음,교차로 - 교차로안,화물,남,43세,상해없음,승용,여,49세,경상
2015030100100160,2015년 3월 1일 10시,일요일,충청남도 논산시 덕지동,경상사고,0,0,2,0,차대차 - 측면직각충돌,신호위반,습기,흐림,교차로 - 교차로안,승용,남,27세,경상,승용,남,62세,경상
2015030100100171,2015년 3월 1일 11시,일요일,충청남도 서산시 잠홍동,중상사고,0,1,0,0,차대차 - 측면직각충돌,안전운전불이행,건조,맑음,교차로 - 교차로부근,이륜,남,72세,중상,승용,남,29세,상해없음
2015030100100172,2015년 3월 1일 11시,일요일,충청남도 논산시 양촌면,중상사고,0,2,0,0,차대차 - 측면직각충돌,안전운전불이행,건조,맑음,단일로 - 기타,승용,남,58세,중상,이륜,남,46세,중상
2015030100100202,2015년 3월 1일 13시,일요일,충청남도 공주시 이인면,중상사고,0,4,12,4,차대차 - 측면직각충돌,안전운전불이행,건조,맑음,단일로 - 기타,승합,남,51세,상해없음,화물,남,48세,경상
2015030100100229,2015년 3월 1일 14시,일요일,충청남도 청양군 비봉면,중상사고,0,1,1,0,차대차 - 측면직각충돌,직진우회전진행방해,건조,맑음,교차로 - 교차로안,승용,남,56세,상해없음,화물,남,72세,경상
2015030100100306,2015년 3월 1일 17시,일요일,충청남도 예산군 예산읍,경상사고,0,0,1,0,차대차 - 측면직각충돌,기타,건조,맑음,교차로 - 교차로안,승용,남,41세,상해없음,승용,여,54세,경상
2015030100100330,2015년 3월 1일 18시,일요일,충청남도 천안시 동남구 신방동,중상사고,0,1,0,0,차대차 - 추돌 - 진행중,신호위반,건조,맑음,단일로 - 기타,승용,남,33세,상해없음,이륜,남,58세,중상
2015030100100359,2015년 3월 1일 19시,일요일,충청남도 당진시 읍내리,경상사고,0,0,1,0,차대차 - 측면직각충돌,교차로운행방법위반,기타,기타,교차로 - 교차로안,승용,남,65세,상해없음,승용,여,40세,경상
2015030100100388,2015년 3월 1일 20시,일요일,충청남도 공주시 신관동,경상사고,0,0,1,0,차대사람 - 횡단중,안전운전불이행,건조,맑음,교차로 - 교차로안,이륜,남,16세,상해없음,보행자,여,18세,경상
2015030100100425,2015년 3월 1일 22시,일요일,충청남도 서천군 서면,중상사고,0,1,1,0,차량단독 - 기타,안전운전불이행,건조,맑음,단일로 - 기타,승용,여,58세,중상,,,,
2015030100100436,2015년 3월 1일 23시,일요일,충청남도 천안시 동남구 구성동,경상사고,0,0,1,0,차대차 - 측면직각충돌,안전운전불이행,건조,맑음,교차로 - 교차로안,승용,남,57세,상해없음,승용,남,38세,경상
2015030200100014,2015년 3월 2일 01시,월요일,충청남도 아산시 음봉면,경상사고,0,0,2,0,차대차 - 추돌 - 주정차중,안전운전불이행,건조,맑음,단일로 - 기타,승용,남,37세,상해없음,승용,남,20세,경상
2015030200100039,2015년 3월 2일 05시,월요일,충청남도 천안시 서북구 백석동,사망사고,1,0,0,0,차대사람 - 횡단중,신호위반,건조,맑음,교차로 - 교차로안,건설기계,남,55세,상해없음,보행자,남,86세,사망
2015030200100064,2015년 3월 2일 07시,월요일,충청남도 천안시 서북구 성정동,중상사고,0,1,1,0,차대사람 - 횡단중,안전운전불이행,건조,맑음,단일로 - 기타,승용,남,52세,상해없음,보행자,여,74세,경상
2015030200100065,2015년 3월 2일 07시,월요일,충청남도 금산군 추부면,중상사고,0,2,1,0,차량단독 - 공작물충돌,안전운전불이행,건조,맑음,단일로 - 기타,화물,남,50세,경상,,,,
2015030200100066,2015년 3월 2일 07시,월요일,충청남도 청양군 화성면,사망사고,1,0,0,0,차대사람 - 길가장자리구역통행중,안전운전불이행,건조,맑음,단일로 - 기타,승용,여,49세,상해없음,보행자,여,86세,사망
2015030200100109,2015년 3월 2일 08시,월요일,충청남도 천안시 서북구 직산읍,경상사고,0,0,1,0,차대차 - 측면직각충돌,교차로운행방법위반,건조,맑음,교차로 - 교차로안,승용,여,45세,상해없음,승용,여,58세,경상
2015030200100149,2015년 3월 2일 09시,월요일,충청남도 천안시 서북구 백석동,중상사고,0,1,1,0,차대차 - 측면직각충돌,신호위반,건조,맑음,교차로 - 교차로안,원동기,남,54세,중상,승용,여,39세,경상
2015030200100194,2015년 3월 2일 10시,월요일,충청남도 공주시 의당면,중상사고,0,1,0,0,차대사람 - 횡단중,안전운전불이행,건조,맑음,교차로 - 교차로안,화물,남,57세,상해없음,보행자,여,86세,중상
2015030200100280,2015년 3월 2일 13시,월요일,충청남도 서산시 읍내동,중상사고,0,1,0,0,차대차 - 측면직각충돌,교차로운행방법위반,건조,맑음,교차로 - 교차로안,승용,남,36세,상해없음,이륜,남,78세,중상
2015030200100281,2015년 3월 2일 13시,월요일,충청남도 천안시 서북구 두정동,경상사고,0,0,1,0,차대사람 - 횡단중,안전운전불이행,건조,맑음,단일로 - 기타,승용,여,45세,상해없음,보행자,남,6세,경상
2015030200100282,2015년 3월 2일 13시,월요일,충청남도 홍성군 홍성읍,중상사고,0,1,0,0,차대사람 - 횡단중,안전운전불이행,건조,맑음,단일로 - 기타,승용,남,37세,상해없음,보행자,남,59세,중상
2015030200100283,2015년 3월 2일 13시,월요일,충청남도 아산시 풍기동,경상사고,0,0,3,0,차대차 - 추돌 - 진행중,안전운전불이행,건조,맑음,단일로 - 기타,화물,남,39세,상해없음,승용,남,44세,경상
2015030200100285,2015년 3월 2일 13시,월요일,충청남도 천안시 동남구 목천읍,경상사고,0,0,1,0,차대차 - 추돌 - 진행중,안전운전불이행,건조,맑음,단일로 - 기타,승용,남,25세,상해없음,승용,남,45세,상해없음
2015030200100359,2015년 3월 2일 15시,월요일,충청남도 서산시 석남동,경상사고,0,0,1,0,차대차 - 측면직각충돌,교차로운행방법위반,건조,맑음,교차로 - 교차로부근,이륜,남,73세,경상,승용,여,58세,상해없음
2015030200100394,2015년 3월 2일 16시,월요일,충청남도 서산시 지곡면,경상사고,0,0,1,0,차대차 - 기타,기타,건조,맑음,교차로 - 교차로안,승용,남,41세,경상,건설기계,남,56세,상해없음
2015030200100395,2015년 3월 2일 16시,월요일,충청남도 공주시 중동,경상사고,0,0,2,0,차대차 - 추돌 - 진행중,안전운전불이행,건조,맑음,단일로 - 기타,화물,남,18세,기타불명,승용,남,83세,경상
2015030200100396,2015년 3월 2일 16시,월요일,충청남도 당진시 신평면,부상신고사고,0,0,0,2,차대차 - 추돌 - 진행중,안전운전불이행,건조,맑음,단일로 - 기타,특수,남,27세,상해없음,승용,여,44세,상해없음
2015030200100420,2015년 3월 2일 17시,월요일,충청남도 금산군 복수면,중상사고,0,1,0,0,차대차 - 측면직각충돌,신호위반,건조,맑음,교차로 - 교차로안,화물,남,58세,상해없음,승용,여,56세,중상
2015030200100488,2015년 3월 2일 19시,월요일,충청남도 예산군 광시면,경상사고,0,0,1,0,차대사람 - 횡단중,안전운전불이행,건조,흐림,교차로 - 교차로안,화물,여,53세,기타불명,보행자,남,16세,경상
2015030200100518,2015년 3월 2일 20시,월요일,충청남도 서산시 읍내동,경상사고,0,0,1,0,차대사람 - 기타,안전운전불이행,건조,맑음,기타 - 기타,승용,여,28세,상해없음,보행자,남,45세,경상
2015030200100519,2015년 3월 2일 20시,월요일,충청남도 천안시 서북구 백석동,중상사고,0,1,0,0,차대차 - 추돌 - 주정차중,안전운전불이행,건조,맑음,교차로 - 교차로부근,승용,남,28세,상해없음,승용,여,47세,중상
2015030200100520,2015년 3월 2일 20시,월요일,충청남도 천안시 서북구 백석동,경상사고,0,0,1,0,차대차 - 기타,안전운전불이행,건조,맑음,교차로 - 교차로부근,승용,남,34세,상해없음,승용,여,25세,경상
2015030200100521,2015년 3월 2일 20시,월요일,충청남도 홍성군 갈산면,중상사고,0,2,0,0,차대차 - 추돌 - 진행중,안전운전불이행,건조,맑음,단일로 - 기타,승용,남,58세,상해없음,이륜,남,53세,중상
2015030200100522,2015년 3월 2일 20시,월요일,충청남도 보령시 주교면,경상사고,0,0,4,0,차대차 - 정면충돌,중앙선침범,건조,맑음,단일로 - 기타,승용,남,40세,상해없음,승용,남,57세,경상
2015030200100549,2015년 3월 2일 21시,월요일,충청남도 아산시 둔포면,경상사고,0,0,2,0,차대차 - 측면직각충돌,교차로운행방법위반,건조,맑음,교차로 - 교차로안,화물,남,49세,상해없음,승용,여,36세,경상
2015030200100550,2015년 3월 2일 21시,월요일,충청남도 공주시 신관동,경상사고,0,0,1,0,차대차 - 측면직각충돌,신호위반,건조,맑음,교차로 - 교차로안,이륜,남,18세,기타불명,승용,여,45세,경상
2015030200100569,2015년 3월 2일 22시,월요일,충청남도 천안시 서북구 성정동,경상사고,0,0,1,0,차대사람 - 기타,안전운전불이행,건조,맑음,교차로 - 교차로부근,승용,기타불명,기타불명,기타불명,보행자,남,47세,경상
2015030300100008,2015년 3월 3일 00시,화요일,충청남도 천안시 동남구 신부동,중상사고,0,1,0,0,차대차 - 추돌 - 진행중,안전운전불이행,건조,맑음,교차로 - 교차로부근,승용,남,48세,상해없음,이륜,남,26세,중상
2015030300100018,2015년 3월 3일 01시,화요일,충청남도 천안시 동남구 안서동,중상사고,0,2,0,0,차대사람 - 보도통행중,안전운전불이행,건조,맑음,단일로 - 기타,승용,남,23세,상해없음,보행자,여,21세,중상
2015030300100028,2015년 3월 3일 02시,화요일,충청남도 천안시 서북구 두정동,중상사고,0,1,0,0,차대사람 - 기타,안전운전불이행,건조,맑음,단일로 - 기타,승용,남,18세,기타불명,보행자,여,24세,중상
2015030300100048,2015년 3월 3일 05시,화요일,충청남도 계룡시 두마면,경상사고,0,0,1,0,차대차 - 추돌 - 진행중,안전운전불이행,건조,맑음,단일로 - 기타,화물,남,34세,상해없음,화물,남,48세,경상
2015030300100075,2015년 3월 3일 07시,화요일,충청남도 천안시 서북구 직산읍,경상사고,0,0,1,0,차대차 - 측면직각충돌,교차로운행방법위반,건조,맑음,교차로 - 교차로안,승용,남,43세,상해없음,화물,남,44세,경상
2015030300100103,2015년 3월 3일 08시,화요일,충청남도 예산군 오가면,사망사고,1,0,0,0,차대차 - 측면직각충돌,직진우회전진행방해,건조,맑음,교차로 - 교차로안,건설기계,남,50세,상해없음,화물,남,26세,사망
2015030300100104,2015년 3월 3일 08시,화요일,충청남도 예산군 예산읍,중상사고,0,1,0,0,차대차 - 추돌 - 진행중,직진우회전진행방해,건조,맑음,교차로 - 교차로안,승용,여,38세,상해없음,이륜,남,72세,중상
2015030300100151,2015년 3월 3일 10시,화요일,충청남도 서산시 운산면,중상사고,0,1,0,0,차대사람 - 횡단중,보행자보호의무위반,건조,맑음,교차로 - 교차로부근,화물,남,65세,상해없음,보행자,여,80세,중상
2015030300100152,2015년 3월 3일 10시,화요일,충청남도 공주시 쌍신동,사망사고,1,0,0,0,차대사람 - 횡단중,안전운전불이행,건조,맑음,단일로 - 기타,화물,남,46세,상해없음,보행자,여,84세,사망
2015030300100153,2015년 3월 3일 10시,화요일,충청남도 공주시 정안면,중상사고,0,1,0,0,차대차 - 측면직각충돌,안전운전불이행,건조,맑음,단일로 - 기타,이륜,남,83세,중상,화물,남,50세,상해없음
2015030300100174,2015년 3월 3일 11시,화요일,충청남도 금산군 금성면,경상사고,0,0,1,0,차대차 - 추돌 - 진행중,안전운전불이행,건조,맑음,교차로 - 교차로부근,승용,남,74세,상해없음,승용,남,43세,경상
2015030300100231,2015년 3월 3일 13시,화요일,충청남도 서산시 예천동,중상사고,0,1,0,0,차대차 - 정면충돌,안전운전불이행,건조,흐림,단일로 - 기타,승용,남,42세,상해없음,승용,여,35세,중상
2015030300100279,2015년 3월 3일 15시,화요일,충청남도 서천군 비인면,중상사고,0,1,0,0,차량단독 - 기타,안전운전불이행,건조,맑음,단일로 - 기타,승용,남,67세,상해없음,,,,
2015030300100280,2015년 3월 3일 15시,화요일,충청남도 공주시 탄천면,중상사고,0,1,0,0,차대사람 - 길가장자리구역통행중,안전운전불이행,건조,맑음,단일로 - 기타,승용,남,42세,상해없음,보행자,여,74세,중상
2015030300100316,2015년 3월 3일 16시,화요일,충청남도 천안시 서북구 쌍용동,중상사고,0,1,2,0,차대차 - 측면직각충돌,중앙선침범,건조,맑음,단일로 - 기타,승용,남,38세,상해없음,승용,여,34세,중상
2015030300100317,2015년 3월 3일 16시,화요일,충청남도 홍성군 홍성읍,경상사고,0,0,1,0,차대차 - 측면직각충돌,안전운전불이행,습기,비,단일로 - 기타,승용,여,50세,상해없음,승용,남,30세,경상
2015030300100398,2015년 3월 3일 18시,화요일,충청남도 천안시 서북구 쌍용동,경상사고,0,0,1,0,차대차 - 측면직각충돌,신호위반,습기,비,교차로 - 교차로안,승용,남,57세,상해없음,승용,남,48세,경상
2015030300100399,2015년 3월 3일 18시,화요일,충청남도 아산시 배방읍,중상사고,0,1,0,0,차량단독 - 전도전복,안전운전불이행,습기,비,단일로 - 기타,이륜,남,66세,중상,,,,
2015030300100448,2015년 3월 3일 19시,화요일,충청남도 서산시 해미면,경상사고,0,0,1,0,차대차 - 정면충돌,안전운전불이행,습기,맑음,단일로 - 기타,승용,남,22세,상해없음,이륜,남,27세,경상
2015030300100449,2015년 3월 3일 19시,화요일,충청남도 홍성군 홍성읍,중상사고,0,1,0,0,차대사람 - 차도통행중,안전운전불이행,습기,비,교차로 - 교차로안,승용,기타불명,기타불명,기타불명,보행자,여,65세,중상
2015030300100506,2015년 3월 3일 21시,화요일,충청남도 서천군 서천읍,경상사고,0,0,2,0,차대차 - 기타,직진우회전진행방해,습기,흐림,교차로 - 교차로안,승용,여,59세,경상,승용,여,60세,경상
2015030300100508,2015년 3월 3일 21시,화요일,충청남도 예산군 예산읍,경상사고,0,0,1,0,차대차 - 측면직각충돌,직진우회전진행방해,습기,흐림,교차로 - 교차로안,화물,남,44세,상해없음,원동기,남,47세,경상
2015030300100509,2015년 3월 3일 21시,화요일,충청남도 금산군 복수면,경상사고,0,0,2,0,차대차 - 측면직각충돌,기타,습기,비,단일로 - 기타,승용,남,22세,상해없음,승용,남,68세,경상
2015030300100546,2015년 3월 3일 22시,화요일,충청남도 천안시 동남구 원성동,경상사고,0,0,2,0,차대사람 - 횡단중,신호위반,건조,맑음,교차로 - 교차로안,승용,남,41세,상해없음,보행자,남,28세,경상
2015030400100011,2015년 3월 4일 00시,수요일,충청남도 천안시 서북구 두정동,경상사고,0,0,1,0,차대차 - 측면직각충돌,안전운전불이행,건조,맑음,단일로 - 기타,승용,남,27세,상해없음,승용,남,63세,경상
2015030400100025,2015년 3월 4일 01시,수요일,충청남도 천안시 동남구 신방동,중상사고,0,1,0,0,차대사람 - 횡단중,안전거리미확보,건조,맑음,교차로 - 교차로안,승용,남,51세,상해없음,보행자,남,38세,중상
2015030400100031,2015년 3월 4일 02시,수요일,충청남도 천안시 서북구 성정동,경상사고,0,0,1,0,차대차 - 추돌 - 주정차중,안전운전불이행,건조,맑음,단일로 - 기타,승용,남,36세,상해없음,승용,남,44세,경상
2015030400100039,2015년 3월 4일 03시,수요일,충청남도 공주시 우성면,중상사고,0,1,1,0,차대차 - 추돌 - 진행중,안전운전불이행,건조,맑음,단일로 - 기타,승용,남,34세,기타불명,화물,남,38세,경상
2015030400100065,2015년 3월 4일 06시,수요일,충청남도 태안군 태안읍,사망사고,1,1,0,0,차대차 - 측면직각충돌,신호위반,건조,맑음,교차로 - 교차로안,승용,남,45세,중상,승합,남,50세,사망
2015030400100120,2015년 3월 4일 08시,수요일,충청남도 태안군 태안읍,경상사고,0,0,1,0,차대차 - 추돌 - 진행중,안전운전불이행,건조,맑음,단일로 - 기타,승용,여,28세,상해없음,승용,여,42세,경상
2015030400100164,2015년 3월 4일 09시,수요일,충청남도 논산시 부적면,경상사고,0,0,3,0,차대차 - 추돌 - 주정차중,안전운전불이행,건조,맑음,단일로 - 기타,승합,남,62세,경상,승용,남,40세,경상
2015030400100165,2015년 3월 4일 09시,수요일,충청남도 보령시 요암동,중상사고,0,1,0,0,차대차 - 추돌 - 주정차중,안전운전불이행,건조,맑음,교차로 - 교차로부근,승용,남,80세,상해없음,승용,여,42세,중상
2015030400100183,2015년 3월 4일 10시,수요일,충청남도 홍성군 홍성읍,경상사고,0,0,1,0,차대차 - 측면직각충돌,교차로운행방법위반,건조,맑음,교차로 - 교차로안,승용,남,46세,상해없음,승용,남,32세,상해없음
2015030400100184,2015년 3월 4일 10시,수요일,충청남도 금산군 금산읍,경상사고,0,0,1,0,차대차 - 측면직각충돌,안전운전불이행,건조,맑음,단일로 - 기타,이륜,남,84세,경상,승용,여,46세,상해없음
2015030400100210,2015년 3월 4일 11시,수요일,충청남도 당진시 석문면,경상사고,0,0,1,0,차대차 - 기타,교차로운행방법위반,건조,맑음,교차로 - 교차로안,승용,남,32세,상해없음,화물,여,49세,경상
2015030400100259,2015년 3월 4일 13시,수요일,충청남도 서산시 음암면,경상사고,0,0,2,0,차대차 - 추돌 - 진행중,안전거리미확보,건조,맑음,기타 - 기타,화물,남,35세,상해없음,승용,남,37세,경상
2015030400100260,2015년 3월 4일 13시,수요일,충청남도 보령시 동대동,경상사고,0,0,1,0,차대사람 - 기타,안전운전불이행,건조,맑음,기타 - 기타,승용,남,55세,상해없음,보행자,남,57세,경상
2015030400100283,2015년 3월 4일 14시,수요일,충청남도 논산시 반월동,경상사고,0,0,1,0,차대사람 - 보도통행중,안전운전불이행,건조,맑음,교차로 - 교차로안,승용,남,61세,상해없음,보행자,남,8세,경상
2015030400100284,2015년 3월 4일 14시,수요일,충청남도 아산시 온천동,중상사고,0,1,0,0,차대사람 - 횡단중,안전운전불이행,건조,맑음,교차로 - 교차로안,승용,여,52세,상해없음,보행자,남,48세,중상
2015030400100313,2015년 3월 4일 15시,수요일,충청남도 서천군 비인면,경상사고,0,0,1,0,차량단독 - 기타,안전운전불이행,건조,맑음,단일로 - 기타,승합,남,54세,상해없음,,,,
2015030400100345,2015년 3월 4일 16시,수요일,충청남도 논산시 강산동,경상사고,0,0,1,0,차대차 - 측면직각충돌,불법유턴,건조,맑음,교차로 - 교차로부근,자전거,남,13세,경상,승합,남,62세,상해없음
2015030400100346,2015년 3월 4일 16시,수요일,충청남도 서천군 장항읍,경상사고,0,0,1,0,차대차 - 기타,안전운전불이행,건조,맑음,교차로 - 교차로부근,승합,남,63세,상해없음,승용,여,52세,경상
2015030400100347,2015년 3월 4일 16시,수요일,충청남도 당진시 대덕리,중상사고,0,1,1,0,차대차 - 추돌 - 진행중,신호위반,건조,맑음,교차로 - 교차로안,승용,남,32세,상해없음,승용,여,48세,중상
2015030400100379,2015년 3월 4일 17시,수요일,충청남도 천안시 서북구 불당동,경상사고,0,0,2,0,차대차 - 측면직각충돌,안전운전불이행,건조,맑음,교차로 - 교차로부근,승용,남,20세,상해없음,승용,여,45세,경상
2015030400100380,2015년 3월 4일 17시,수요일,충청남도 당진시 읍내리,경상사고,0,0,1,0,차대사람 - 기타,보행자보호의무위반,건조,맑음,교차로 - 교차로부근,승용,남,41세,상해없음,보행자,여,39세,경상
2015030400100415,2015년 3월 4일 18시,수요일,충청남도 서천군 서천읍,중상사고,0,1,0,0,차대차 - 기타,안전운전불이행,건조,맑음,단일로 - 기타,화물,남,77세,상해없음,원동기,남,79세,중상
2015030400100460,2015년 3월 4일 19시,수요일,충청남도 논산시 강경읍,경상사고,0,0,1,0,차대사람 - 차도통행중,안전운전불이행,건조,맑음,단일로 - 기타,화물,남,54세,상해없음,보행자,남,16세,경상
2015030400100461,2015년 3월 4일 19시,수요일,충청남도 천안시 동남구 구성동,경상사고,0,0,1,0,차대차 - 정면충돌,안전운전불이행,건조,맑음,교차로 - 교차로부근,승용,남,59세,상해없음,승합,남,55세,상해없음
2015030400100504,2015년 3월 4일 20시,수요일,충청남도 홍성군 홍성읍,경상사고,0,0,1,0,차대차 - 측면직각충돌,교차로운행방법위반,건조,맑음,교차로 - 교차로안,승용,여,51세,경상,화물,남,48세,상해없음
2015030400100538,2015년 3월 4일 21시,수요일,충청남도 보령시 대천동,경상사고,0,0,2,0,차대차 - 기타,불법유턴,건조,맑음,교차로 - 교차로안,기타불명,기타불명,기타불명,기타불명,이륜,남,18세,경상
2015030400100572,2015년 3월 4일 22시,수요일,충청남도 천안시 동남구 신방동,경상사고,0,0,4,0,차대차 - 정면충돌,신호위반,건조,맑음,교차로 - 교차로안,승용,여,35세,상해없음,승용,여,47세,경상