사고번호,사고일시,요일,시군구,사고내용,사망자수,중상자수,경상자수,부상신고자수,사고유형,법규위반,노면상태,기상상태,도로형태,가해운전자 차종,가해운전자 성별,가해운전자 연령,가해운전자 상해정도,피해운전자 차종,피해운전자 성별,피해운전자 연령,피해운전자 상해정도
2015030500100026,2015년 3월 5일 01시,목요일,충청남도 천안시 서북구 쌍용동,경상사고,0,0,1,0,차대차 - 측면직각충돌,안전운전불이행,건조,맑음,교차로 - 교차로부근,이륜,남,39세,경상,승용,남,45세,상해없음
2015030500100034,2015년 3월 5일 02시,목요일,충청남도 천안시 서북구 쌍용동,사망사고,1,0,0,0,차대차 - 측면직각충돌,안전운전불이행,건조,맑음,교차로 - 교차로부근,승용,남,29세,상해없음,자전거,남,77세,사망
2015030500100035,2015년 3월 5일 02시,목요일,충청남도 천안시 동남구 신부동,중상사고,0,1,0,0,차대차 - 추돌 - 주정차중,기타,건조,맑음,교차로 - 교차로부근,승용,남,49세,상해없음,승용,여,33세,중상
2015030500100047,2015년 3월 5일 04시,목요일,충청남도 보령시 웅천읍,중상사고,0,1,0,0,차량단독 - 도로외이탈 - 추락,안전운전불이행,건조,맑음,단일로 - 기타,화물,남,40세,중상,,,,
2015030500100118,2015년 3월 5일 08시,목요일,충청남도 천안시 서북구 성정동,경상사고,0,0,1,0,차대사람 - 기타,안전운전불이행,건조,맑음,단일로 - 기타,기타불명,기타불명,기타불명,기타불명,보행자,남,38세,경상
2015030500100119,2015년 3월 5일 08시,목요일,충청남도 보령시 동대동,중상사고,0,2,1,0,차대차 - 측면직각충돌,직진우회전진행방해,건조,맑음,교차로 - 교차로안,승용,남,50세,경상,승용,여,27세,중상
2015030500100163,2015년 3월 5일 09시,목요일,충청남도 서천군 서천읍,부상신고사고,0,0,0,2,차대차 - 추돌 - 진행중,안전운전불이행,건조,맑음,단일로 - 기타,화물,남,51세,부상신고,화물,남,41세,부상신고
2015030500100202,2015년 3월 5일 11시,목요일,충청남도 홍성군 홍북면,사망사고,1,0,0,0,차대차 - 측면직각충돌,교차로운행방법위반,건조,맑음,교차로 - 교차로안,승용,여,63세,상해없음,이륜,남,70세,사망
2015030500100229,2015년 3월 5일 12시,목요일,충청남도 공주시 중동,경상사고,0,0,1,0,차대사람 - 차도통행중,안전운전불이행,건조,맑음,단일로 - 기타,승용,남,49세,상해없음,보행자,남,73세,경상
2015030500100297,2015년 3월 5일 14시,목요일,충청남도 당진시 합덕읍,중상사고,0,2,0,0,차대차 - 측면직각충돌,신호위반,건조,맑음,교차로 - 교차로안,승용,남,45세,중상,승용,여,59세,중상
2015030500100298,2015년 3월 5일 14시,목요일,충청남도 천안시 동남구 원성동,중상사고,0,1,0,0,차대차 - 추돌 - 진행중,차로위반,건조,맑음,교차로 - 교차로안,승용,남,49세,상해없음,이륜,남,76세,중상
2015030500100339,2015년 3월 5일 15시,목요일,충청남도 논산시 내동,경상사고,0,0,1,0,차량단독 - 기타,안전운전불이행,건조,맑음,단일로 - 기타,승용,남,58세,상해없음,,,,
2015030500100341,2015년 3월 5일 15시,목요일,충청남도 예산군 신양면,경상사고,0,0,1,0,차대사람 - 길가장자리구역통행중,안전운전불이행,건조,맑음,기타 - 기타,화물,남,58세,상해없음,보행자,남,84세,경상
2015030500100370,2015년 3월 5일 16시,목요일,충청남도 천안시 서북구 쌍용동,경상사고,0,0,1,0,차대사람 - 횡단중,안전운전불이행,건조,맑음,단일로 - 기타,승용,여,49세,상해없음,보행자,여,60세,경상
2015030500100371,2015년 3월 5일 16시,목요일,충청남도 서천군 마서면,중상사고,0,1,0,0,차대차 - 기타,중앙선침범,건조,맑음,단일로 - 기타,화물,남,74세,상해없음,승용,여,54세,중상
2015030500100372,2015년 3월 5일 16시,목요일,충청남도 보령시 대천동,중상사고,0,1,0,0,차대차 - 측면직각충돌,안전운전불이행,건조,맑음,단일로 - 기타,승용,남,67세,상해없음,자전거,남,75세,중상
2015030500100406,2015년 3월 5일 17시,목요일,충청남도 아산시 방축동,사망사고,1,0,0,0,차대차 - 추돌 - 진행중,안전운전불이행,건조,맑음,단일로 - 기타,이륜,남,54세,사망,승용,여,기타불명,기타불명
2015030500100407,2015년 3월 5일 17시,목요일,충청남도 부여군 부여읍,경상사고,0,0,1,0,차대차 - 추돌 - 진행중,안전운전불이행,건조,맑음,교차로 - 교차로부근,승용,여,44세,상해없음,승용,여,45세,경상
2015030500100432,2015년 3월 5일 18시,목요일,충청남도 천안시 서북구 두정동,경상사고,0,0,1,0,차대차 - 추돌 - 주정차중,안전운전불이행,건조,맑음,단일로 - 기타,승용,남,28세,상해없음,승용,남,36세,경상
2015030500100478,2015년 3월 5일 19시,목요일,충청남도 서산시 석림동,경상사고,0,0,1,0,차대차 - 측면직각충돌,교차로운행방법위반,건조,맑음,교차로 - 교차로부근,승용,남,62세,상해없음,원동기,남,21세,경상
2015030500100479,2015년 3월 5일 19시,목요일,충청남도 천안시 서북구 직산읍,경상사고,0,0,3,0,차대차 - 측면직각충돌,안전운전불이행,건조,맑음,교차로 - 교차로안,화물,남,49세,상해없음,승용,남,53세,상해없음
2015030500100480,2015년 3월 5일 19시,목요일,충청남도 계룡시 신도안면,경상사고,0,0,3,0,차대차 - 추돌 - 주정차중,안전운전불이행,건조,맑음,단일로 - 기타,승용,여,38세,경상,승합,남,55세,경상
2015030500100481,2015년 3월 5일 19시,목요일,충청남도 천안시 동남구 원성동,경상사고,0,0,1,0,차대사람 - 차도통행중,안전운전불이행,건조,맑음,단일로 - 기타,승용,남,49세,상해없음,보행자,여,59세,경상
2015030500100482,2015년 3월 5일 19시,목요일,충청남도 천안시 동남구 청당동,경상사고,0,0,1,0,차대차 - 추돌 - 진행중,차로위반,건조,맑음,교차로 - 교차로부근,승합,남,39세,상해없음,이륜,남,20세,경상
2015030500100530,2015년 3월 5일 20시,목요일,충청남도 예산군 예산읍,중상사고,0,1,0,0,차대사람 - 횡단중,안전운전불이행,건조,맑음,단일로 - 기타,이륜,남,20세,상해없음,보행자,여,16세,중상
2015030500100557,2015년 3월 5일 21시,목요일,충청남도 아산시 모종동,중상사고,0,1,5,0,차대차 - 추돌 - 진행중,안전운전불이행,건조,맑음,단일로 - 기타,승용,남,62세,상해없음,승용,남,50세,경상
2015030500100558,2015년 3월 5일 21시,목요일,충청남도 아산시 둔포면,경상사고,0,0,4,0,차대차 - 추돌 - 주정차중,안전운전불이행,건조,맑음,교차로 - 교차로부근,승용,남,34세,상해없음,승용,남,53세,경상
2015030500100583,2015년 3월 5일 22시,목요일,충청남도 아산시 온천동,중상사고,0,1,2,0,차대차 - 측면직각충돌,직진우회전진행방해,건조,맑음,교차로 - 교차로안,승용,여,46세,기타불명,승용,남,43세,중상
2015030600100060,2015년 3월 6일 06시,금요일,충청남도 서산시 지곡면,중상사고,0,2,0,0,차대차 - 측면직각충돌,신호위반,건조,맑음,교차로 - 교차로안,승용,남,58세,상해없음,승용,여,45세,중상
2015030600100061,2015년 3월 6일 06시,금요일,충청남도 아산시 온천동,경상사고,0,0,1,0,차대차 - 측면직각충돌,안전운전불이행,건조,맑음,단일로 - 기타,승용,남,38세,경상,승용,여,20세,상해없음
2015030600100081,2015년 3월 6일 07시,금요일,충청남도 논산시 광석면,경상사고,0,0,1,0,차대차 - 측면직각충돌,교차로운행방법위반,건조,맑음,교차로 - 교차로안,농기계,여,74세,경상,승용,여,55세,상해없음
2015030600100116,2015년 3월 6일 08시,금요일,충청남도 서산시 석림동,경상사고,0,0,1,0,차대차 - 측면직각충돌,안전운전불이행,건조,맑음,교차로 - 교차로안,자전거,여,64세,경상,승용,남,45세,상해없음
2015030600100117,2015년 3월 6일 08시,금요일,충청남도 천안시 서북구 두정동,경상사고,0,0,2,0,차대차 - 측면직각충돌,안전운전불이행,건조,맑음,교차로 - 교차로안,승용,남,63세,상해없음,승용,남,40세,경상
2015030600100118,2015년 3월 6일 08시,금요일,충청남도 서천군 서천읍,중상사고,0,1,0,0,차량단독 - 공작물충돌,안전운전불이행,건조,맑음,단일로 - 기타,승용,여,24세,중상,,,,
2015030600100160,2015년 3월 6일 09시,금요일,충청남도 천안시 서북구 두정동,경상사고,0,0,1,0,차대차 - 기타,교차로운행방법위반,건조,맑음,교차로 - 교차로안,승용,여,35세,상해없음,승용,남,47세,경상
2015030600100187,2015년 3월 6일 10시,금요일,충청남도 논산시 은진면,중상사고,0,1,0,0,차대차 - 측면직각충돌,신호위반,건조,맑음,교차로 - 교차로안,승용,남,45세,상해없음,이륜,남,48세,중상
2015030600100188,2015년 3월 6일 10시,금요일,충청남도 홍성군 갈산면,중상사고,0,1,0,0,차대차 - 기타,안전거리미확보,건조,맑음,단일로 - 기타,화물,남,42세,상해없음,승용,남,64세,상해없음
2015030600100206,2015년 3월 6일 11시,금요일,충청남도 홍성군 장곡면,중상사고,0,2,0,0,차대차 - 추돌 - 진행중,기타,건조,맑음,교차로 - 교차로안,승용,남,59세,기타불명,승용,남,55세,중상
2015030600100230,2015년 3월 6일 12시,금요일,충청남도 계룡시 금암동,중상사고,0,1,0,0,차량단독 - 공작물충돌,안전운전불이행,건조,맑음,단일로 - 기타,승합,여,44세,중상,,,,
2015030600100231,2015년 3월 6일 12시,금요일,충청남도 아산시 방축동,중상사고,0,1,1,0,차대차 - 추돌 - 진행중,안전운전불이행,건조,맑음,단일로 - 기타,승합,남,47세,중상,승합,여,35세,경상
2015030600100256,2015년 3월 6일 13시,금요일,충청남도 당진시 정미면,경상사고,0,0,2,0,차대차 - 정면충돌,안전운전불이행,건조,맑음,교차로 - 교차로안,원동기,남,81세,경상,화물,남,58세,상해없음
2015030600100283,2015년 3월 6일 14시,금요일,충청남도 서천군 장항읍,사망사고,1,0,1,0,차대차 - 기타,신호위반,건조,맑음,교차로 - 교차로안,원동기,남,83세,사망,화물,남,55세,경상
2015030600100318,2015년 3월 6일 15시,금요일,충청남도 보령시 대천동,중상사고,0,1,0,0,차대차 - 기타,직진우회전진행방해,건조,맑음,교차로 - 교차로안,원동기,남,36세,중상,승용,여,26세,상해없음
2015030600100319,2015년 3월 6일 15시,금요일,충청남도 공주시 신관동,중상사고,0,1,0,0,차대사람 - 횡단중,안전운전불이행,건조,맑음,교차로 - 교차로안,이륜,남,69세,기타불명,보행자,남,12세,중상
2015030600100360,2015년 3월 6일 16시,금요일,충청남도 천안시 서북구 불당동,경상사고,0,0,2,0,차대차 - 측면직각충돌,신호위반,건조,맑음,교차로 - 교차로안,승용,여,21세,경상,승합,남,55세,경상
2015030600100361,2015년 3월 6일 16시,금요일,충청남도 보령시 명천동,중상사고,0,1,0,0,차대사람 - 기타,안전운전불이행,건조,맑음,단일로 - 기타,승용,여,43세,상해없음,보행자,여,83세,중상
2015030600100362,2015년 3월 6일 16시,금요일,충청남도 당진시 송악읍,중상사고,0,1,0,0,차대차 - 추돌 - 진행중,안전운전불이행,건조,맑음,단일로 - 기타,특수,남,47세,상해없음,승용,남,41세,중상
2015030600100363,2015년 3월 6일 16시,금요일,충청남도 천안시 서북구 성거읍,중상사고,0,1,0,0,차대차 - 추돌 - 진행중,안전거리미확보,건조,맑음,단일로 - 기타,승용,남,25세,상해없음,승용,남,34세,중상
2015030600100406,2015년 3월 6일 17시,금요일,충청남도 천안시 서북구 두정동,경상사고,0,0,1,0,차대차 - 측면직각충돌,교차로운행방법위반,건조,맑음,교차로 - 교차로안,원동기,남,17세,경상,승용,남,57세,상해없음
2015030600100444,2015년 3월 6일 18시,금요일,충청남도 논산시 연산면,경상사고,0,0,1,0,차대차 - 추돌 - 진행중,안전운전불이행,건조,맑음,교차로 - 교차로부근,승용,남,60세,상해없음,화물,남,47세,경상
2015030600100445,2015년 3월 6일 18시,금요일,충청남도 예산군 예산읍,중상사고,0,1,0,0,차대사람 - 횡단중,보행자보호의무위반,건조,맑음,교차로 - 교차로부근,승용,남,33세,상해없음,보행자,여,49세,중상
2015030600100551,2015년 3월 6일 21시,금요일,충청남도 태안군 태안읍,사망사고,1,0,0,0,차대사람 - 기타,안전운전불이행,건조,맑음,단일로 - 기타,승용,남,46세,상해없음,보행자,남,66세,사망
2015030600100552,2015년 3월 6일 21시,금요일,충청남도 홍성군 홍북면,중상사고,0,1,0,0,차대차 - 측면직각충돌,신호위반,건조,맑음,교차로 - 교차로안,승용,여,32세,상해없음,승용,여,33세,중상
2015030600100612,2015년 3월 6일 23시,금요일,충청남도 천안시 서북구 성정동,경상사고,0,0,1,0,차대차 - 추돌 - 주정차중,안전운전불이행,건조,맑음,단일로 - 기타,승용,남,54세,상해없음,승용,여,44세,상해없음
2015030600100613,2015년 3월 6일 23시,금요일,충청남도 아산시 배방읍,경상사고,0,0,2,0,차대차 - 추돌 - 주정차중,안전운전불이행,건조,맑음,단일로 - 기타,승용,남,27세,상해없음,승용,여,50세,경상
2015030600100615,2015년 3월 6일 23시,금요일,충청남도 천안시 동남구 신부동,경상사고,0,0,1,0,차대차 - 추돌 - 진행중,안전운전불이행,건조,맑음,단일로 - 기타,승용,남,40세,상해없음,승용,남,52세,경상
2015030700100102,2015년 3월 7일 04시,토요일,충청남도 천안시 서북구 두정동,중상사고,0,1,3,0,차대차 - 측면직각충돌,신호위반,건조,맑음,교차로 - 교차로안,승용,남,23세,경상,승용,남,60세,경상
2015030700100118,2015년 3월 7일 05시,토요일,충청남도 아산시 탕정면,경상사고,0,0,1,0,차대차 - 정면충돌,중앙선침범,건조,맑음,단일로 - 기타,승용,남,29세,상해없음,승용,남,38세,경상
2015030700100136,2015년 3월 7일 07시,토요일,충청남도 아산시 둔포면,중상사고,0,1,0,0,차대사람 - 횡단중,보행자보호의무위반,건조,맑음,교차로 - 교차로안,승합,여,38세,상해없음,보행자,남,62세,중상
2015030700100156,2015년 3월 7일 08시,토요일,충청남도 아산시 득산동,부상신고사고,0,0,0,1,차대차 - 기타,중앙선침범,건조,맑음,단일로 - 기타,원동기,남,43세,부상신고,승용,남,33세,상해없음
2015030700100157,2015년 3월 7일 08시,토요일,충청남도 금산군 금산읍,중상사고,0,1,0,0,차대사람 - 차도통행중,안전운전불이행,건조,맑음,교차로 - 교차로부근,화물,남,28세,상해없음,보행자,여,76세,중상
2015030700100180,2015년 3월 7일 09시,토요일,충청남도 서천군 서천읍,중상사고,0,1,0,0,차대사람 - 기타,안전운전불이행,건조,맑음,단일로 - 기타,승용,여,61세,상해없음,보행자,여,66세,중상
2015030700100205,2015년 3월 7일 10시,토요일,충청남도 서산시 고북면,중상사고,0,1,0,0,차대차 - 측면직각충돌,안전운전불이행,건조,맑음,단일로 - 기타,화물,남,51세,상해없음,원동기,남,60세,중상
2015030700100206,2015년 3월 7일 10시,토요일,충청남도 아산시 실옥동,중상사고,0,1,0,0,차대차 - 측면직각충돌,교차로운행방법위반,건조,맑음,교차로 - 교차로안,승용,남,43세,상해없음,이륜,남,36세,중상
2015030700100207,2015년 3월 7일 10시,토요일,충청남도 당진시 송악읍,경상사고,0,0,1,0,차대차 - 측면직각충돌,안전운전불이행,건조,맑음,단일로 - 교량,화물,남,21세,상해없음,화물,남,55세,경상
2015030700100236,2015년 3월 7일 11시,토요일,충청남도 예산군 봉산면,중상사고,0,1,0,0,차대사람 - 횡단중,안전운전불이행,건조,맑음,교차로 - 교차로안,승합,남,65세,상해없음,보행자,여,74세,중상
2015030700100295,2015년 3월 7일 13시,토요일,충청남도 부여군 규암면,사망사고,1,0,0,0,차대사람 - 횡단중,안전운전불이행,건조,맑음,단일로 - 기타,승용,여,50세,상해없음,보행자,여,85세,사망
2015030700100319,2015년 3월 7일 14시,토요일,충청남도 천안시 동남구 목천읍,부상신고사고,0,0,0,1,차량단독 - 공작물충돌,안전운전불이행,건조,맑음,단일로 - 기타,승용,남,27세,부상신고,,,,
2015030700100344,2015년 3월 7일 15시,토요일,충청남도 서산시 대산읍,중상사고,0,1,0,0,차대차 - 측면직각충돌,기타,건조,맑음,단일로 - 기타,이륜,남,46세,중상,승용,남,54세,상해없음
2015030700100373,2015년 3월 7일 16시,토요일,충청남도 계룡시 금암동,경상사고,0,0,2,0,차대차 - 측면직각충돌,신호위반,건조,맑음,교차로 - 교차로안,승용,여,52세,상해없음,화물,남,45세,경상
2015030700100374,2015년 3월 7일 16시,토요일,충청남도 보령시 명천동,경상사고,0,0,3,0,차대차 - 추돌 - 진행중,직진우회전진행방해,건조,맑음,교차로 - 교차로안,승용,여,62세,상해없음,승용,여,42세,경상
2015030700100400,2015년 3월 7일 17시,토요일,충청남도 보령시 궁촌동,중상사고,0,2,1,0,차대차 - 추돌 - 진행중,안전운전불이행,건조,맑음,교차로 - 교차로부근,승용,여,61세,중상,화물,남,22세,경상
2015030700100442,2015년 3월 7일 18시,토요일,충청남도 홍성군 홍동면,경상사고,0,0,2,0,차대차 - 기타,안전운전불이행,건조,맑음,교차로 - 교차로안,승용,기타불명,기타불명,기타불명,화물,남,25세,경상
2015030700100483,2015년 3월 7일 19시,토요일,충청남도 논산시 연무읍,중상사고,0,1,0,0,차대사람 - 횡단중,안전운전불이행,건조,맑음,단일로 - 기타,이륜,남,45세,상해없음,보행자,남,70세,중상
2015030700100484,2015년 3월 7일 19시,토요일,충청남도 당진시 채운동,경상사고,0,0,1,0,차대사람 - 차도통행중,안전운전불이행,건조,맑음,단일로 - 기타,원동기,남,39세,상해없음,보행자,남,40세,경상
2015030700100513,2015년 3월 7일 20시,토요일,충청남도 서산시 석림동,중상사고,0,1,0,0,차대차 - 측면직각충돌,직진우회전진행방해,건조,맑음,교차로 - 교차로안,원동기,남,41세,중상,승용,남,36세,상해없음
2015030700100514,2015년 3월 7일 20시,토요일,충청남도 예산군 오가면,경상사고,0,0,1,0,차대차 - 측면직각충돌,불법유턴,건조,맑음,단일로 - 기타,화물,남,64세,기타불명,화물,남,68세,경상
2015030700100515,2015년 3월 7일 20시,토요일,충청남도 예산군 삽교읍,경상사고,0,0,1,0,차량단독 - 공작물충돌,안전운전불이행,건조,맑음,기타 - 기타,승용,여,62세,경상,,,,
2015030700100543,2015년 3월 7일 21시,토요일,충청남도 부여군 부여읍,중상사고,0,1,0,0,차대차 - 측면직각충돌,안전운전불이행,건조,맑음,교차로 - 교차로안,승용,남,25세,상해없음,이륜,남,17세,상해없음
2015030700100570,2015년 3월 7일 22시,토요일,충청남도 천안시 서북구 두정동,경상사고,0,0,1,0,차대차 - 추돌 - 주정차중,안전운전불이행,건조,맑음,교차로 - 교차로안,승용,여,26세,상해없음,승용,남,23세,경상
2015030700100594,2015년 3월 7일 23시,토요일,충청남도 서산시 동문동,중상사고,0,1,0,0,차대차 - 추돌 - 주정차중,안전운전불이행,건조,맑음,단일로 - 기타,원동기,남,16세,중상,화물,남,35세,기타불명
2015030800100015,2015년 3월 8일 00시,일요일,충청남도 서산시 동문동,중상사고,0,1,1,0,차대차 - 측면직각충돌,직진우회전진행방해,건조,맑음,교차로 - 교차로안,승용,남,30세,상해없음,화물,남,59세,경상
2015030800100037,2015년 3월 8일 01시,일요일,충청남도 천안시 동남구 구성동,중상사고,0,1,0,0,차대차 - 기타,안전운전불이행,건조,맑음,단일로 - 기타,승용,남,29세,상해없음,승용,남,31세,중상
2015030800100053,2015년 3월 8일 02시,일요일,충청남도 당진시 송산면,경상사고,0,0,1,0,차대차 - 정면충돌,중앙선침범,건조,맑음,단일로 - 기타,승용,남,47세,상해없음,승용,여,47세,경상
2015030800100065,2015년 3월 8일 03시,일요일,충청남도 아산시 도고면,중상사고,0,1,0,0,차대차 - 정면충돌,중앙선침범,건조,흐림,교차로 - 교차로안,승용,남,38세,상해없음,승용,남,25세,중상
2015030800100098,2015년 3월 8일 07시,일요일,충청남도 천안시 서북구 쌍용동,경상사고,0,0,1,0,차대차 - 측면직각충돌,차로위반,건조,맑음,교차로 - 교차로부근,승용,남,31세,상해없음,승용,남,68세,경상
2015030800100167,2015년 3월 8일 11시,일요일,충청남도 서천군 서천읍,중상사고,0,1,0,0,차대차 - 기타,직진우회전진행방해,건조,맑음,교차로 - 교차로안,승용,남,71세,상해없음,자전거,여,11세,중상
2015030800100192,2015년 3월 8일 12시,일요일,충청남도 금산군 금성면,중상사고,0,2,0,0,차대차 - 기타,차로위반,건조,맑음,단일로 - 기타,승용,남,42세,상해없음,승용,남,24세,중상
2015030800100265,2015년 3월 8일 15시,일요일,충청남도 천안시 서북구 성정동,경상사고,0,0,1,0,차대차 - 측면직각충돌,안전운전불이행,건조,맑음,교차로 - 교차로안,승용,남,54세,상해없음,승용,남,44세,경상
2015030800100279,2015년 3월 8일 16시,일요일,충청남도 아산시 배방읍,경상사고,0,0,2,0,차대차 - 추돌 - 주정차중,안전운전불이행,건조,맑음,교차로 - 교차로부근,승용,여,46세,상해없음,승용,남,25세,경상
2015030800100280,2015년 3월 8일 16시,일요일,충청남도 서천군 서천읍,경상사고,0,0,1,0,차대사람 - 차도통행중,안전운전불이행,습기,맑음,단일로 - 기타,승용,여,57세,상해없음,보행자,남,58세,경상
2015030800100281,2015년 3월 8일 16시,일요일,충청남도 보령시 미산면,경상사고,0,0,2,0,차량단독 - 전도전복,안전운전불이행,건조,맑음,단일로 - 기타,이륜,남,40세,경상,,,,
2015030800100282,2015년 3월 8일 16시,일요일,충청남도 예산군 예산읍,중상사고,0,1,0,0,차대사람 - 길가장자리구역통행중,안전운전불이행,건조,맑음,단일로 - 기타,승용,여,50세,상해없음,보행자,여,56세,중상
2015030800100284,2015년 3월 8일 16시,일요일,충청남도 당진시 신평면,경상사고,0,0,2,0,차대차 - 추돌 - 진행중,안전운전불이행,건조,맑음,기타 - 기타,승용,남,71세,상해없음,승합,남,32세,상해없음
2015030800100315,2015년 3월 8일 17시,일요일,충청남도 천안시 서북구 쌍용동,경상사고,0,0,2,0,차대차 - 추돌 - 주정차중,안전운전불이행,건조,맑음,교차로 - 교차로부근,승용,남,25세,기타불명,승용,남,27세,경상
2015030800100316,2015년 3월 8일 17시,일요일,충청남도 아산시 온천동,경상사고,0,0,1,0,차대차 - 추돌 - 주정차중,안전운전불이행,건조,맑음,단일로 - 기타,승용,남,44세,상해없음,승용,여,31세,경상
2015030800100408,2015년 3월 8일 20시,일요일,충청남도 아산시 인주면,경상사고,0,0,2,0,차대차 - 정면충돌,중앙선침범,건조,맑음,단일로 - 기타,승용,남,38세,상해없음,승용,남,52세,경상
2015030800100432,2015년 3월 8일 21시,일요일,충청남도 논산시 부창동,중상사고,0,1,1,0,차대차 - 추돌 - 진행중,안전운전불이행,건조,맑음,단일로 - 기타,승용,남,26세,중상,화물,남,30세,기타불명
2015030800100433,2015년 3월 8일 21시,일요일,충청남도 공주시 산성동,경상사고,0,0,3,0,차대차 - 추돌 - 주정차중,안전운전불이행,건조,맑음,단일로 - 기타,승용,남,42세,상해없음,승용,여,29세,상해없음
2015030800100468,2015년 3월 8일 23시,일요일,충청남도 서천군 장항읍,경상사고,0,0,2,0,차대차 - 기타,신호위반,건조,맑음,교차로 - 교차로안,승용,여,34세,상해없음,승용,남,43세,경상
2015030900100012,2015년 3월 9일 01시,월요일,충청남도 아산시 배방읍,중상사고,0,1,0,0,차량단독 - 도로외이탈 - 기타,안전운전불이행,건조,맑음,단일로 - 기타,승용,남,28세,중상,,,,
2015030900100049,2015년 3월 9일 07시,월요일,충청남도 논산시 은진면,경상사고,0,0,1,0,차대차 - 측면직각충돌,중앙선침범,건조,맑음,단일로 - 기타,승용,여,34세,상해없음,승합,남,52세,경상
2015030900100050,2015년 3월 9일 07시,월요일,충청남도 청양군 비봉면,경상사고,0,0,1,0,차대차 - 기타,직진우회전진행방해,건조,맑음,교차로 - 교차로안,건설기계,남,40세,상해없음,승용,여,44세,경상
2015030900100090,2015년 3월 9일 08시,월요일,충청남도 홍성군 홍동면,경상사고,0,0,1,0,차대사람 - 차도통행중,안전운전불이행,건조,맑음,단일로 - 기타,승용,남,51세,상해없음,보행자,여,73세,경상
2015030900100091,2015년 3월 9일 08시,월요일,충청남도 아산시 모종동,경상사고,0,0,1,0,차대사람 - 횡단중,안전운전불이행,건조,맑음,교차로 - 교차로부근,승용,남,58세,상해없음,보행자,여,67세,경상
2015030900100128,2015년 3월 9일 09시,월요일,충청남도 논산시 대교동,중상사고,0,1,0,0,차대사람 - 횡단중,보행자보호의무위반,건조,맑음,단일로 - 횡단보도상,화물,남,46세,상해없음,보행자,여,76세,중상
2015030900100129,2015년 3월 9일 09시,월요일,충청남도 공주시 교동,중상사고,0,1,0,0,차대차 - 측면직각충돌,교차로운행방법위반,건조,맑음,교차로 - 교차로안,승용,남,37세,상해없음,이륜,남,59세,중상
2015030900100130,2015년 3월 9일 09시,월요일,충청남도 부여군 홍산면,경상사고,0,0,1,0,차대차 - 기타,안전운전불이행,건조,맑음,단일로 - 기타,화물,남,52세,상해없음,화물,남,50세,경상
2015030900100231,2015년 3월 9일 13시,월요일,충청남도 태안군 원북면,사망사고,1,0,2,0,차대차 - 정면충돌,중앙선침범,건조,맑음,단일로 - 기타,승용,남,73세,경상,건설기계,남,47세,경상
2015030900100263,2015년 3월 9일 14시,월요일,충청남도 서산시 읍내동,중상사고,0,1,0,0,차대사람 - 횡단중,보행자보호의무위반,건조,맑음,단일로 - 기타,승용,남,33세,상해없음,보행자,남,8세,중상
2015030900100264,2015년 3월 9일 14시,월요일,충청남도 당진시 송악읍,경상사고,0,0,1,0,차대사람 - 차도통행중,안전운전불이행,건조,기타,단일로 - 기타,기타불명,기타불명,기타불명,기타불명,보행자,남,56세,경상
2015030900100265,2015년 3월 9일 14시,월요일,충청남도 청양군 장평면,중상사고,0,1,0,0,차대차 - 측면직각충돌,안전운전불이행,건조,맑음,단일로 - 기타,승용,남,57세,상해없음,이륜,남,81세,중상
2015030900100266,2015년 3월 9일 14시,월요일,충청남도 천안시 동남구 문화동,경상사고,0,0,3,0,차대차 - 추돌 - 주정차중,안전운전불이행,건조,맑음,단일로 - 기타,승용,남,65세,상해없음,승용,남,29세,경상
2015030900100267,2015년 3월 9일 14시,월요일,충청남도 천안시 동남구 청수동,경상사고,0,0,2,0,차대차 - 기타,안전운전불이행,건조,맑음,교차로 - 교차로안,승용,남,78세,상해없음,승용,여,41세,경상
2015030900100295,2015년 3월 9일 15시,월요일,충청남도 천안시 동남구 문화동,경상사고,0,0,3,0,차대차 - 추돌 - 주정차중,안전운전불이행,건조,맑음,단일로 - 기타,승용,남,65세,상해없음,승용,여,32세,경상
2015030900100326,2015년 3월 9일 16시,월요일,충청남도 논산시 취암동,경상사고,0,0,2,0,차대차 - 측면직각충돌,안전운전불이행,건조,맑음,교차로 - 교차로안,승용,여,48세,경상,승용,여,33세,경상
2015030900100327,2015년 3월 9일 16시,월요일,충청남도 아산시 인주면,경상사고,0,0,1,0,차대차 - 추돌 - 주정차중,안전운전불이행,건조,맑음,단일로 - 기타,승용,여,50세,상해없음,화물,남,39세,경상
2015030900100328,2015년 3월 9일 16시,월요일,충청남도 예산군 광시면,경상사고,0,0,1,0,차대차 - 기타,안전운전불이행,건조,맑음,단일로 - 기타,원동기,남,80세,경상,승용,여,52세,상해없음
2015030900100350,2015년 3월 9일 17시,월요일,충청남도 홍성군 서부면,중상사고,0,1,1,0,차대차 - 측면직각충돌,신호위반,건조,맑음,교차로 - 교차로안,승용,남,26세,상해없음,화물,남,43세,경상
2015030900100351,2015년 3월 9일 17시,월요일,충청남도 아산시 실옥동,경상사고,0,0,1,0,차대차 - 측면직각충돌,신호위반,건조,맑음,교차로 - 교차로안,승용,여,62세,상해없음,승용,여,36세,경상
2015030900100380,2015년 3월 9일 18시,월요일,충청남도 천안시 서북구 쌍용동,중상사고,0,1,0,0,차대사람 - 횡단중,안전운전불이행,건조,맑음,교차로 - 교차로안,기타불명,기타불명,기타불명,기타불명,보행자,여,77세,중상