사고번호,사고일시,요일,시군구,사고내용,사망자수,중상자수,경상자수,부상신고자수,사고유형,법규위반,노면상태,기상상태,도로형태,가해운전자 차종,가해운전자 성별,가해운전자 연령,가해운전자 상해정도,피해운전자 차종,피해운전자 성별,피해운전자 연령,피해운전자 상해정도
2015030900100381,2015년 3월 9일 18시,월요일,충청남도 당진시 우강면,경상사고,0,0,1,0,차대차 - 측면직각충돌,중앙선침범,건조,맑음,단일로 - 기타,승용,여,62세,상해없음,승용,여,54세,경상
2015030900100440,2015년 3월 9일 20시,월요일,충청남도 홍성군 홍성읍,경상사고,0,0,1,0,차대차 - 측면직각충돌,교차로운행방법위반,건조,맑음,교차로 - 교차로안,승용,남,75세,상해없음,이륜,남,17세,경상
2015030900100441,2015년 3월 9일 20시,월요일,충청남도 당진시 채운동,경상사고,0,0,4,0,차대차 - 측면직각충돌,신호위반,기타,맑음,교차로 - 교차로안,승용,남,18세,상해없음,승용,남,59세,경상
2015030900100442,2015년 3월 9일 20시,월요일,충청남도 천안시 동남구 구성동,경상사고,0,0,1,0,차대차 - 추돌 - 주정차중,안전운전불이행,건조,맑음,단일로 - 기타,승용,남,38세,상해없음,승용,여,22세,경상
2015030900100467,2015년 3월 9일 21시,월요일,충청남도 부여군 규암면,중상사고,0,2,0,0,차대차 - 정면충돌,중앙선침범,건조,맑음,단일로 - 기타,화물,남,46세,중상,승합,남,55세,중상
2015030900100521,2015년 3월 9일 23시,월요일,충청남도 공주시 신관동,경상사고,0,0,2,0,차대차 - 측면직각충돌,교차로운행방법위반,건조,맑음,교차로 - 교차로안,승용,남,55세,기타불명,승합,남,55세,경상
2015031000100022,2015년 3월 10일 01시,화요일,충청남도 천안시 서북구 성정동,경상사고,0,0,1,0,차대차 - 추돌 - 진행중,안전운전불이행,건조,맑음,교차로 - 교차로부근,승용,남,31세,상해없음,승용,남,43세,경상
2015031000100067,2015년 3월 10일 07시,화요일,충청남도 보령시 남포면,중상사고,0,1,0,0,차대차 - 측면직각충돌,신호위반,건조,맑음,교차로 - 교차로안,승용,남,71세,상해없음,승용,남,41세,중상
2015031000100068,2015년 3월 10일 07시,화요일,충청남도 보령시 궁촌동,경상사고,0,0,2,0,차대차 - 기타,교차로운행방법위반,건조,맑음,교차로 - 교차로안,승용,남,45세,상해없음,화물,남,56세,경상
2015031000100105,2015년 3월 10일 08시,화요일,충청남도 당진시 송악읍,경상사고,0,0,4,0,차대차 - 측면직각충돌,교차로운행방법위반,건조,맑음,교차로 - 교차로안,화물,남,51세,상해없음,승용,남,50세,경상
2015031000100165,2015년 3월 10일 10시,화요일,충청남도 아산시 온천동,경상사고,0,0,2,0,차대차 - 측면직각충돌,직진우회전진행방해,건조,맑음,교차로 - 교차로안,승용,여,46세,상해없음,승용,여,38세,경상
2015031000100185,2015년 3월 10일 11시,화요일,충청남도 서천군 종천면,중상사고,0,1,1,0,차대차 - 기타,직진우회전진행방해,건조,맑음,교차로 - 교차로안,건설기계,남,55세,경상,화물,남,67세,중상
2015031000100239,2015년 3월 10일 13시,화요일,충청남도 아산시 모종동,중상사고,0,1,0,0,차대차 - 측면직각충돌,직진우회전진행방해,건조,맑음,교차로 - 교차로안,승용,여,46세,중상,승합,남,43세,상해없음
2015031000100240,2015년 3월 10일 13시,화요일,충청남도 서천군 서천읍,경상사고,0,0,1,0,차대차 - 기타,직진우회전진행방해,건조,맑음,교차로 - 교차로안,승용,남,26세,상해없음,이륜,남,82세,경상
2015031000100289,2015년 3월 10일 15시,화요일,충청남도 천안시 서북구 성환읍,경상사고,0,0,1,1,차대사람 - 횡단중,보행자보호의무위반,건조,맑음,교차로 - 교차로부근,특수,남,34세,상해없음,보행자,남,22세,경상
2015031000100290,2015년 3월 10일 15시,화요일,충청남도 당진시 송악읍,경상사고,0,0,1,0,차대차 - 추돌 - 진행중,안전운전불이행,건조,맑음,교차로 - 교차로부근,승용,남,41세,상해없음,승용,남,23세,경상
2015031000100330,2015년 3월 10일 16시,화요일,충청남도 아산시 송악면,중상사고,0,3,0,0,차대차 - 정면충돌,중앙선침범,건조,맑음,단일로 - 기타,승용,여,33세,중상,승용,여,48세,중상
2015031000100331,2015년 3월 10일 16시,화요일,충청남도 예산군 삽교읍,경상사고,0,0,2,0,차대차 - 기타,안전운전불이행,건조,맑음,단일로 - 기타,농기계,남,50세,상해없음,승용,남,52세,경상
2015031000100359,2015년 3월 10일 17시,화요일,충청남도 서산시 지곡면,중상사고,0,1,0,0,차대차 - 측면직각충돌,교차로운행방법위반,건조,맑음,교차로 - 교차로안,승용,여,39세,상해없음,이륜,남,50세,중상
2015031000100360,2015년 3월 10일 17시,화요일,충청남도 아산시 인주면,경상사고,0,0,2,0,차대차 - 측면직각충돌,신호위반,건조,맑음,교차로 - 교차로안,승용,여,36세,상해없음,승용,여,34세,경상
2015031000100393,2015년 3월 10일 18시,화요일,충청남도 아산시 용화동,중상사고,0,1,0,0,차대차 - 추돌 - 주정차중,안전운전불이행,건조,맑음,단일로 - 기타,승용,여,24세,상해없음,원동기,남,44세,중상
2015031000100430,2015년 3월 10일 19시,화요일,충청남도 당진시 읍내리,경상사고,0,0,2,0,차대차 - 추돌 - 진행중,안전운전불이행,건조,흐림,단일로 - 기타,승용,남,27세,상해없음,승용,남,32세,경상
2015031000100503,2015년 3월 10일 22시,화요일,충청남도 천안시 서북구 쌍용동,중상사고,0,1,0,0,차대차 - 측면직각충돌,안전운전불이행,건조,맑음,단일로 - 기타,승용,남,26세,상해없음,원동기,남,26세,중상
2015031000100504,2015년 3월 10일 22시,화요일,충청남도 천안시 서북구 쌍용동,경상사고,0,0,1,0,차대차 - 측면직각충돌,안전운전불이행,건조,맑음,교차로 - 교차로부근,승용,남,52세,상해없음,승용,여,41세,경상
2015031000100505,2015년 3월 10일 22시,화요일,충청남도 공주시 신관동,경상사고,0,0,1,0,차대사람 - 기타,안전운전불이행,건조,맑음,교차로 - 교차로부근,승용,여,24세,상해없음,보행자,남,43세,경상
2015031000100534,2015년 3월 10일 23시,화요일,충청남도 천안시 서북구 성정동,경상사고,0,0,1,0,차대차 - 측면직각충돌,중앙선침범,건조,맑음,단일로 - 기타,승용,남,34세,상해없음,승용,남,30세,경상
2015031000100535,2015년 3월 10일 23시,화요일,충청남도 논산시 은진면,중상사고,0,1,0,0,차대사람 - 길가장자리구역통행중,안전운전불이행,건조,맑음,단일로 - 기타,승용,남,24세,상해없음,보행자,남,22세,중상
2015031100100021,2015년 3월 11일 01시,수요일,충청남도 공주시 정안면,중상사고,0,1,1,0,차대차 - 추돌 - 주정차중,안전운전불이행,건조,맑음,단일로 - 기타,화물,남,37세,중상,화물,남,46세,경상
2015031100100029,2015년 3월 11일 02시,수요일,충청남도 아산시 장존동,경상사고,0,0,1,0,차량단독 - 공작물충돌,안전운전불이행,건조,맑음,교차로 - 교차로안,승합,남,43세,경상,,,,
2015031100100049,2015년 3월 11일 04시,수요일,충청남도 아산시 배방읍,부상신고사고,0,0,0,1,차량단독 - 공작물충돌,안전운전불이행,건조,맑음,단일로 - 기타,승용,여,42세,부상신고,,,,
2015031100100056,2015년 3월 11일 05시,수요일,충청남도 공주시 산성동,중상사고,0,1,1,0,차대차 - 정면충돌,안전운전불이행,건조,맑음,교차로 - 교차로안,화물,남,59세,경상,화물,남,32세,중상
2015031100100069,2015년 3월 11일 06시,수요일,충청남도 천안시 서북구 쌍용동,경상사고,0,0,1,0,차대차 - 정면충돌,신호위반,건조,맑음,교차로 - 교차로안,승용,남,58세,상해없음,승용,여,20세,경상
2015031100100070,2015년 3월 11일 06시,수요일,충청남도 보령시 주교면,사망사고,1,0,0,0,차대사람 - 횡단중,과속,건조,맑음,단일로 - 횡단보도상,승용,남,52세,상해없음,보행자,여,56세,사망
2015031100100071,2015년 3월 11일 06시,수요일,충청남도 공주시 우성면,중상사고,0,1,0,0,차량단독 - 공작물충돌,안전운전불이행,건조,맑음,단일로 - 기타,화물,남,25세,중상,,,,
2015031100100072,2015년 3월 11일 06시,수요일,충청남도 예산군 예산읍,경상사고,0,0,1,0,차대차 - 기타,신호위반,건조,맑음,교차로 - 교차로안,승용,남,50세,상해없음,승용,남,46세,경상
2015031100100117,2015년 3월 11일 08시,수요일,충청남도 천안시 동남구 목천읍,중상사고,0,1,0,0,차대사람 - 횡단중,보행자보호의무위반,건조,맑음,단일로 - 횡단보도상,승용,여,48세,상해없음,보행자,여,38세,중상
2015031100100149,2015년 3월 11일 09시,수요일,충청남도 아산시 온천동,경상사고,0,0,1,0,차대차 - 측면직각충돌,안전운전불이행,건조,맑음,교차로 - 교차로부근,승용,남,44세,상해없음,자전거,남,68세,경상
2015031100100150,2015년 3월 11일 09시,수요일,충청남도 당진시 송악읍,경상사고,0,0,1,0,차대차 - 측면직각충돌,과속,건조,맑음,단일로 - 기타,승용,여,39세,상해없음,승용,여,39세,경상
2015031100100151,2015년 3월 11일 09시,수요일,충청남도 천안시 동남구 봉명동,경상사고,0,0,1,0,차대차 - 추돌 - 주정차중,안전운전불이행,건조,맑음,단일로 - 기타,승용,여,47세,상해없음,승용,여,52세,경상
2015031100100172,2015년 3월 11일 10시,수요일,충청남도 논산시 지산동,중상사고,0,2,1,0,차대차 - 측면직각충돌,교차로운행방법위반,건조,맑음,교차로 - 교차로안,승용,남,56세,중상,화물,남,25세,경상
2015031100100173,2015년 3월 11일 10시,수요일,충청남도 아산시 배방읍,경상사고,0,0,1,0,차대차 - 측면직각충돌,신호위반,건조,맑음,교차로 - 교차로안,승용,남,63세,상해없음,화물,남,52세,경상
2015031100100174,2015년 3월 11일 10시,수요일,충청남도 당진시 우강면,중상사고,0,1,0,0,차대차 - 측면직각충돌,안전운전불이행,건조,맑음,단일로 - 기타,승용,남,68세,상해없음,이륜,남,73세,중상
2015031100100195,2015년 3월 11일 11시,수요일,충청남도 논산시 취암동,중상사고,0,1,1,0,차대차 - 추돌 - 진행중,안전거리미확보,건조,맑음,단일로 - 기타,승용,남,32세,중상,건설기계,남,47세,상해없음
2015031100100235,2015년 3월 11일 13시,수요일,충청남도 보령시 명천동,경상사고,0,0,1,0,차대차 - 기타,안전거리미확보,건조,맑음,단일로 - 기타,화물,남,51세,상해없음,승용,여,50세,경상
2015031100100236,2015년 3월 11일 13시,수요일,충청남도 부여군 홍산면,중상사고,0,1,0,0,차량단독 - 기타,안전운전불이행,기타,맑음,기타 - 기타,화물,남,70세,상해없음,,,,
2015031100100296,2015년 3월 11일 15시,수요일,충청남도 홍성군 광천읍,중상사고,0,1,0,0,차대사람 - 길가장자리구역통행중,안전운전불이행,건조,맑음,단일로 - 기타,화물,남,46세,상해없음,보행자,남,72세,중상
2015031100100297,2015년 3월 11일 15시,수요일,충청남도 당진시 정미면,경상사고,0,0,1,0,차대차 - 정면충돌,중앙선침범,건조,맑음,단일로 - 기타,화물,남,50세,상해없음,화물,남,48세,경상
2015031100100298,2015년 3월 11일 15시,수요일,충청남도 천안시 동남구 다가동,경상사고,0,0,1,0,차대차 - 추돌 - 진행중,신호위반,건조,맑음,단일로 - 기타,승용,여,56세,상해없음,승용,남,71세,경상
2015031100100299,2015년 3월 11일 15시,수요일,충청남도 천안시 동남구 북면,경상사고,0,0,1,0,차대차 - 추돌 - 진행중,중앙선침범,건조,맑음,단일로 - 기타,승용,여,52세,상해없음,화물,남,53세,경상
2015031100100327,2015년 3월 11일 16시,수요일,충청남도 천안시 서북구 성정동,중상사고,0,1,1,0,차대차 - 측면직각충돌,신호위반,건조,맑음,교차로 - 교차로안,승용,남,63세,상해없음,원동기,남,35세,중상
2015031100100328,2015년 3월 11일 16시,수요일,충청남도 논산시 취암동,부상신고사고,0,0,0,1,차량단독 - 전도전복,안전운전불이행,건조,맑음,교차로 - 교차로안,이륜,남,17세,부상신고,,,,
2015031100100358,2015년 3월 11일 17시,수요일,충청남도 천안시 서북구 백석동,경상사고,0,0,1,0,차대차 - 측면직각충돌,신호위반,건조,맑음,교차로 - 교차로안,승용,여,32세,상해없음,승용,남,74세,경상
2015031100100395,2015년 3월 11일 18시,수요일,충청남도 서산시 지곡면,중상사고,0,3,0,0,차대차 - 측면직각충돌,교차로운행방법위반,건조,맑음,교차로 - 교차로안,승용,여,55세,중상,승용,남,39세,중상
2015031100100434,2015년 3월 11일 19시,수요일,충청남도 천안시 서북구 쌍용동,부상신고사고,0,0,0,1,차대차 - 기타,안전운전불이행,건조,맑음,교차로 - 교차로안,기타불명,기타불명,기타불명,기타불명,원동기,남,17세,부상신고
2015031100100435,2015년 3월 11일 19시,수요일,충청남도 논산시 성동면,중상사고,0,1,0,0,차량단독 - 도로외이탈 - 기타,기타,건조,맑음,단일로 - 기타,화물,남,62세,상해없음,,,,
2015031100100436,2015년 3월 11일 19시,수요일,충청남도 보령시 오천면,경상사고,0,0,5,0,차대차 - 측면직각충돌,직진우회전진행방해,건조,맑음,교차로 - 교차로안,화물,남,72세,경상,승용,남,43세,경상
2015031100100463,2015년 3월 11일 20시,수요일,충청남도 아산시 온천동,경상사고,0,0,1,0,차대사람 - 횡단중,보행자보호의무위반,건조,맑음,단일로 - 횡단보도상,승용,여,54세,상해없음,보행자,남,9세,경상
2015031100100501,2015년 3월 11일 21시,수요일,충청남도 천안시 서북구 성정동,경상사고,0,0,2,0,차대차 - 추돌 - 주정차중,안전운전불이행,건조,맑음,교차로 - 교차로부근,승용,남,31세,기타불명,이륜,남,33세,경상
2015031100100534,2015년 3월 11일 22시,수요일,충청남도 서산시 동문동,중상사고,0,1,1,0,차대차 - 정면충돌,신호위반,건조,맑음,교차로 - 교차로안,승용,남,48세,상해없음,화물,여,53세,중상
2015031100100535,2015년 3월 11일 22시,수요일,충청남도 당진시 송산면,경상사고,0,0,1,0,차대차 - 측면직각충돌,안전운전불이행,건조,맑음,교차로 - 교차로부근,승용,남,47세,상해없음,승용,남,63세,경상
2015031200100026,2015년 3월 12일 01시,목요일,충청남도 공주시 웅진동,경상사고,0,0,3,0,차대차 - 측면직각충돌,교차로운행방법위반,건조,맑음,교차로 - 교차로안,승용,남,41세,경상,승용,남,51세,경상
2015031200100043,2015년 3월 12일 02시,목요일,충청남도 천안시 서북구 백석동,경상사고,0,0,1,0,차대차 - 추돌 - 주정차중,안전운전불이행,건조,맑음,단일로 - 기타,승용,남,36세,상해없음,승용,여,36세,경상
2015031200100063,2015년 3월 12일 05시,목요일,충청남도 천안시 동남구 목천읍,부상신고사고,0,0,0,1,차량단독 - 공작물충돌,안전운전불이행,건조,맑음,단일로 - 기타,승용,남,25세,부상신고,,,,
2015031200100081,2015년 3월 12일 06시,목요일,충청남도 당진시 석문면,중상사고,0,1,0,0,차대차 - 측면직각충돌,중앙선침범,건조,맑음,단일로 - 기타,승용,남,38세,상해없음,승용,남,44세,중상
2015031200100083,2015년 3월 12일 06시,목요일,충청남도 보령시 주교면,경상사고,0,0,1,0,차대차 - 추돌 - 진행중,안전운전불이행,건조,맑음,단일로 - 기타,화물,남,24세,상해없음,특수,남,46세,경상
2015031200100101,2015년 3월 12일 07시,목요일,충청남도 논산시 성동면,중상사고,0,1,1,0,차대차 - 측면직각충돌,교차로운행방법위반,건조,맑음,교차로 - 교차로안,승용,여,52세,중상,화물,남,43세,경상
2015031200100142,2015년 3월 12일 08시,목요일,충청남도 아산시 도고면,경상사고,0,0,1,0,차대차 - 측면직각충돌,신호위반,건조,맑음,교차로 - 교차로안,승용,남,52세,상해없음,승용,여,37세,경상
2015031200100143,2015년 3월 12일 08시,목요일,충청남도 당진시 수청리,경상사고,0,0,2,0,차대차 - 측면직각충돌,중앙선침범,건조,맑음,단일로 - 기타,화물,남,51세,상해없음,승용,여,21세,경상
2015031200100144,2015년 3월 12일 08시,목요일,충청남도 금산군 금산읍,경상사고,0,0,1,0,차대차 - 측면직각충돌,교차로운행방법위반,건조,맑음,교차로 - 교차로안,승용,남,67세,상해없음,승용,여,38세,경상
2015031200100145,2015년 3월 12일 08시,목요일,충청남도 청양군 청양읍,중상사고,0,1,0,0,차대차 - 측면직각충돌,직진우회전진행방해,건조,맑음,교차로 - 교차로안,화물,남,44세,상해없음,승용,남,64세,중상
2015031200100146,2015년 3월 12일 08시,목요일,충청남도 청양군 청양읍,경상사고,0,0,1,0,차대차 - 추돌 - 주정차중,안전운전불이행,건조,맑음,단일로 - 기타,승용,남,39세,상해없음,승용,남,57세,경상
2015031200100147,2015년 3월 12일 08시,목요일,충청남도 천안시 동남구 봉명동,경상사고,0,0,1,0,차대차 - 추돌 - 주정차중,안전운전불이행,건조,맑음,교차로 - 교차로부근,승용,남,30세,상해없음,승용,남,59세,경상
2015031200100182,2015년 3월 12일 09시,목요일,충청남도 금산군 추부면,경상사고,0,0,2,0,차대차 - 추돌 - 진행중,안전거리미확보,건조,맑음,단일로 - 기타,승용,남,34세,경상,승용,남,32세,경상
2015031200100183,2015년 3월 12일 09시,목요일,충청남도 천안시 서북구 성거읍,경상사고,0,0,1,0,차대차 - 기타,차로위반,건조,맑음,단일로 - 기타,건설기계,남,53세,상해없음,승용,남,47세,경상
2015031200100207,2015년 3월 12일 10시,목요일,충청남도 아산시 권곡동,경상사고,0,0,1,0,차대사람 - 횡단중,안전운전불이행,건조,맑음,교차로 - 교차로안,승용,남,45세,상해없음,보행자,남,29세,경상
2015031200100208,2015년 3월 12일 10시,목요일,충청남도 금산군 추부면,경상사고,0,0,1,0,차대차 - 측면직각충돌,안전거리미확보,건조,맑음,단일로 - 기타,승용,여,54세,경상,화물,남,47세,상해없음
2015031200100242,2015년 3월 12일 11시,목요일,충청남도 보령시 대천동,경상사고,0,0,1,0,차대사람 - 기타,안전운전불이행,건조,맑음,단일로 - 횡단보도상,승용,여,44세,상해없음,보행자,여,81세,경상
2015031200100243,2015년 3월 12일 11시,목요일,충청남도 예산군 예산읍,중상사고,0,1,1,0,차대차 - 측면직각충돌,교차로운행방법위반,건조,맑음,교차로 - 교차로안,승용,남,77세,상해없음,화물,남,53세,경상
2015031200100244,2015년 3월 12일 11시,목요일,충청남도 부여군 은산면,중상사고,0,1,0,0,차대사람 - 길가장자리구역통행중,안전운전불이행,건조,맑음,단일로 - 기타,화물,남,61세,상해없음,보행자,여,80세,중상
2015031200100290,2015년 3월 12일 13시,목요일,충청남도 천안시 서북구 직산읍,경상사고,0,0,1,0,차대차 - 측면직각충돌,직진우회전진행방해,건조,맑음,교차로 - 교차로안,승용,남,48세,상해없음,원동기,남,32세,경상
2015031200100376,2015년 3월 12일 16시,목요일,충청남도 논산시 강경읍,사망사고,1,0,0,0,차대사람 - 횡단중,안전운전불이행,건조,맑음,단일로 - 기타,승합,남,59세,기타불명,보행자,여,86세,사망
2015031200100411,2015년 3월 12일 17시,목요일,충청남도 당진시 사기소리,중상사고,0,1,2,0,차량단독 - 전도전복,안전운전불이행,건조,맑음,단일로 - 기타,이륜,남,18세,중상,,,,
2015031200100448,2015년 3월 12일 18시,목요일,충청남도 서산시 지곡면,중상사고,0,1,0,0,차대차 - 정면충돌,중앙선침범,건조,맑음,기타 - 기타,승용,남,54세,상해없음,승용,여,29세,중상
2015031200100449,2015년 3월 12일 18시,목요일,충청남도 예산군 덕산면,중상사고,0,2,1,0,차대차 - 측면직각충돌,교차로운행방법위반,건조,맑음,교차로 - 교차로안,승용,남,33세,상해없음,승용,남,50세,중상
2015031200100505,2015년 3월 12일 19시,목요일,충청남도 계룡시 엄사면,경상사고,0,0,1,0,차대차 - 측면직각충돌,중앙선침범,건조,맑음,단일로 - 기타,승용,여,41세,경상,승용,남,50세,상해없음
2015031200100506,2015년 3월 12일 19시,목요일,충청남도 서천군 장항읍,경상사고,0,0,1,0,차대차 - 기타,직진우회전진행방해,건조,맑음,교차로 - 교차로안,원동기,남,76세,경상,승용,남,36세,상해없음
2015031200100507,2015년 3월 12일 19시,목요일,충청남도 천안시 동남구 청당동,경상사고,0,0,1,0,차대차 - 측면직각충돌,안전운전불이행,건조,맑음,교차로 - 교차로안,승용,남,57세,상해없음,화물,남,53세,경상
2015031200100547,2015년 3월 12일 20시,목요일,충청남도 서산시 읍내동,중상사고,0,1,0,0,차대차 - 측면직각충돌,교차로운행방법위반,건조,맑음,교차로 - 교차로안,승용,여,30세,상해없음,원동기,남,17세,중상
2015031200100619,2015년 3월 12일 22시,목요일,충청남도 천안시 서북구 성정동,경상사고,0,0,2,0,차대차 - 추돌 - 주정차중,안전운전불이행,건조,맑음,단일로 - 기타,승용,남,38세,상해없음,승용,남,44세,경상
2015031200100620,2015년 3월 12일 22시,목요일,충청남도 서천군 장항읍,경상사고,0,0,1,0,차대차 - 기타,직진우회전진행방해,건조,맑음,교차로 - 교차로안,승용,남,50세,상해없음,승용,남,20세,경상
2015031300100046,2015년 3월 13일 03시,금요일,충청남도 보령시 대천동,중상사고,0,1,0,0,차대사람 - 기타,안전운전불이행,건조,맑음,교차로 - 교차로부근,승용,남,28세,상해없음,보행자,남,24세,중상
2015031300100047,2015년 3월 13일 03시,금요일,충청남도 금산군 금산읍,중상사고,0,1,0,0,차량단독 - 공작물충돌,안전운전불이행,습기,비,단일로 - 기타,승용,남,41세,중상,,,,
2015031300100100,2015년 3월 13일 07시,금요일,충청남도 서산시 읍내동,중상사고,0,1,1,0,차대차 - 측면직각충돌,직진우회전진행방해,건조,맑음,교차로 - 교차로안,승합,남,28세,상해없음,건설기계,남,42세,상해없음
2015031300100138,2015년 3월 13일 08시,금요일,충청남도 서천군 기산면,중상사고,0,2,0,0,차대차 - 기타,중앙선침범,습기,비,단일로 - 기타,승용,남,53세,중상,승용,남,56세,중상
2015031300100139,2015년 3월 13일 08시,금요일,충청남도 공주시 중동,중상사고,0,1,0,0,차대차 - 정면충돌,안전운전불이행,습기,흐림,교차로 - 교차로안,승용,여,39세,상해없음,자전거,남,24세,중상
2015031300100208,2015년 3월 13일 10시,금요일,충청남도 당진시 송악읍,중상사고,0,1,1,0,차대차 - 측면직각충돌,신호위반,건조,맑음,교차로 - 교차로안,승용,남,66세,중상,건설기계,남,45세,경상
2015031300100274,2015년 3월 13일 12시,금요일,충청남도 부여군 부여읍,경상사고,0,0,1,0,차대사람 - 횡단중,보행자보호의무위반,건조,맑음,단일로 - 횡단보도부근,기타불명,기타불명,기타불명,기타불명,보행자,여,30세,경상
2015031300100275,2015년 3월 13일 12시,금요일,충청남도 천안시 동남구 신부동,경상사고,0,0,1,0,차대차 - 측면직각충돌,안전운전불이행,건조,맑음,기타 - 기타,승용,남,63세,기타불명,승용,남,46세,경상
2015031300100307,2015년 3월 13일 13시,금요일,충청남도 당진시 읍내리,경상사고,0,0,1,0,차대사람 - 길가장자리구역통행중,안전운전불이행,건조,맑음,단일로 - 기타,화물,남,49세,상해없음,보행자,여,47세,경상
2015031300100326,2015년 3월 13일 14시,금요일,충청남도 보령시 대천동,중상사고,0,1,0,0,차대사람 - 횡단중,보행자보호의무위반,건조,맑음,단일로 - 횡단보도상,승용,여,37세,상해없음,보행자,남,81세,중상
2015031300100368,2015년 3월 13일 15시,금요일,충청남도 천안시 서북구 쌍용동,경상사고,0,0,1,0,차대차 - 측면직각충돌,신호위반,건조,맑음,교차로 - 교차로안,화물,남,62세,상해없음,원동기,남,23세,경상
2015031300100369,2015년 3월 13일 15시,금요일,충청남도 예산군 오가면,경상사고,0,0,1,0,차대차 - 추돌 - 주정차중,안전운전불이행,건조,맑음,교차로 - 교차로부근,화물,남,41세,상해없음,화물,남,53세,경상
2015031300100370,2015년 3월 13일 15시,금요일,충청남도 천안시 동남구 목천읍,중상사고,0,1,0,0,차대사람 - 횡단중,보행자보호의무위반,건조,맑음,교차로 - 교차로부근,승용,여,51세,상해없음,보행자,남,8세,중상
2015031300100405,2015년 3월 13일 16시,금요일,충청남도 태안군 태안읍,중상사고,0,1,0,0,차대차 - 측면직각충돌,신호위반,건조,맑음,교차로 - 교차로안,화물,남,50세,상해없음,화물,남,65세,중상
2015031300100406,2015년 3월 13일 16시,금요일,충청남도 아산시 배방읍,경상사고,0,0,1,0,차대차 - 측면직각충돌,직진우회전진행방해,건조,맑음,교차로 - 교차로안,승용,여,38세,상해없음,승용,남,39세,경상
2015031300100407,2015년 3월 13일 16시,금요일,충청남도 아산시 배방읍,경상사고,0,0,1,0,차대차 - 기타,안전운전불이행,건조,맑음,단일로 - 기타,승용,남,32세,상해없음,이륜,여,54세,경상
2015031300100408,2015년 3월 13일 16시,금요일,충청남도 서천군 시초면,중상사고,0,2,0,1,차대차 - 측면직각충돌,안전거리미확보,건조,맑음,단일로 - 기타,승용,남,32세,상해없음,화물,남,34세,부상신고
2015031300100443,2015년 3월 13일 17시,금요일,충청남도 홍성군 홍북면,경상사고,0,0,4,0,차대차 - 추돌 - 진행중,중앙선침범,건조,맑음,단일로 - 기타,승용,남,56세,기타불명,승용,남,47세,경상
2015031300100444,2015년 3월 13일 17시,금요일,충청남도 아산시 둔포면,경상사고,0,0,1,0,차대차 - 기타,차로위반,건조,맑음,단일로 - 기타,승용,남,60세,상해없음,승용,남,20세,경상
2015031300100478,2015년 3월 13일 18시,금요일,충청남도 천안시 동남구 다가동,경상사고,0,0,1,0,차대사람 - 횡단중,안전운전불이행,건조,맑음,단일로 - 기타,승용,남,75세,상해없음,보행자,여,58세,경상
2015031300100523,2015년 3월 13일 19시,금요일,충청남도 서산시 동문동,경상사고,0,0,1,0,차대차 - 측면직각충돌,안전거리미확보,건조,맑음,단일로 - 기타,승용,여,29세,상해없음,원동기,남,41세,경상
2015031300100524,2015년 3월 13일 19시,금요일,충청남도 아산시 방축동,경상사고,0,0,5,0,차대차 - 측면직각충돌,신호위반,건조,맑음,교차로 - 교차로안,승용,여,26세,상해없음,승용,남,35세,경상
2015031300100525,2015년 3월 13일 19시,금요일,충청남도 보령시 남곡동,경상사고,0,0,1,0,차대사람 - 길가장자리구역통행중,안전운전불이행,건조,맑음,단일로 - 기타,승용,여,63세,상해없음,보행자,남,57세,경상
2015031300100526,2015년 3월 13일 19시,금요일,충청남도 천안시 동남구 신방동,경상사고,0,0,1,0,차대차 - 추돌 - 진행중,안전거리미확보,건조,맑음,단일로 - 기타,승용,여,32세,상해없음,승용,여,30세,경상
2015031300100570,2015년 3월 13일 20시,금요일,충청남도 천안시 동남구 다가동,경상사고,0,0,1,0,차대차 - 측면직각충돌,안전운전불이행,건조,맑음,교차로 - 교차로안,승합,남,51세,상해없음,승용,여,34세,경상
2015031300100616,2015년 3월 13일 21시,금요일,충청남도 아산시 온천동,경상사고,0,0,1,0,차대차 - 정면충돌,신호위반,건조,맑음,교차로 - 교차로안,승용,남,25세,기타불명,승용,여,46세,경상
2015031300100617,2015년 3월 13일 21시,금요일,충청남도 당진시 우강면,경상사고,0,0,1,0,차대사람 - 횡단중,교차로운행방법위반,건조,기타,교차로 - 교차로안,원동기,남,17세,상해없음,보행자,여,27세,경상
2015031300100618,2015년 3월 13일 21시,금요일,충청남도 천안시 동남구 신부동,경상사고,0,0,1,0,차대차 - 측면직각충돌,안전거리미확보,건조,맑음,단일로 - 기타,승용,남,50세,상해없음,이륜,남,34세,경상
2015031300100650,2015년 3월 13일 22시,금요일,충청남도 보령시 동대동,경상사고,0,0,1,0,차대사람 - 기타,안전운전불이행,건조,맑음,단일로 - 기타,승용,남,55세,상해없음,보행자,여,15세,경상
2015031400100085,2015년 3월 14일 03시,토요일,충청남도 논산시 채운면,경상사고,0,0,4,0,차량단독 - 공작물충돌,안전운전불이행,건조,맑음,단일로 - 기타,승용,남,19세,경상,,,,
2015031400100106,2015년 3월 14일 05시,토요일,충청남도 아산시 인주면,중상사고,0,1,0,0,차량단독 - 공작물충돌,안전운전불이행,건조,맑음,단일로 - 기타,승용,남,23세,상해없음,,,,