사고번호,사고일시,요일,시군구,사고내용,사망자수,중상자수,경상자수,부상신고자수,사고유형,법규위반,노면상태,기상상태,도로형태,가해운전자 차종,가해운전자 성별,가해운전자 연령,가해운전자 상해정도,피해운전자 차종,피해운전자 성별,피해운전자 연령,피해운전자 상해정도
2015032800100118,2015년 3월 28일 06시,토요일,충청남도 서산시 해미면,중상사고,0,1,0,0,차량단독 - 공작물충돌,안전운전불이행,건조,맑음,교차로 - 교차로부근,승용,남,23세,중상,,,,
2015032800100156,2015년 3월 28일 08시,토요일,충청남도 아산시 둔포면,경상사고,0,0,1,0,차대차 - 측면직각충돌,안전운전불이행,건조,맑음,단일로 - 기타,승용,남,32세,상해없음,화물,남,42세,경상
2015032800100214,2015년 3월 28일 10시,토요일,충청남도 서천군 장항읍,부상신고사고,0,0,0,1,차대차 - 기타,직진우회전진행방해,건조,맑음,교차로 - 교차로안,원동기,여,73세,부상신고,화물,남,53세,상해없음
2015032800100245,2015년 3월 28일 11시,토요일,충청남도 아산시 배방읍,중상사고,0,1,0,0,차대사람 - 기타,안전운전불이행,건조,맑음,기타 - 기타,승용,남,38세,상해없음,보행자,남,51세,중상
2015032800100291,2015년 3월 28일 12시,토요일,충청남도 예산군 신양면,경상사고,0,0,1,0,차대차 - 기타,중앙선침범,건조,맑음,단일로 - 기타,승용,남,74세,상해없음,화물,남,40세,경상
2015032800100333,2015년 3월 28일 13시,토요일,충청남도 천안시 서북구 쌍용동,경상사고,0,0,1,0,차대차 - 측면직각충돌,교차로운행방법위반,건조,맑음,교차로 - 교차로안,승용,여,66세,상해없음,원동기,남,58세,경상
2015032800100334,2015년 3월 28일 13시,토요일,충청남도 당진시 읍내리,부상신고사고,0,0,0,1,차대사람 - 기타,안전운전불이행,건조,맑음,교차로 - 교차로부근,기타불명,기타불명,기타불명,기타불명,보행자,여,12세,부상신고
2015032800100379,2015년 3월 28일 14시,토요일,충청남도 당진시 합덕읍,중상사고,0,1,0,0,차대차 - 기타,안전운전불이행,건조,맑음,교차로 - 교차로부근,승용,남,45세,상해없음,자전거,여,73세,중상
2015032800100449,2015년 3월 28일 16시,토요일,충청남도 천안시 서북구 성환읍,경상사고,0,0,1,0,차대차 - 기타,안전운전불이행,건조,맑음,단일로 - 기타,승합,남,22세,상해없음,원동기,남,67세,경상
2015032800100486,2015년 3월 28일 17시,토요일,충청남도 홍성군 홍북면,중상사고,0,1,0,0,차대차 - 측면직각충돌,안전운전불이행,건조,흐림,단일로 - 기타,승용,여,23세,상해없음,자전거,남,12세,중상
2015032800100487,2015년 3월 28일 17시,토요일,충청남도 천안시 동남구 성황동,중상사고,0,1,0,0,차대차 - 추돌 - 진행중,안전운전불이행,건조,맑음,단일로 - 기타,승용,남,28세,상해없음,자전거,남,71세,중상
2015032800100533,2015년 3월 28일 18시,토요일,충청남도 서천군 마서면,사망사고,1,0,0,0,차량단독 - 공작물충돌,안전운전불이행,건조,맑음,단일로 - 기타,원동기,남,57세,사망,,,,
2015032800100602,2015년 3월 28일 20시,토요일,충청남도 서천군 마서면,중상사고,0,1,0,0,차대차 - 추돌 - 진행중,안전거리미확보,건조,맑음,단일로 - 기타,승용,남,47세,상해없음,승용,남,42세,중상
2015032800100623,2015년 3월 28일 21시,토요일,충청남도 부여군 부여읍,경상사고,0,0,1,0,차대차 - 추돌 - 주정차중,안전운전불이행,건조,맑음,교차로 - 교차로부근,승용,남,55세,상해없음,승용,남,63세,경상
2015032900100081,2015년 3월 29일 05시,일요일,충청남도 천안시 서북구 쌍용동,경상사고,0,0,1,0,차대차 - 추돌 - 진행중,안전운전불이행,건조,맑음,단일로 - 기타,승용,남,24세,상해없음,승용,남,72세,경상
2015032900100101,2015년 3월 29일 07시,일요일,충청남도 아산시 도고면,중상사고,0,1,1,0,차대차 - 추돌 - 진행중,안전운전불이행,건조,맑음,단일로 - 기타,승용,남,32세,상해없음,승용,여,47세,중상
2015032900100115,2015년 3월 29일 08시,일요일,충청남도 예산군 고덕면,중상사고,0,1,0,0,차대차 - 추돌 - 진행중,중앙선침범,건조,맑음,단일로 - 기타,건설기계,남,40세,상해없음,농기계,남,73세,중상
2015032900100131,2015년 3월 29일 09시,일요일,충청남도 태안군 태안읍,중상사고,0,2,0,0,차대차 - 측면직각충돌,신호위반,습기,비,교차로 - 교차로안,승용,남,32세,상해없음,화물,남,59세,중상
2015032900100132,2015년 3월 29일 09시,일요일,충청남도 천안시 서북구 성정동,경상사고,0,0,1,0,차대차 - 기타,교차로운행방법위반,건조,흐림,교차로 - 교차로안,승합,남,58세,상해없음,승용,남,36세,경상
2015032900100164,2015년 3월 29일 11시,일요일,충청남도 홍성군 금마면,경상사고,0,0,2,0,차대차 - 추돌 - 진행중,안전운전불이행,건조,흐림,교차로 - 교차로안,이륜,남,66세,상해없음,승용,남,56세,경상
2015032900100203,2015년 3월 29일 13시,일요일,충청남도 예산군 예산읍,중상사고,0,1,2,0,차대차 - 측면직각충돌,안전운전불이행,건조,맑음,교차로 - 교차로안,화물,남,70세,경상,승용,남,46세,중상
2015032900100233,2015년 3월 29일 14시,일요일,충청남도 당진시 면천면,경상사고,0,0,5,0,차대차 - 추돌 - 진행중,안전운전불이행,건조,맑음,단일로 - 기타,승용,남,23세,상해없음,승용,여,23세,경상
2015032900100234,2015년 3월 29일 14시,일요일,충청남도 청양군 대치면,중상사고,0,1,0,0,차대사람 - 기타,안전운전불이행,건조,맑음,교차로 - 교차로부근,승용,남,79세,상해없음,보행자,남,50세,중상
2015032900100273,2015년 3월 29일 15시,일요일,충청남도 태안군 태안읍,경상사고,0,0,2,0,차대차 - 기타,안전운전불이행,건조,맑음,단일로 - 기타,승용,여,64세,상해없음,승용,남,59세,경상
2015032900100274,2015년 3월 29일 15시,일요일,충청남도 홍성군 홍북면,경상사고,0,0,1,0,차대차 - 측면직각충돌,신호위반,건조,흐림,교차로 - 교차로안,승용,여,47세,상해없음,승용,남,39세,경상
2015032900100275,2015년 3월 29일 15시,일요일,충청남도 아산시 음봉면,경상사고,0,0,1,0,차량단독 - 도로외이탈 - 추락,안전운전불이행,건조,맑음,단일로 - 기타,승용,남,33세,경상,,,,
2015032900100276,2015년 3월 29일 15시,일요일,충청남도 당진시 송산면,경상사고,0,0,1,0,차대사람 - 보도통행중,안전운전불이행,건조,맑음,단일로 - 기타,승용,남,39세,상해없음,보행자,남,32세,경상
2015032900100308,2015년 3월 29일 16시,일요일,충청남도 서산시 예천동,경상사고,0,0,1,0,차대차 - 측면직각충돌,신호위반,건조,맑음,교차로 - 교차로부근,승용,남,45세,경상,승용,남,46세,상해없음
2015032900100341,2015년 3월 29일 17시,일요일,충청남도 공주시 검상동,사망사고,1,0,0,0,차량단독 - 공작물충돌,안전운전불이행,건조,맑음,단일로 - 기타,승용,남,49세,사망,,,,
2015032900100342,2015년 3월 29일 17시,일요일,충청남도 당진시 석문면,경상사고,0,0,2,0,차대차 - 정면충돌,중앙선침범,건조,맑음,단일로 - 기타,승용,남,65세,상해없음,승용,남,27세,경상
2015032900100398,2015년 3월 29일 19시,일요일,충청남도 천안시 서북구 성환읍,중상사고,0,1,0,1,차량단독 - 도로외이탈 - 추락,안전운전불이행,건조,맑음,단일로 - 기타,승용,여,22세,부상신고,,,,
2015032900100399,2015년 3월 29일 19시,일요일,충청남도 홍성군 홍성읍,경상사고,0,0,1,0,차대차 - 측면직각충돌,안전운전불이행,건조,흐림,교차로 - 교차로부근,승용,여,63세,상해없음,승용,남,23세,경상
2015032900100400,2015년 3월 29일 19시,일요일,충청남도 공주시 신관동,중상사고,0,1,0,0,차대차 - 추돌 - 진행중,중앙선침범,건조,맑음,단일로 - 기타,이륜,남,20세,기타불명,이륜,여,40세,중상
2015032900100432,2015년 3월 29일 20시,일요일,충청남도 서산시 대산읍,경상사고,0,0,1,0,차대차 - 정면충돌,안전운전불이행,건조,맑음,단일로 - 기타,승용,여,55세,상해없음,자전거,남,52세,경상
2015032900100456,2015년 3월 29일 21시,일요일,충청남도 당진시 수청리,경상사고,0,0,1,0,차대차 - 추돌 - 진행중,안전운전불이행,건조,맑음,단일로 - 기타,화물,남,41세,상해없음,승용,남,29세,경상
2015033000100013,2015년 3월 30일 01시,월요일,충청남도 천안시 서북구 불당동,경상사고,0,0,1,0,차대차 - 측면직각충돌,안전운전불이행,건조,맑음,교차로 - 교차로부근,승용,남,22세,상해없음,승용,남,45세,상해없음
2015033000100073,2015년 3월 30일 07시,월요일,충청남도 청양군 청양읍,경상사고,0,0,1,0,차대차 - 기타,안전운전불이행,습기,안개,교차로 - 교차로안,승합,남,46세,상해없음,화물,남,53세,경상
2015033000100074,2015년 3월 30일 07시,월요일,충청남도 천안시 동남구 풍세면,중상사고,0,1,1,0,차대차 - 추돌 - 진행중,신호위반,건조,맑음,교차로 - 교차로안,승용,남,70세,경상,승용,남,27세,중상
2015033000100105,2015년 3월 30일 08시,월요일,충청남도 계룡시 엄사면,경상사고,0,0,1,0,차대차 - 측면직각충돌,안전운전불이행,건조,맑음,단일로 - 횡단보도상,승용,여,32세,상해없음,자전거,남,13세,경상
2015033000100106,2015년 3월 30일 08시,월요일,충청남도 아산시 권곡동,경상사고,0,0,1,0,차대사람 - 길가장자리구역통행중,안전운전불이행,건조,맑음,단일로 - 기타,승용,여,51세,상해없음,보행자,여,15세,경상
2015033000100107,2015년 3월 30일 08시,월요일,충청남도 서천군 장항읍,중상사고,0,2,2,1,차대차 - 기타,직진우회전진행방해,건조,맑음,교차로 - 교차로안,화물,남,53세,경상,승합,여,51세,경상
2015033000100140,2015년 3월 30일 09시,월요일,충청남도 홍성군 홍성읍,중상사고,0,1,0,0,차대사람 - 횡단중,보행자보호의무위반,건조,맑음,단일로 - 횡단보도상,화물,남,54세,상해없음,보행자,여,74세,중상
2015033000100141,2015년 3월 30일 09시,월요일,충청남도 홍성군 홍성읍,경상사고,0,0,1,0,차대사람 - 보도통행중,보행자보호의무위반,건조,맑음,교차로 - 교차로부근,승용,남,43세,상해없음,보행자,남,60세,경상
2015033000100236,2015년 3월 30일 12시,월요일,충청남도 논산시 연산면,경상사고,0,0,1,0,차대차 - 측면직각충돌,교차로운행방법위반,건조,맑음,교차로 - 교차로안,자전거,남,80세,경상,승용,남,62세,상해없음
2015033000100264,2015년 3월 30일 13시,월요일,충청남도 태안군 소원면,경상사고,0,0,2,0,차대차 - 추돌 - 진행중,안전운전불이행,건조,맑음,교차로 - 교차로부근,승용,남,53세,상해없음,승용,남,76세,경상
2015033000100265,2015년 3월 30일 13시,월요일,충청남도 당진시 송악읍,경상사고,0,0,3,0,차대차 - 정면충돌,중앙선침범,건조,맑음,단일로 - 기타,승용,남,75세,상해없음,승용,남,28세,경상
2015033000100266,2015년 3월 30일 13시,월요일,충청남도 천안시 동남구 용곡동,중상사고,0,1,0,0,차대차 - 정면충돌,중앙선침범,건조,맑음,교차로 - 교차로안,승용,여,40세,상해없음,화물,남,49세,중상
2015033000100307,2015년 3월 30일 14시,월요일,충청남도 천안시 서북구 직산읍,경상사고,0,0,1,0,차대차 - 기타,안전거리미확보,건조,맑음,단일로 - 기타,이륜,남,38세,경상,승용,남,44세,상해없음
2015033000100308,2015년 3월 30일 14시,월요일,충청남도 홍성군 갈산면,사망사고,4,1,0,0,차량단독 - 공작물충돌,안전운전불이행,건조,맑음,단일로 - 기타,승용,남,68세,중상,,,,
2015033000100309,2015년 3월 30일 14시,월요일,충청남도 금산군 금산읍,경상사고,0,0,1,1,차대차 - 추돌 - 주정차중,안전운전불이행,건조,맑음,단일로 - 기타,승용,남,75세,상해없음,승용,남,32세,경상
2015033000100385,2015년 3월 30일 16시,월요일,충청남도 청양군 장평면,중상사고,0,1,0,0,차대사람 - 길가장자리구역통행중,안전운전불이행,건조,맑음,단일로 - 기타,화물,남,55세,상해없음,보행자,남,43세,중상
2015033000100432,2015년 3월 30일 17시,월요일,충청남도 태안군 근흥면,중상사고,0,1,0,0,차대차 - 측면직각충돌,중앙선침범,건조,맑음,단일로 - 기타,화물,남,66세,상해없음,화물,남,40세,중상
2015033000100464,2015년 3월 30일 18시,월요일,충청남도 서산시 대산읍,경상사고,0,0,1,0,차대사람 - 길가장자리구역통행중,안전운전불이행,건조,맑음,단일로 - 기타,승용,남,53세,상해없음,보행자,남,45세,경상
2015033000100465,2015년 3월 30일 18시,월요일,충청남도 아산시 배방읍,중상사고,0,1,0,0,차대차 - 측면직각충돌,교차로운행방법위반,건조,맑음,교차로 - 교차로안,승용,남,66세,상해없음,이륜,남,17세,중상
2015033000100466,2015년 3월 30일 18시,월요일,충청남도 당진시 읍내리,경상사고,0,0,2,0,차대차 - 측면직각충돌,안전거리미확보,건조,맑음,단일로 - 기타,특수,남,28세,상해없음,승용,남,55세,경상
2015033000100508,2015년 3월 30일 19시,월요일,충청남도 천안시 서북구 두정동,경상사고,0,0,2,0,차대차 - 측면직각충돌,안전운전불이행,건조,맑음,단일로 - 기타,승용,남,47세,상해없음,화물,남,39세,경상
2015033000100509,2015년 3월 30일 19시,월요일,충청남도 홍성군 광천읍,경상사고,0,0,1,0,차대사람 - 횡단중,안전운전불이행,건조,맑음,단일로 - 기타,승용,남,46세,상해없음,보행자,여,76세,경상
2015033000100545,2015년 3월 30일 20시,월요일,충청남도 계룡시 엄사면,경상사고,0,0,1,0,차대차 - 측면직각충돌,안전운전불이행,건조,맑음,단일로 - 기타,승용,남,56세,상해없음,승용,여,51세,경상
2015033000100546,2015년 3월 30일 20시,월요일,충청남도 공주시 옥룡동,중상사고,0,1,0,0,차대차 - 추돌 - 진행중,안전운전불이행,건조,맑음,단일로 - 기타,원동기,여,64세,중상,화물,남,55세,기타불명
2015033000100577,2015년 3월 30일 21시,월요일,충청남도 홍성군 은하면,중상사고,0,2,1,0,차대차 - 추돌 - 진행중,안전운전불이행,건조,맑음,단일로 - 기타,화물,남,60세,상해없음,승용,남,27세,중상
2015033100100027,2015년 3월 31일 01시,화요일,충청남도 서산시 양대동,부상신고사고,0,0,0,1,차량단독 - 도로외이탈 - 추락,안전운전불이행,습기,안개,교차로 - 교차로부근,승용,남,54세,부상신고,,,,
2015033100100054,2015년 3월 31일 04시,화요일,충청남도 서산시 읍내동,경상사고,0,0,1,0,차대차 - 추돌 - 진행중,안전운전불이행,건조,맑음,단일로 - 기타,승용,여,26세,경상,화물,남,50세,상해없음
2015033100100080,2015년 3월 31일 06시,화요일,충청남도 서산시 대산읍,중상사고,0,2,1,0,차대차 - 측면직각충돌,안전거리미확보,건조,맑음,단일로 - 기타,승용,남,29세,상해없음,승용,남,41세,경상
2015033100100112,2015년 3월 31일 08시,화요일,충청남도 서천군 화양면,중상사고,0,1,2,0,차대차 - 기타,직진우회전진행방해,건조,맑음,교차로 - 교차로안,승용,여,58세,경상,승용,남,55세,경상
2015033100100113,2015년 3월 31일 08시,화요일,충청남도 공주시 중동,경상사고,0,0,1,0,차대사람 - 횡단중,보행자보호의무위반,건조,맑음,교차로 - 교차로부근,승용,여,47세,상해없음,보행자,여,16세,경상
2015033100100114,2015년 3월 31일 08시,화요일,충청남도 공주시 정안면,경상사고,0,0,1,0,차대차 - 정면충돌,안전거리미확보,습기,비,단일로 - 기타,화물,남,56세,상해없음,승용,남,40세,경상
2015033100100115,2015년 3월 31일 08시,화요일,충청남도 당진시 송악읍,중상사고,0,1,0,0,차대사람 - 횡단중,안전운전불이행,건조,흐림,단일로 - 기타,승합,여,43세,상해없음,보행자,여,2세,중상
2015033100100142,2015년 3월 31일 09시,화요일,충청남도 당진시 합덕읍,경상사고,0,0,1,0,차대차 - 측면직각충돌,교차로운행방법위반,건조,맑음,교차로 - 교차로안,화물,남,29세,경상,승용,남,54세,상해없음
2015033100100162,2015년 3월 31일 10시,화요일,충청남도 금산군 복수면,사망사고,1,1,0,0,차대차 - 정면충돌,중앙선침범,습기,비,단일로 - 기타,화물,남,38세,사망,건설기계,남,63세,중상
2015033100100183,2015년 3월 31일 11시,화요일,충청남도 청양군 남양면,경상사고,0,0,1,0,차량단독 - 전도전복,안전운전불이행,습기,비,단일로 - 기타,승용,여,43세,경상,,,,
2015033100100317,2015년 3월 31일 15시,화요일,충청남도 천안시 서북구 직산읍,중상사고,0,1,0,0,차대차 - 추돌 - 진행중,안전운전불이행,습기,비,교차로 - 교차로부근,승용,남,42세,상해없음,승용,남,44세,중상
2015033100100344,2015년 3월 31일 16시,화요일,충청남도 보령시 대천동,경상사고,0,0,1,0,차대사람 - 횡단중,안전운전불이행,습기,비,단일로 - 기타,화물,남,64세,상해없음,보행자,여,39세,경상
2015033100100345,2015년 3월 31일 16시,화요일,충청남도 청양군 청양읍,경상사고,0,0,2,0,차대차 - 측면직각충돌,직진우회전진행방해,습기,비,교차로 - 교차로안,승용,남,67세,상해없음,승용,남,78세,경상
2015033100100375,2015년 3월 31일 17시,화요일,충청남도 천안시 서북구 성거읍,중상사고,0,2,0,0,차대차 - 측면직각충돌,신호위반,습기,비,교차로 - 교차로안,화물,남,45세,상해없음,승용,남,56세,중상
2015033100100410,2015년 3월 31일 18시,화요일,충청남도 서산시 동문동,부상신고사고,0,0,0,1,차대차 - 측면직각충돌,직진우회전진행방해,습기,비,교차로 - 교차로안,승용,여,60세,부상신고,승용,남,45세,상해없음
2015033100100411,2015년 3월 31일 18시,화요일,충청남도 공주시 반포면,중상사고,0,1,0,0,차대차 - 측면직각충돌,안전운전불이행,습기,비,단일로 - 기타,승용,남,72세,상해없음,이륜,남,58세,중상
2015033100100464,2015년 3월 31일 19시,화요일,충청남도 홍성군 홍성읍,경상사고,0,0,2,0,차대차 - 추돌 - 진행중,안전거리미확보,습기,비,단일로 - 기타,승용,남,43세,상해없음,승용,남,40세,경상
2015033100100515,2015년 3월 31일 20시,화요일,충청남도 천안시 서북구 불당동,경상사고,0,0,1,0,차대사람 - 횡단중,안전운전불이행,습기,비,교차로 - 교차로부근,승용,여,35세,상해없음,보행자,여,20세,경상
2015033100100516,2015년 3월 31일 20시,화요일,충청남도 천안시 서북구 부대동,경상사고,0,0,1,0,차대차 - 측면직각충돌,안전운전불이행,습기,비,교차로 - 교차로부근,승용,남,62세,상해없음,승용,남,22세,경상
2015033100100517,2015년 3월 31일 20시,화요일,충청남도 천안시 서북구 두정동,경상사고,0,0,1,0,차대차 - 측면직각충돌,중앙선침범,습기,비,단일로 - 기타,화물,남,42세,상해없음,승용,여,29세,경상
2015033100100560,2015년 3월 31일 21시,화요일,충청남도 서산시 대산읍,경상사고,0,0,1,0,차대차 - 추돌 - 진행중,안전운전불이행,습기,비,교차로 - 교차로부근,승용,남,47세,상해없음,승용,남,43세,경상
2015033100100561,2015년 3월 31일 21시,화요일,충청남도 천안시 서북구 성환읍,경상사고,0,0,1,0,차대차 - 기타,신호위반,건조,맑음,교차로 - 교차로안,승용,남,48세,상해없음,승용,남,21세,경상
2015033100100562,2015년 3월 31일 21시,화요일,충청남도 천안시 서북구 두정동,경상사고,0,0,3,0,차대차 - 정면충돌,신호위반,습기,비,교차로 - 교차로안,승용,남,39세,상해없음,승용,남,49세,경상
2015033100100563,2015년 3월 31일 21시,화요일,충청남도 천안시 서북구 성정동,부상신고사고,0,0,0,1,차대차 - 추돌 - 진행중,안전운전불이행,건조,맑음,단일로 - 기타,이륜,남,23세,부상신고,승합,남,38세,상해없음
2015033100100619,2015년 3월 31일 22시,화요일,충청남도 천안시 서북구 백석동,경상사고,0,0,1,0,차대차 - 측면직각충돌,안전운전불이행,습기,비,단일로 - 기타,승용,남,25세,상해없음,승용,남,34세,경상
2015033100100656,2015년 3월 31일 23시,화요일,충청남도 서산시 읍내동,경상사고,0,0,2,0,차대사람 - 횡단중,안전운전불이행,습기,비,교차로 - 교차로안,승용,남,53세,상해없음,보행자,여,37세,경상
2015033100100657,2015년 3월 31일 23시,화요일,충청남도 당진시 합덕읍,경상사고,0,0,1,0,차대사람 - 횡단중,안전운전불이행,습기,비,교차로 - 교차로부근,승용,남,38세,상해없음,보행자,남,44세,경상
2015040100100021,2015년 4월 1일 00시,수요일,충청남도 서산시 석남동,경상사고,0,0,2,0,차대차 - 추돌 - 진행중,안전운전불이행,습기,비,단일로 - 기타,화물,남,39세,상해없음,화물,남,50세,경상
2015040100100037,2015년 4월 1일 01시,수요일,충청남도 아산시 용화동,경상사고,0,0,1,0,차대차 - 측면직각충돌,안전운전불이행,건조,맑음,교차로 - 교차로안,승용,남,30세,상해없음,승합,남,31세,경상
2015040100100052,2015년 4월 1일 02시,수요일,충청남도 서산시 읍내동,경상사고,0,0,1,0,차대사람 - 길가장자리구역통행중,안전운전불이행,습기,비,단일로 - 기타,승용,남,29세,상해없음,보행자,여,37세,경상
2015040100100053,2015년 4월 1일 02시,수요일,충청남도 아산시 실옥동,경상사고,0,0,4,0,차대차 - 측면직각충돌,중앙선침범,습기,비,기타 - 기타,승용,남,53세,상해없음,승용,남,36세,경상
2015040100100080,2015년 4월 1일 05시,수요일,충청남도 아산시 배방읍,경상사고,0,0,2,0,차대차 - 측면직각충돌,신호위반,습기,흐림,교차로 - 교차로안,승용,남,32세,상해없음,승용,남,49세,경상
2015040100100081,2015년 4월 1일 05시,수요일,충청남도 당진시 합덕읍,중상사고,0,1,0,0,차대사람 - 횡단중,안전운전불이행,적설,흐림,교차로 - 교차로안,화물,남,64세,상해없음,보행자,남,72세,중상
2015040100100175,2015년 4월 1일 09시,수요일,충청남도 공주시 중학동,중상사고,0,1,0,0,차대사람 - 차도통행중,안전운전불이행,습기,비,단일로 - 기타,승용,남,76세,기타불명,보행자,여,86세,중상
2015040100100223,2015년 4월 1일 11시,수요일,충청남도 아산시 인주면,중상사고,0,1,0,0,차대차 - 기타,중앙선침범,건조,맑음,단일로 - 기타,화물,남,68세,상해없음,화물,남,35세,중상
2015040100100224,2015년 4월 1일 11시,수요일,충청남도 보령시 웅천읍,중상사고,0,1,0,0,차대차 - 측면직각충돌,신호위반,건조,맑음,교차로 - 교차로안,화물,남,36세,상해없음,화물,남,50세,중상
2015040100100225,2015년 4월 1일 11시,수요일,충청남도 당진시 읍내리,경상사고,0,0,2,0,차대차 - 추돌 - 진행중,신호위반,건조,맑음,교차로 - 교차로안,승용,남,52세,상해없음,승용,남,65세,경상
2015040100100256,2015년 4월 1일 12시,수요일,충청남도 서산시 음암면,경상사고,0,0,1,0,차대차 - 기타,기타,건조,맑음,단일로 - 기타,건설기계,남,42세,경상,화물,남,47세,상해없음
2015040100100257,2015년 4월 1일 12시,수요일,충청남도 천안시 서북구 불당동,경상사고,0,0,1,0,차대차 - 측면직각충돌,신호위반,건조,맑음,교차로 - 교차로안,승용,남,50세,상해없음,승용,남,38세,경상
2015040100100258,2015년 4월 1일 12시,수요일,충청남도 논산시 채운면,중상사고,0,1,0,0,차대차 - 측면직각충돌,안전거리미확보,건조,맑음,단일로 - 기타,화물,남,66세,상해없음,이륜,남,31세,중상
2015040100100291,2015년 4월 1일 13시,수요일,충청남도 논산시 강경읍,중상사고,0,1,0,0,차대차 - 측면직각충돌,안전운전불이행,건조,맑음,단일로 - 기타,화물,남,79세,상해없음,자전거,여,66세,중상
2015040100100292,2015년 4월 1일 13시,수요일,충청남도 논산시 강산동,중상사고,0,1,1,0,차대차 - 측면직각충돌,안전거리미확보,건조,맑음,단일로 - 기타,건설기계,남,46세,상해없음,승용,남,75세,경상
2015040100100293,2015년 4월 1일 13시,수요일,충청남도 천안시 동남구 병천면,경상사고,0,0,1,0,차대차 - 추돌 - 진행중,안전운전불이행,건조,맑음,교차로 - 교차로안,승용,여,40세,상해없음,이륜,남,73세,경상
2015040100100323,2015년 4월 1일 14시,수요일,충청남도 당진시 송악읍,중상사고,0,2,0,0,차대차 - 추돌 - 진행중,안전운전불이행,건조,맑음,교차로 - 교차로안,화물,남,79세,중상,승용,남,58세,중상
2015040100100362,2015년 4월 1일 15시,수요일,충청남도 예산군 예산읍,중상사고,0,1,1,0,차대차 - 추돌 - 진행중,안전운전불이행,건조,맑음,단일로 - 터널,화물,남,65세,중상,건설기계,남,42세,경상
2015040100100392,2015년 4월 1일 16시,수요일,충청남도 홍성군 홍성읍,사망사고,1,2,1,0,차대차 - 측면직각충돌,중앙선침범,건조,맑음,단일로 - 기타,승용,남,34세,중상,화물,남,37세,중상
2015040100100393,2015년 4월 1일 16시,수요일,충청남도 당진시 송산면,부상신고사고,0,0,0,1,차대사람 - 기타,안전운전불이행,건조,맑음,단일로 - 기타,기타불명,기타불명,기타불명,기타불명,보행자,남,80세,부상신고
2015040100100435,2015년 4월 1일 17시,수요일,충청남도 천안시 서북구 쌍용동,경상사고,0,0,1,0,차대사람 - 기타,안전운전불이행,건조,맑음,단일로 - 기타,기타불명,기타불명,기타불명,기타불명,보행자,남,18세,경상
2015040100100436,2015년 4월 1일 17시,수요일,충청남도 금산군 금산읍,경상사고,0,0,1,0,차대차 - 추돌 - 주정차중,안전운전불이행,습기,비,단일로 - 기타,화물,남,72세,상해없음,승용,남,57세,기타불명
2015040100100467,2015년 4월 1일 18시,수요일,충청남도 보령시 주산면,중상사고,0,1,0,0,차대차 - 측면직각충돌,안전운전불이행,건조,맑음,교차로 - 교차로안,승용,여,51세,상해없음,화물,남,61세,중상
2015040100100497,2015년 4월 1일 19시,수요일,충청남도 공주시 금성동,중상사고,0,1,0,0,차대차 - 측면직각충돌,안전운전불이행,건조,흐림,교차로 - 교차로안,승용,여,48세,기타불명,이륜,남,16세,중상
2015040100100529,2015년 4월 1일 20시,수요일,충청남도 아산시 영인면,경상사고,0,0,1,0,차대차 - 추돌 - 주정차중,안전운전불이행,건조,맑음,단일로 - 기타,화물,남,50세,상해없음,승용,남,24세,경상
2015040100100530,2015년 4월 1일 20시,수요일,충청남도 예산군 덕산면,경상사고,0,0,2,0,차량단독 - 도로외이탈 - 추락,안전운전불이행,건조,맑음,교차로 - 교차로안,승용,여,19세,경상,,,,
2015040100100559,2015년 4월 1일 21시,수요일,충청남도 천안시 서북구 직산읍,중상사고,0,1,0,0,차대차 - 측면직각충돌,안전운전불이행,건조,맑음,미분류 - 미분류,승용,남,36세,상해없음,원동기,남,17세,중상
2015040100100560,2015년 4월 1일 21시,수요일,충청남도 홍성군 홍동면,중상사고,0,2,0,0,차대사람 - 길가장자리구역통행중,안전운전불이행,건조,맑음,단일로 - 기타,화물,남,47세,상해없음,보행자,남,32세,중상
2015040100100588,2015년 4월 1일 22시,수요일,충청남도 서천군 서천읍,경상사고,0,0,3,0,차대차 - 기타,신호위반,습기,비,교차로 - 교차로안,승용,여,23세,경상,승용,남,52세,경상
2015040100100589,2015년 4월 1일 22시,수요일,충청남도 천안시 동남구 성황동,부상신고사고,0,0,0,1,차대차 - 추돌 - 진행중,신호위반,건조,맑음,교차로 - 교차로안,기타불명,기타불명,기타불명,기타불명,승용,남,52세,상해없음
2015040100100620,2015년 4월 1일 23시,수요일,충청남도 태안군 태안읍,중상사고,0,1,0,0,차대차 - 측면직각충돌,안전운전불이행,건조,맑음,교차로 - 교차로안,승용,남,32세,상해없음,승용,남,64세,상해없음
2015040100100621,2015년 4월 1일 23시,수요일,충청남도 논산시 노성면,중상사고,0,1,0,0,차량단독 - 공작물충돌,안전운전불이행,건조,맑음,단일로 - 기타,화물,남,60세,중상,,,,
2015040200100017,2015년 4월 2일 00시,목요일,충청남도 천안시 서북구 두정동,경상사고,0,0,1,0,차대차 - 측면직각충돌,안전운전불이행,건조,맑음,단일로 - 기타,승용,남,24세,상해없음,승용,남,24세,기타불명
2015040200100018,2015년 4월 2일 00시,목요일,충청남도 공주시 신관동,중상사고,0,1,1,0,차대차 - 측면직각충돌,신호위반,건조,흐림,교차로 - 교차로안,화물,남,35세,기타불명,화물,남,53세,중상