사고번호,사고일시,요일,시군구,사고내용,사망자수,중상자수,경상자수,부상신고자수,사고유형,법규위반,노면상태,기상상태,도로형태,가해운전자 차종,가해운전자 성별,가해운전자 연령,가해운전자 상해정도,피해운전자 차종,피해운전자 성별,피해운전자 연령,피해운전자 상해정도
2015040200100045,2015년 4월 2일 02시,목요일,충청남도 아산시 온천동,경상사고,0,0,3,0,차대차 - 측면직각충돌,안전운전불이행,건조,맑음,교차로 - 교차로부근,승용,남,39세,상해없음,승용,여,44세,경상
2015040200100062,2015년 4월 2일 04시,목요일,충청남도 천안시 동남구 영성동,중상사고,0,2,1,0,차대차 - 추돌 - 진행중,안전운전불이행,건조,맑음,교차로 - 교차로부근,화물,남,67세,상해없음,승용,남,61세,경상
2015040200100102,2015년 4월 2일 07시,목요일,충청남도 천안시 서북구 성성동,경상사고,0,0,3,0,차대차 - 기타,교차로운행방법위반,건조,맑음,교차로 - 교차로안,승용,남,34세,상해없음,승용,남,26세,경상
2015040200100125,2015년 4월 2일 08시,목요일,충청남도 아산시 권곡동,경상사고,0,0,1,0,차대차 - 측면직각충돌,신호위반,건조,맑음,교차로 - 교차로안,승용,남,31세,상해없음,승용,여,43세,경상
2015040200100153,2015년 4월 2일 09시,목요일,충청남도 보령시 신흑동,경상사고,0,0,2,0,차대차 - 측면직각충돌,직진우회전진행방해,건조,맑음,교차로 - 교차로안,원동기,남,59세,경상,화물,남,34세,상해없음
2015040200100154,2015년 4월 2일 09시,목요일,충청남도 당진시 합덕읍,경상사고,0,0,1,0,차대차 - 추돌 - 진행중,안전운전불이행,건조,맑음,단일로 - 기타,이륜,남,80세,경상,승용,여,45세,상해없음
2015040200100182,2015년 4월 2일 10시,목요일,충청남도 계룡시 엄사면,경상사고,0,0,1,0,차대사람 - 길가장자리구역통행중,안전운전불이행,건조,맑음,단일로 - 기타,승용,남,32세,상해없음,보행자,여,56세,경상
2015040200100212,2015년 4월 2일 11시,목요일,충청남도 천안시 동남구 원성동,중상사고,0,1,0,0,차대차 - 추돌 - 진행중,안전운전불이행,건조,맑음,단일로 - 기타,승용,남,34세,상해없음,승용,남,46세,중상
2015040200100242,2015년 4월 2일 12시,목요일,충청남도 홍성군 홍성읍,경상사고,0,0,3,0,차대차 - 측면직각충돌,교차로운행방법위반,건조,맑음,교차로 - 교차로안,승용,남,48세,상해없음,승용,남,19세,경상
2015040200100243,2015년 4월 2일 12시,목요일,충청남도 공주시 산성동,경상사고,0,0,1,0,차대사람 - 횡단중,보행자보호의무위반,건조,맑음,교차로 - 교차로안,승용,남,75세,상해없음,보행자,여,52세,경상
2015040200100261,2015년 4월 2일 13시,목요일,충청남도 당진시 읍내리,경상사고,0,0,1,0,차대사람 - 횡단중,안전운전불이행,기타,맑음,단일로 - 기타,승합,남,40세,상해없음,보행자,여,76세,경상
2015040200100288,2015년 4월 2일 14시,목요일,충청남도 논산시 강산동,경상사고,0,0,2,0,차대차 - 추돌 - 주정차중,안전운전불이행,건조,맑음,교차로 - 교차로부근,화물,남,62세,상해없음,화물,남,46세,경상
2015040200100289,2015년 4월 2일 14시,목요일,충청남도 보령시 청라면,중상사고,0,2,1,0,차량단독 - 공작물충돌,안전운전불이행,건조,맑음,단일로 - 기타,화물,남,55세,경상,,,,
2015040200100316,2015년 4월 2일 15시,목요일,충청남도 천안시 동남구 대흥동,경상사고,0,0,1,0,차대차 - 추돌 - 주정차중,안전운전불이행,건조,맑음,단일로 - 기타,승용,남,39세,상해없음,승용,남,46세,경상
2015040200100344,2015년 4월 2일 16시,목요일,충청남도 홍성군 홍성읍,경상사고,0,0,1,0,차대차 - 기타,중앙선침범,건조,흐림,단일로 - 기타,승용,남,28세,상해없음,화물,남,47세,경상
2015040200100345,2015년 4월 2일 16시,목요일,충청남도 예산군 예산읍,경상사고,0,0,1,0,차대차 - 기타,신호위반,건조,흐림,교차로 - 교차로안,이륜,남,60세,경상,승용,여,51세,상해없음
2015040200100378,2015년 4월 2일 17시,목요일,충청남도 당진시 송악읍,경상사고,0,0,1,0,차대차 - 측면직각충돌,교차로운행방법위반,기타,맑음,교차로 - 교차로부근,화물,남,62세,상해없음,승용,여,53세,경상
2015040200100434,2015년 4월 2일 18시,목요일,충청남도 보령시 죽정동,경상사고,0,0,2,0,차대차 - 정면충돌,중앙선침범,건조,맑음,교차로 - 교차로부근,승용,여,40세,상해없음,승용,여,36세,경상
2015040200100474,2015년 4월 2일 19시,목요일,충청남도 태안군 원북면,경상사고,0,0,2,0,차대차 - 추돌 - 주정차중,안전운전불이행,건조,맑음,교차로 - 교차로부근,화물,남,49세,상해없음,승용,남,22세,경상
2015040200100475,2015년 4월 2일 19시,목요일,충청남도 아산시 둔포면,경상사고,0,0,2,0,차대차 - 기타,안전운전불이행,건조,맑음,단일로 - 기타,화물,남,41세,상해없음,화물,남,61세,경상
2015040200100476,2015년 4월 2일 19시,목요일,충청남도 당진시 송악읍,경상사고,0,0,2,0,차대차 - 추돌 - 주정차중,교차로운행방법위반,기타,기타,교차로 - 교차로안,승용,여,26세,경상,승용,남,33세,경상
2015040200100533,2015년 4월 2일 20시,목요일,충청남도 공주시 신관동,중상사고,0,1,2,0,차대차 - 측면직각충돌,신호위반,습기,비,교차로 - 교차로안,승용,여,49세,중상,승용,남,45세,경상
2015040200100534,2015년 4월 2일 20시,목요일,충청남도 당진시 정미면,경상사고,0,0,1,0,차대사람 - 차도통행중,안전운전불이행,습기,비,단일로 - 기타,화물,남,69세,상해없음,보행자,남,46세,경상
2015040200100587,2015년 4월 2일 21시,목요일,충청남도 서산시 읍내동,중상사고,0,1,0,0,차대차 - 측면직각충돌,교차로운행방법위반,습기,비,교차로 - 교차로안,승용,남,61세,상해없음,이륜,남,16세,중상
2015040200100588,2015년 4월 2일 21시,목요일,충청남도 당진시 채운동,경상사고,0,0,1,0,차대차 - 측면직각충돌,교차로운행방법위반,습기,비,교차로 - 교차로안,승용,여,45세,기타불명,승용,여,29세,경상
2015040200100589,2015년 4월 2일 21시,목요일,충청남도 금산군 추부면,경상사고,0,0,4,0,차대차 - 측면직각충돌,교차로운행방법위반,습기,비,교차로 - 교차로부근,이륜,남,18세,경상,승용,남,25세,경상
2015040200100641,2015년 4월 2일 22시,목요일,충청남도 천안시 서북구 두정동,경상사고,0,0,1,0,차대차 - 측면직각충돌,신호위반,습기,비,교차로 - 교차로안,승용,남,41세,상해없음,이륜,남,16세,경상
2015040200100642,2015년 4월 2일 22시,목요일,충청남도 천안시 서북구 백석동,경상사고,0,0,1,0,차대차 - 추돌 - 진행중,안전운전불이행,습기,비,단일로 - 기타,승용,남,28세,기타불명,화물,남,32세,경상
2015040300100057,2015년 4월 3일 01시,금요일,충청남도 천안시 서북구 성정동,경상사고,0,0,3,0,차대차 - 추돌 - 진행중,안전운전불이행,습기,비,교차로 - 교차로부근,승합,남,45세,상해없음,승용,남,57세,상해없음
2015040300100058,2015년 4월 3일 01시,금요일,충청남도 아산시 염치읍,중상사고,0,1,0,0,차량단독 - 도로외이탈 - 추락,안전운전불이행,습기,비,단일로 - 기타,승용,남,24세,중상,,,,
2015040300100110,2015년 4월 3일 05시,금요일,충청남도 천안시 동남구 안서동,경상사고,0,0,2,0,차대차 - 측면직각충돌,직진우회전진행방해,건조,맑음,교차로 - 교차로안,승용,남,36세,상해없음,승용,남,49세,경상
2015040300100124,2015년 4월 3일 06시,금요일,충청남도 서산시 해미면,중상사고,0,2,6,0,차대차 - 측면직각충돌,신호위반,건조,맑음,교차로 - 교차로안,화물,남,60세,상해없음,승합,남,57세,경상
2015040300100177,2015년 4월 3일 08시,금요일,충청남도 천안시 서북구 쌍용동,경상사고,0,0,1,0,차대사람 - 길가장자리구역통행중,안전운전불이행,건조,맑음,교차로 - 교차로부근,승용,여,44세,기타불명,보행자,여,41세,경상
2015040300100178,2015년 4월 3일 08시,금요일,충청남도 예산군 예산읍,중상사고,0,1,0,0,차대차 - 기타,안전운전불이행,습기,흐림,교차로 - 교차로안,승용,여,33세,상해없음,자전거,남,76세,중상
2015040300100205,2015년 4월 3일 09시,금요일,충청남도 아산시 배방읍,부상신고사고,0,0,0,1,차대차 - 정면충돌,안전운전불이행,건조,맑음,교차로 - 교차로안,승용,남,41세,기타불명,승용,여,62세,부상신고
2015040300100347,2015년 4월 3일 14시,금요일,충청남도 예산군 예산읍,중상사고,0,1,0,0,차대사람 - 기타,안전운전불이행,건조,맑음,단일로 - 기타,승용,여,55세,상해없음,보행자,여,81세,중상
2015040300100377,2015년 4월 3일 15시,금요일,충청남도 금산군 금산읍,경상사고,0,0,1,0,차대차 - 측면직각충돌,직진우회전진행방해,건조,맑음,교차로 - 교차로안,승용,여,47세,상해없음,이륜,남,39세,경상
2015040300100414,2015년 4월 3일 16시,금요일,충청남도 서산시 읍내동,경상사고,0,0,1,0,차대차 - 기타,안전운전불이행,건조,맑음,단일로 - 기타,승합,남,52세,상해없음,승합,여,45세,경상
2015040300100415,2015년 4월 3일 16시,금요일,충청남도 논산시 화지동,경상사고,0,0,2,0,차대차 - 측면직각충돌,교차로운행방법위반,건조,맑음,교차로 - 교차로안,이륜,여,31세,경상,이륜,남,49세,경상
2015040300100416,2015년 4월 3일 16시,금요일,충청남도 아산시 인주면,경상사고,0,0,1,0,차대차 - 정면충돌,중앙선침범,건조,맑음,단일로 - 기타,화물,남,39세,상해없음,승용,남,31세,경상
2015040300100454,2015년 4월 3일 17시,금요일,충청남도 천안시 서북구 직산읍,중상사고,0,1,0,0,차대차 - 측면직각충돌,안전운전불이행,건조,맑음,교차로 - 교차로안,승용,여,46세,상해없음,승용,여,28세,중상
2015040300100455,2015년 4월 3일 17시,금요일,충청남도 보령시 동대동,중상사고,0,1,0,0,차대차 - 기타,안전운전불이행,건조,맑음,단일로 - 기타,승용,남,60세,상해없음,자전거,남,13세,중상
2015040300100457,2015년 4월 3일 17시,금요일,충청남도 금산군 금산읍,경상사고,0,0,1,0,차대차 - 측면직각충돌,기타,건조,맑음,단일로 - 기타,승용,남,62세,상해없음,자전거,남,8세,경상
2015040300100503,2015년 4월 3일 18시,금요일,충청남도 아산시 온천동,경상사고,0,0,3,0,차대차 - 추돌 - 진행중,안전운전불이행,건조,맑음,교차로 - 교차로안,승용,남,48세,상해없음,승용,여,32세,경상
2015040300100549,2015년 4월 3일 19시,금요일,충청남도 홍성군 홍성읍,경상사고,0,0,2,0,차대차 - 추돌 - 주정차중,안전운전불이행,건조,흐림,단일로 - 기타,승용,남,43세,경상,승용,여,54세,경상
2015040300100623,2015년 4월 3일 21시,금요일,충청남도 아산시 용화동,중상사고,0,1,0,0,차대차 - 기타,기타,건조,맑음,단일로 - 기타,승용,남,61세,상해없음,원동기,남,41세,중상
2015040300100624,2015년 4월 3일 21시,금요일,충청남도 예산군 예산읍,경상사고,0,0,2,0,차대차 - 기타,신호위반,건조,맑음,교차로 - 교차로안,승용,여,56세,상해없음,화물,남,41세,경상
2015040300100659,2015년 4월 3일 22시,금요일,충청남도 아산시 영인면,경상사고,0,0,2,0,차대차 - 추돌 - 진행중,안전운전불이행,건조,맑음,단일로 - 기타,승용,남,40세,경상,화물,여,61세,경상
2015040400100057,2015년 4월 4일 02시,토요일,충청남도 서산시 성연면,중상사고,0,1,0,1,차대차 - 측면직각충돌,직진우회전진행방해,건조,맑음,단일로 - 기타,화물,남,60세,부상신고,승용,남,25세,중상
2015040400100083,2015년 4월 4일 03시,토요일,충청남도 서산시 석림동,경상사고,0,0,1,0,차대차 - 추돌 - 진행중,안전운전불이행,건조,맑음,단일로 - 기타,승용,남,39세,경상,화물,남,54세,상해없음
2015040400100130,2015년 4월 4일 07시,토요일,충청남도 천안시 서북구 성거읍,경상사고,0,0,1,0,차대차 - 측면직각충돌,불법유턴,건조,맑음,교차로 - 교차로부근,승용,남,51세,상해없음,승용,남,31세,경상
2015040400100151,2015년 4월 4일 08시,토요일,충청남도 부여군 장암면,경상사고,0,0,1,0,차대차 - 측면직각충돌,직진우회전진행방해,건조,맑음,교차로 - 교차로안,이륜,여,65세,경상,화물,여,47세,상해없음
2015040400100169,2015년 4월 4일 09시,토요일,충청남도 천안시 서북구 성정동,경상사고,0,0,1,0,차대차 - 추돌 - 주정차중,안전운전불이행,건조,맑음,교차로 - 교차로안,승용,남,30세,상해없음,승합,남,32세,상해없음
2015040400100170,2015년 4월 4일 09시,토요일,충청남도 보령시 대천동,경상사고,0,0,1,0,차대차 - 기타,안전운전불이행,건조,맑음,교차로 - 교차로부근,원동기,남,70세,경상,화물,남,49세,상해없음
2015040400100241,2015년 4월 4일 11시,토요일,충청남도 예산군 삽교읍,경상사고,0,0,2,0,차대차 - 측면직각충돌,신호위반,건조,맑음,교차로 - 교차로안,승용,남,24세,상해없음,승용,여,53세,경상
2015040400100278,2015년 4월 4일 12시,토요일,충청남도 천안시 서북구 백석동,중상사고,0,1,0,0,차대사람 - 차도통행중,안전운전불이행,건조,맑음,단일로 - 기타,화물,남,39세,상해없음,보행자,남,14세,중상
2015040400100279,2015년 4월 4일 12시,토요일,충청남도 천안시 서북구 불당동,중상사고,0,1,0,0,차대차 - 측면직각충돌,안전운전불이행,건조,맑음,단일로 - 기타,승용,남,39세,상해없음,승용,여,56세,중상
2015040400100281,2015년 4월 4일 12시,토요일,충청남도 당진시 송악읍,경상사고,0,0,2,0,차대차 - 기타,안전운전불이행,건조,맑음,교차로 - 교차로부근,승용,남,33세,상해없음,승용,남,60세,경상
2015040400100341,2015년 4월 4일 14시,토요일,충청남도 논산시 부적면,중상사고,0,1,7,0,차대차 - 추돌 - 진행중,안전운전불이행,건조,흐림,단일로 - 기타,화물,남,55세,상해없음,승합,남,49세,상해없음
2015040400100342,2015년 4월 4일 14시,토요일,충청남도 홍성군 광천읍,중상사고,0,2,0,0,차대차 - 추돌 - 진행중,안전운전불이행,건조,흐림,단일로 - 기타,승용,여,60세,상해없음,이륜,남,77세,중상
2015040400100381,2015년 4월 4일 15시,토요일,충청남도 논산시 연산면,경상사고,0,0,2,0,차대차 - 추돌 - 주정차중,안전운전불이행,습기,비,단일로 - 기타,화물,남,20세,상해없음,승합,남,53세,경상
2015040400100416,2015년 4월 4일 16시,토요일,충청남도 논산시 대교동,경상사고,0,0,1,0,차대사람 - 차도통행중,안전운전불이행,습기,비,단일로 - 기타,승용,남,66세,상해없음,보행자,남,20세,경상
2015040400100453,2015년 4월 4일 17시,토요일,충청남도 아산시 모종동,경상사고,0,0,3,0,차대차 - 추돌 - 주정차중,안전운전불이행,습기,비,단일로 - 기타,승용,남,43세,상해없음,승용,남,31세,경상
2015040400100495,2015년 4월 4일 18시,토요일,충청남도 예산군 예산읍,경상사고,0,0,2,0,차대차 - 추돌 - 주정차중,안전운전불이행,습기,비,기타 - 기타,승용,남,63세,상해없음,승용,남,60세,경상
2015040400100496,2015년 4월 4일 18시,토요일,충청남도 천안시 동남구 봉명동,경상사고,0,0,1,0,차대사람 - 기타,안전운전불이행,건조,맑음,단일로 - 기타,승용,남,65세,상해없음,보행자,여,21세,경상
2015040400100598,2015년 4월 4일 20시,토요일,충청남도 천안시 서북구 두정동,경상사고,0,0,1,0,차대차 - 기타,안전운전불이행,습기,비,교차로 - 교차로부근,승용,남,30세,상해없음,승용,남,34세,경상
2015040400100599,2015년 4월 4일 20시,토요일,충청남도 천안시 서북구 성환읍,경상사고,0,0,2,2,차대차 - 측면직각충돌,신호위반,습기,비,교차로 - 교차로안,승용,남,22세,부상신고,승합,남,21세,경상
2015040400100634,2015년 4월 4일 21시,토요일,충청남도 논산시 부창동,중상사고,0,2,2,0,차대차 - 측면직각충돌,중앙선침범,습기,비,교차로 - 교차로안,승용,여,49세,중상,승용,여,40세,경상
2015040400100635,2015년 4월 4일 21시,토요일,충청남도 아산시 배방읍,경상사고,0,0,1,0,차대차 - 측면직각충돌,안전운전불이행,습기,비,교차로 - 교차로안,승용,남,24세,상해없음,이륜,남,36세,경상
2015040400100636,2015년 4월 4일 21시,토요일,충청남도 보령시 웅천읍,중상사고,0,1,0,0,차대차 - 기타,안전운전불이행,습기,비,단일로 - 기타,승용,여,53세,상해없음,승용,남,43세,상해없음
2015040400100637,2015년 4월 4일 21시,토요일,충청남도 공주시 신관동,중상사고,0,1,0,0,차대사람 - 보도통행중,신호위반,습기,비,단일로 - 기타,원동기,남,52세,상해없음,보행자,남,25세,중상
2015040400100639,2015년 4월 4일 21시,토요일,충청남도 부여군 부여읍,중상사고,0,1,1,0,차대차 - 추돌 - 진행중,안전운전불이행,습기,비,단일로 - 기타,원동기,여,51세,경상,원동기,남,83세,중상
2015040400100689,2015년 4월 4일 22시,토요일,충청남도 공주시 계룡면,경상사고,0,0,1,0,차량단독 - 공작물충돌,안전운전불이행,습기,비,단일로 - 기타,승용,남,27세,경상,,,,
2015040400100719,2015년 4월 4일 23시,토요일,충청남도 천안시 서북구 두정동,경상사고,0,0,1,0,차대사람 - 차도통행중,안전운전불이행,습기,비,교차로 - 교차로안,승용,여,46세,상해없음,보행자,남,29세,경상
2015040500100016,2015년 4월 5일 00시,일요일,충청남도 천안시 서북구 성거읍,중상사고,0,1,0,0,차대사람 - 차도통행중,안전운전불이행,습기,비,교차로 - 교차로부근,승합,남,41세,상해없음,보행자,남,42세,중상
2015040500100017,2015년 4월 5일 00시,일요일,충청남도 천안시 서북구 두정동,경상사고,0,0,1,0,차대사람 - 차도통행중,안전운전불이행,습기,비,단일로 - 기타,원동기,남,41세,기타불명,보행자,남,36세,경상
2015040500100062,2015년 4월 5일 02시,일요일,충청남도 천안시 서북구 쌍용동,중상사고,0,1,2,0,차대차 - 기타,신호위반,건조,흐림,교차로 - 교차로안,승용,여,54세,중상,승용,여,54세,경상
2015040500100092,2015년 4월 5일 04시,일요일,충청남도 공주시 반포면,경상사고,0,0,1,0,차대차 - 정면충돌,중앙선침범,습기,비,단일로 - 기타,승용,남,22세,상해없음,승용,여,44세,경상
2015040500100123,2015년 4월 5일 06시,일요일,충청남도 부여군 부여읍,중상사고,0,1,0,0,차대차 - 기타,안전운전불이행,건조,맑음,단일로 - 기타,승용,남,59세,상해없음,이륜,남,43세,중상
2015040500100137,2015년 4월 5일 07시,일요일,충청남도 논산시 부창동,사망사고,1,3,1,0,차대차 - 정면충돌,기타,습기,흐림,교차로 - 교차로안,승용,남,22세,경상,승용,남,62세,중상
2015040500100149,2015년 4월 5일 08시,일요일,충청남도 천안시 서북구 입장면,중상사고,0,3,0,1,차대차 - 측면직각충돌,안전운전불이행,건조,맑음,단일로 - 기타,화물,남,61세,부상신고,승용,남,31세,상해없음
2015040500100150,2015년 4월 5일 08시,일요일,충청남도 예산군 덕산면,사망사고,1,1,2,0,차대차 - 측면직각충돌,안전운전불이행,건조,맑음,교차로 - 교차로안,승용,남,52세,경상,승용,남,72세,경상
2015040500100183,2015년 4월 5일 10시,일요일,충청남도 천안시 서북구 두정동,중상사고,0,1,3,0,차대차 - 측면직각충돌,신호위반,습기,비,교차로 - 교차로안,승용,남,70세,중상,승용,남,53세,경상
2015040500100184,2015년 4월 5일 10시,일요일,충청남도 보령시 대천동,중상사고,0,1,0,0,차대차 - 추돌 - 진행중,직진우회전진행방해,습기,비,교차로 - 교차로안,승용,남,59세,상해없음,자전거,남,12세,중상
2015040500100185,2015년 4월 5일 10시,일요일,충청남도 천안시 동남구 청당동,경상사고,0,0,2,0,차대차 - 추돌 - 진행중,안전운전불이행,습기,비,단일로 - 기타,화물,남,60세,상해없음,승용,남,47세,경상
2015040500100229,2015년 4월 5일 13시,일요일,충청남도 당진시 대덕리,경상사고,0,0,1,0,차대차 - 기타,차로위반,건조,맑음,교차로 - 교차로부근,승용,남,30세,경상,승용,남,50세,상해없음
2015040500100261,2015년 4월 5일 14시,일요일,충청남도 서산시 석림동,경상사고,0,0,1,0,차대차 - 측면직각충돌,신호위반,건조,맑음,교차로 - 교차로안,화물,남,69세,상해없음,승용,남,41세,경상
2015040500100291,2015년 4월 5일 15시,일요일,충청남도 아산시 권곡동,경상사고,0,0,1,0,차대사람 - 기타,안전운전불이행,습기,비,기타 - 기타,승용,남,60세,상해없음,보행자,남,35세,경상
2015040500100351,2015년 4월 5일 17시,일요일,충청남도 논산시 부적면,경상사고,0,0,2,0,차대차 - 측면직각충돌,안전운전불이행,습기,비,단일로 - 기타,화물,남,40세,상해없음,승용,여,53세,경상
2015040500100352,2015년 4월 5일 17시,일요일,충청남도 천안시 동남구 광덕면,경상사고,0,0,1,0,차대차 - 측면직각충돌,신호위반,습기,비,교차로 - 교차로안,화물,남,37세,상해없음,승용,남,65세,경상
2015040500100382,2015년 4월 5일 18시,일요일,충청남도 아산시 용화동,경상사고,0,0,3,0,차대사람 - 횡단중,보행자보호의무위반,습기,비,교차로 - 교차로부근,승용,남,35세,상해없음,보행자,남,45세,경상
2015040500100413,2015년 4월 5일 19시,일요일,충청남도 논산시 연산면,사망사고,1,0,0,0,차대사람 - 횡단중,안전운전불이행,습기,비,단일로 - 기타,승용,여,42세,상해없음,보행자,남,46세,사망
2015040500100414,2015년 4월 5일 19시,일요일,충청남도 아산시 모종동,중상사고,0,1,0,0,차대사람 - 횡단중,보행자보호의무위반,습기,비,단일로 - 기타,승용,남,60세,상해없음,보행자,남,50세,중상
2015040500100455,2015년 4월 5일 20시,일요일,충청남도 천안시 서북구 직산읍,경상사고,0,0,4,0,차대차 - 측면직각충돌,안전운전불이행,습기,비,단일로 - 기타,승합,남,22세,경상,승용,남,44세,상해없음
2015040500100456,2015년 4월 5일 20시,일요일,충청남도 홍성군 홍성읍,중상사고,0,1,0,0,차대차 - 정면충돌,중앙선침범,습기,비,단일로 - 기타,승용,남,46세,상해없음,승용,남,43세,중상
2015040500100457,2015년 4월 5일 20시,일요일,충청남도 공주시 금학동,경상사고,0,0,3,0,차대차 - 추돌 - 주정차중,안전운전불이행,습기,비,교차로 - 교차로부근,승용,여,27세,상해없음,승용,남,54세,경상
2015040500100490,2015년 4월 5일 21시,일요일,충청남도 천안시 서북구 성환읍,중상사고,0,2,0,0,차대사람 - 기타,안전운전불이행,습기,비,교차로 - 교차로부근,승용,남,45세,상해없음,보행자,여,19세,중상
2015040500100491,2015년 4월 5일 21시,일요일,충청남도 당진시 송악읍,사망사고,1,0,0,0,차대사람 - 기타,안전운전불이행,습기,비,단일로 - 기타,승용,남,62세,상해없음,보행자,남,46세,사망
2015040500100523,2015년 4월 5일 22시,일요일,충청남도 아산시 신창면,중상사고,0,2,0,0,차대차 - 정면충돌,신호위반,건조,맑음,교차로 - 교차로안,승합,남,60세,상해없음,승용,남,31세,중상
2015040500100539,2015년 4월 5일 23시,일요일,충청남도 보령시 동대동,중상사고,0,1,0,0,차대차 - 추돌 - 주정차중,안전운전불이행,습기,비,단일로 - 기타,승용,남,36세,상해없음,승용,여,59세,중상
2015040500100540,2015년 4월 5일 23시,일요일,충청남도 천안시 동남구 목천읍,경상사고,0,0,1,0,차대사람 - 길가장자리구역통행중,안전운전불이행,습기,비,단일로 - 기타,승용,남,52세,상해없음,보행자,남,17세,경상
2015040500100541,2015년 4월 5일 23시,일요일,충청남도 천안시 서북구 입장면,경상사고,0,0,2,0,차대차 - 기타,안전운전불이행,건조,맑음,단일로 - 기타,승용,남,29세,상해없음,승용,남,34세,경상
2015040600100036,2015년 4월 6일 03시,월요일,충청남도 아산시 모종동,경상사고,0,0,4,0,차량단독 - 공작물충돌,안전운전불이행,습기,비,단일로 - 기타,승용,남,42세,상해없음,,,,
2015040600100091,2015년 4월 6일 07시,월요일,충청남도 보령시 동대동,경상사고,0,0,1,0,차대차 - 기타,안전운전불이행,건조,맑음,교차로 - 교차로안,기타불명,기타불명,기타불명,기타불명,자전거,남,12세,경상
2015040600100126,2015년 4월 6일 08시,월요일,충청남도 천안시 동남구 봉명동,중상사고,0,1,0,0,차대사람 - 횡단중,보행자보호의무위반,건조,맑음,단일로 - 기타,승용,남,45세,상해없음,보행자,남,8세,중상
2015040600100127,2015년 4월 6일 08시,월요일,충청남도 천안시 동남구 청수동,경상사고,0,0,1,0,차대사람 - 보도통행중,중앙선침범,건조,맑음,단일로 - 기타,승합,남,42세,상해없음,보행자,여,79세,경상
2015040600100166,2015년 4월 6일 09시,월요일,충청남도 서산시 읍내동,경상사고,0,0,2,0,차대차 - 측면직각충돌,교차로운행방법위반,건조,맑음,교차로 - 교차로안,승용,남,76세,상해없음,원동기,남,70세,경상
2015040600100167,2015년 4월 6일 09시,월요일,충청남도 천안시 서북구 쌍용동,경상사고,0,0,1,0,차대차 - 기타,안전운전불이행,건조,맑음,단일로 - 기타,화물,남,59세,상해없음,승용,남,46세,경상
2015040600100168,2015년 4월 6일 09시,월요일,충청남도 청양군 청양읍,부상신고사고,0,0,0,1,차대차 - 측면직각충돌,교차로운행방법위반,습기,흐림,교차로 - 교차로안,승용,남,50세,상해없음,이륜,남,81세,부상신고
2015040600100234,2015년 4월 6일 11시,월요일,충청남도 천안시 서북구 성거읍,중상사고,0,2,0,0,차대차 - 측면직각충돌,안전운전불이행,건조,맑음,단일로 - 횡단보도상,승용,여,56세,기타불명,화물,남,62세,중상
2015040600100235,2015년 4월 6일 11시,월요일,충청남도 천안시 서북구 성정동,경상사고,0,0,1,0,차대사람 - 횡단중,안전운전불이행,건조,맑음,단일로 - 기타,승용,남,31세,상해없음,보행자,여,79세,경상
2015040600100236,2015년 4월 6일 11시,월요일,충청남도 아산시 모종동,중상사고,0,1,0,0,차대차 - 측면직각충돌,안전운전불이행,습기,맑음,교차로 - 교차로부근,건설기계,남,50세,상해없음,승용,여,52세,중상
2015040600100237,2015년 4월 6일 11시,월요일,충청남도 보령시 대천동,경상사고,0,0,1,0,차대사람 - 기타,안전운전불이행,건조,맑음,교차로 - 교차로안,기타불명,기타불명,기타불명,기타불명,보행자,여,48세,경상
2015040600100269,2015년 4월 6일 12시,월요일,충청남도 서산시 석림동,경상사고,0,0,1,0,차대차 - 측면직각충돌,안전운전불이행,건조,맑음,단일로 - 기타,승용,남,22세,상해없음,승용,여,39세,경상
2015040600100270,2015년 4월 6일 12시,월요일,충청남도 논산시 내동,중상사고,0,3,0,0,차대차 - 측면직각충돌,교차로운행방법위반,습기,비,교차로 - 교차로안,승용,남,49세,중상,이륜,남,16세,중상
2015040600100301,2015년 4월 6일 13시,월요일,충청남도 서산시 죽성동,경상사고,0,0,2,0,차대차 - 측면직각충돌,교차로운행방법위반,건조,맑음,교차로 - 교차로안,화물,남,31세,상해없음,승용,여,44세,경상
2015040600100302,2015년 4월 6일 13시,월요일,충청남도 논산시 연무읍,경상사고,0,0,3,0,차대차 - 추돌 - 주정차중,안전운전불이행,건조,흐림,교차로 - 교차로부근,승용,여,23세,상해없음,승용,남,58세,경상
2015040600100333,2015년 4월 6일 14시,월요일,충청남도 천안시 서북구 불당동,경상사고,0,0,1,0,차대차 - 기타,안전운전불이행,건조,맑음,단일로 - 기타,승합,남,59세,상해없음,승용,여,34세,경상
2015040600100334,2015년 4월 6일 14시,월요일,충청남도 공주시 산성동,경상사고,0,0,1,0,차대사람 - 횡단중,안전운전불이행,습기,비,단일로 - 기타,승용,남,47세,기타불명,보행자,여,79세,경상
2015040600100414,2015년 4월 6일 16시,월요일,충청남도 논산시 부적면,경상사고,0,0,1,0,차대차 - 추돌 - 주정차중,안전운전불이행,건조,흐림,교차로 - 교차로부근,승용,남,49세,상해없음,승용,여,66세,경상
2015040600100415,2015년 4월 6일 16시,월요일,충청남도 천안시 동남구 원성동,경상사고,0,0,3,0,차대차 - 추돌 - 진행중,안전운전불이행,건조,맑음,단일로 - 기타,화물,남,48세,상해없음,승용,남,41세,경상