사고번호,사고일시,요일,시군구,사고내용,사망자수,중상자수,경상자수,부상신고자수,사고유형,법규위반,노면상태,기상상태,도로형태,가해운전자 차종,가해운전자 성별,가해운전자 연령,가해운전자 상해정도,피해운전자 차종,피해운전자 성별,피해운전자 연령,피해운전자 상해정도
2015040600100456,2015년 4월 6일 17시,월요일,충청남도 서산시 해미면,경상사고,0,0,1,0,차대사람 - 횡단중,안전운전불이행,건조,맑음,단일로 - 기타,승용,남,26세,상해없음,보행자,여,19세,경상
2015040600100457,2015년 4월 6일 17시,월요일,충청남도 홍성군 홍성읍,경상사고,0,0,2,0,차대차 - 추돌 - 진행중,안전운전불이행,건조,맑음,단일로 - 기타,승용,남,43세,상해없음,승용,여,32세,경상
2015040600100489,2015년 4월 6일 18시,월요일,충청남도 천안시 서북구 성정동,경상사고,0,0,1,0,차대차 - 측면직각충돌,직진우회전진행방해,건조,맑음,교차로 - 교차로안,원동기,남,16세,상해없음,승용,남,51세,상해없음
2015040600100490,2015년 4월 6일 18시,월요일,충청남도 천안시 서북구 성정동,경상사고,0,0,3,0,차대차 - 측면직각충돌,직진우회전진행방해,건조,맑음,교차로 - 교차로안,승합,남,47세,경상,승용,남,29세,경상
2015040600100491,2015년 4월 6일 18시,월요일,충청남도 홍성군 광천읍,경상사고,0,0,1,0,차대차 - 측면직각충돌,신호위반,건조,맑음,교차로 - 교차로안,승용,남,54세,상해없음,승용,남,55세,경상
2015040600100518,2015년 4월 6일 19시,월요일,충청남도 당진시 읍내리,경상사고,0,0,1,0,차량단독 - 공작물충돌,안전운전불이행,기타,맑음,단일로 - 기타,승용,남,34세,경상,,,,
2015040600100554,2015년 4월 6일 20시,월요일,충청남도 서산시 잠홍동,중상사고,0,1,1,0,차대차 - 추돌 - 주정차중,안전운전불이행,건조,맑음,교차로 - 교차로부근,승용,남,47세,상해없음,승용,남,58세,경상
2015040600100555,2015년 4월 6일 20시,월요일,충청남도 서천군 서천읍,중상사고,0,2,0,0,차대차 - 측면직각충돌,중앙선침범,건조,맑음,단일로 - 기타,승용,남,52세,중상,승용,여,36세,중상
2015040600100556,2015년 4월 6일 20시,월요일,충청남도 보령시 동대동,경상사고,0,0,1,0,차대사람 - 횡단중,안전운전불이행,건조,맑음,단일로 - 기타,승용,여,40세,상해없음,보행자,남,7세,경상
2015040600100634,2015년 4월 6일 22시,월요일,충청남도 천안시 동남구 삼룡동,중상사고,0,1,1,0,차대차 - 측면직각충돌,안전운전불이행,건조,맑음,단일로 - 기타,승용,남,23세,상해없음,승용,여,21세,상해없음
2015040600100651,2015년 4월 6일 23시,월요일,충청남도 천안시 동남구 신방동,경상사고,0,0,2,0,차대사람 - 기타,안전운전불이행,건조,맑음,단일로 - 기타,승용,남,32세,상해없음,보행자,남,40세,경상
2015040700100039,2015년 4월 7일 02시,화요일,충청남도 아산시 탕정면,경상사고,0,0,2,0,차대차 - 정면충돌,안전운전불이행,건조,맑음,단일로 - 기타,승용,남,21세,경상,건설기계,남,44세,기타불명
2015040700100088,2015년 4월 7일 07시,화요일,충청남도 금산군 금산읍,경상사고,0,0,1,0,차대사람 - 차도통행중,안전운전불이행,건조,맑음,교차로 - 교차로안,승합,여,69세,상해없음,보행자,여,68세,경상
2015040700100127,2015년 4월 7일 08시,화요일,충청남도 아산시 배방읍,경상사고,0,0,3,0,차대차 - 측면직각충돌,신호위반,건조,맑음,교차로 - 교차로안,승용,여,35세,경상,승용,남,24세,경상
2015040700100128,2015년 4월 7일 08시,화요일,충청남도 예산군 예산읍,경상사고,0,0,2,0,차대차 - 측면직각충돌,신호위반,건조,맑음,교차로 - 교차로안,승용,여,41세,경상,화물,남,51세,경상
2015040700100166,2015년 4월 7일 09시,화요일,충청남도 논산시 취암동,경상사고,0,0,1,0,차대사람 - 기타,안전운전불이행,건조,맑음,단일로 - 기타,승용,여,28세,상해없음,보행자,남,59세,경상
2015040700100168,2015년 4월 7일 09시,화요일,충청남도 당진시 신평면,중상사고,0,1,0,0,차대차 - 측면직각충돌,교차로운행방법위반,건조,맑음,교차로 - 교차로안,승용,여,33세,상해없음,이륜,남,68세,중상
2015040700100197,2015년 4월 7일 10시,화요일,충청남도 서산시 지곡면,중상사고,0,1,0,0,차대차 - 추돌 - 주정차중,안전운전불이행,건조,맑음,단일로 - 기타,특수,남,47세,상해없음,승용,남,41세,중상
2015040700100223,2015년 4월 7일 11시,화요일,충청남도 천안시 동남구 구성동,중상사고,0,1,0,0,차대차 - 기타,안전운전불이행,건조,맑음,단일로 - 기타,화물,남,35세,상해없음,이륜,남,29세,중상
2015040700100249,2015년 4월 7일 12시,화요일,충청남도 아산시 영인면,중상사고,0,1,0,0,차대차 - 정면충돌,중앙선침범,건조,맑음,단일로 - 기타,승용,여,56세,상해없음,화물,남,31세,중상
2015040700100250,2015년 4월 7일 12시,화요일,충청남도 예산군 신암면,경상사고,0,0,1,0,차대차 - 추돌 - 진행중,안전거리미확보,건조,맑음,단일로 - 교량,이륜,남,73세,경상,승용,여,59세,상해없음
2015040700100281,2015년 4월 7일 13시,화요일,충청남도 아산시 염치읍,부상신고사고,0,0,0,1,차대차 - 추돌 - 진행중,안전운전불이행,건조,맑음,교차로 - 교차로부근,화물,남,59세,상해없음,농기계,남,66세,부상신고
2015040700100339,2015년 4월 7일 15시,화요일,충청남도 논산시 취암동,경상사고,0,0,2,0,차대차 - 측면직각충돌,안전운전불이행,건조,맑음,단일로 - 기타,승용,여,35세,상해없음,승용,남,65세,경상
2015040700100340,2015년 4월 7일 15시,화요일,충청남도 서천군 종천면,중상사고,0,1,0,0,차량단독 - 전도전복,안전운전불이행,건조,맑음,단일로 - 기타,원동기,남,61세,중상,,,,
2015040700100397,2015년 4월 7일 17시,화요일,충청남도 천안시 동남구 신부동,경상사고,0,0,1,0,차대차 - 추돌 - 진행중,안전운전불이행,건조,맑음,교차로 - 교차로부근,자전거,남,55세,경상,승용,여,49세,상해없음
2015040700100429,2015년 4월 7일 18시,화요일,충청남도 서천군 마서면,경상사고,0,0,1,0,차대차 - 추돌 - 진행중,안전운전불이행,건조,맑음,단일로 - 기타,승용,여,43세,상해없음,승용,여,50세,경상
2015040700100430,2015년 4월 7일 18시,화요일,충청남도 당진시 송산면,중상사고,0,1,1,0,차대차 - 정면충돌,중앙선침범,건조,맑음,단일로 - 기타,승용,남,26세,상해없음,승용,남,34세,중상
2015040700100462,2015년 4월 7일 19시,화요일,충청남도 서산시 해미면,경상사고,0,0,1,0,차대차 - 측면직각충돌,신호위반,건조,맑음,교차로 - 교차로안,승용,남,68세,상해없음,승용,남,41세,경상
2015040700100463,2015년 4월 7일 19시,화요일,충청남도 천안시 동남구 북면,경상사고,0,0,2,0,차대차 - 기타,중앙선침범,건조,맑음,단일로 - 기타,승용,남,51세,경상,승용,여,43세,경상
2015040700100498,2015년 4월 7일 20시,화요일,충청남도 천안시 동남구 다가동,중상사고,0,1,0,0,차대차 - 추돌 - 진행중,안전운전불이행,건조,맑음,단일로 - 기타,이륜,남,24세,상해없음,이륜,남,61세,중상
2015040700100558,2015년 4월 7일 22시,화요일,충청남도 천안시 서북구 성정동,경상사고,0,0,4,0,차대차 - 추돌 - 주정차중,안전운전불이행,건조,맑음,단일로 - 기타,승용,남,50세,상해없음,승용,여,44세,경상
2015040700100581,2015년 4월 7일 23시,화요일,충청남도 아산시 음봉면,경상사고,0,0,3,0,차대차 - 정면충돌,중앙선침범,건조,맑음,단일로 - 기타,승용,남,26세,상해없음,승용,남,61세,경상
2015040700100582,2015년 4월 7일 23시,화요일,충청남도 당진시 우강면,중상사고,0,1,0,0,차량단독 - 도로외이탈 - 추락,안전운전불이행,건조,맑음,단일로 - 기타,승용,여,50세,중상,,,,
2015040800100012,2015년 4월 8일 00시,수요일,충청남도 천안시 서북구 백석동,중상사고,0,1,0,0,차대차 - 추돌 - 진행중,안전운전불이행,건조,맑음,단일로 - 기타,승용,남,37세,상해없음,승용,여,76세,중상
2015040800100059,2015년 4월 8일 05시,수요일,충청남도 아산시 인주면,사망사고,1,1,0,0,차대차 - 정면충돌,중앙선침범,건조,맑음,단일로 - 기타,승용,남,30세,상해없음,승용,여,55세,사망
2015040800100121,2015년 4월 8일 08시,수요일,충청남도 예산군 예산읍,중상사고,0,1,1,0,차대사람 - 횡단중,보행자보호의무위반,건조,맑음,교차로 - 교차로부근,승용,남,52세,상해없음,보행자,남,14세,경상
2015040800100150,2015년 4월 8일 09시,수요일,충청남도 부여군 부여읍,중상사고,0,4,0,0,차대차 - 추돌 - 진행중,안전운전불이행,건조,맑음,단일로 - 기타,승용,남,54세,상해없음,승용,여,33세,중상
2015040800100151,2015년 4월 8일 09시,수요일,충청남도 부여군 부여읍,경상사고,0,0,1,0,차대차 - 측면직각충돌,안전운전불이행,건조,맑음,교차로 - 교차로안,승용,여,53세,상해없음,승용,남,53세,경상
2015040800100172,2015년 4월 8일 10시,수요일,충청남도 계룡시 금암동,경상사고,0,0,1,1,차대차 - 기타,차로위반,건조,맑음,교차로 - 교차로부근,승합,남,50세,상해없음,승용,남,35세,경상
2015040800100206,2015년 4월 8일 11시,수요일,충청남도 청양군 청양읍,경상사고,0,0,1,0,차대차 - 측면직각충돌,직진우회전진행방해,건조,맑음,교차로 - 교차로안,이륜,남,71세,경상,승용,남,47세,상해없음
2015040800100237,2015년 4월 8일 12시,수요일,충청남도 서산시 대산읍,중상사고,0,3,1,0,차대차 - 추돌 - 주정차중,안전운전불이행,건조,맑음,교차로 - 교차로부근,화물,남,60세,상해없음,승용,남,66세,경상
2015040800100258,2015년 4월 8일 13시,수요일,충청남도 보령시 주교면,경상사고,0,0,1,0,차대차 - 측면직각충돌,신호위반,건조,맑음,교차로 - 교차로안,승합,남,75세,상해없음,화물,여,50세,경상
2015040800100298,2015년 4월 8일 14시,수요일,충청남도 서천군 마서면,경상사고,0,0,1,0,차대차 - 측면직각충돌,신호위반,건조,맑음,교차로 - 교차로안,원동기,남,78세,경상,승용,남,43세,상해없음
2015040800100299,2015년 4월 8일 14시,수요일,충청남도 당진시 송악읍,경상사고,0,0,1,0,차대차 - 추돌 - 진행중,신호위반,건조,맑음,교차로 - 교차로부근,승용,남,62세,상해없음,승용,남,37세,경상
2015040800100300,2015년 4월 8일 14시,수요일,충청남도 청양군 청양읍,중상사고,0,1,0,0,차대차 - 측면직각충돌,직진우회전진행방해,건조,맑음,교차로 - 교차로안,승용,여,37세,상해없음,이륜,여,73세,중상
2015040800100329,2015년 4월 8일 15시,수요일,충청남도 보령시 대천동,경상사고,0,0,1,0,차대사람 - 보도통행중,안전운전불이행,건조,맑음,단일로 - 기타,승합,남,54세,상해없음,보행자,여,60세,경상
2015040800100446,2015년 4월 8일 19시,수요일,충청남도 서천군 서천읍,중상사고,0,1,0,0,차대차 - 기타,직진우회전진행방해,건조,맑음,교차로 - 교차로안,승용,남,55세,상해없음,원동기,남,16세,중상
2015040800100480,2015년 4월 8일 20시,수요일,충청남도 아산시 실옥동,경상사고,0,0,1,0,차대차 - 정면충돌,중앙선침범,건조,흐림,기타 - 기타,승용,남,49세,상해없음,승용,남,46세,경상
2015040800100481,2015년 4월 8일 20시,수요일,충청남도 천안시 동남구 신부동,부상신고사고,0,0,0,2,차대차 - 측면직각충돌,차로위반,건조,맑음,단일로 - 기타,승합,남,60세,상해없음,승용,남,23세,부상신고
2015040800100482,2015년 4월 8일 20시,수요일,충청남도 천안시 동남구 안서동,경상사고,0,0,1,0,차대차 - 추돌 - 주정차중,안전운전불이행,건조,맑음,교차로 - 교차로부근,승용,여,46세,상해없음,승용,남,38세,경상
2015040800100525,2015년 4월 8일 21시,수요일,충청남도 홍성군 홍북면,경상사고,0,0,1,0,차대차 - 측면직각충돌,신호위반,건조,맑음,교차로 - 교차로안,승용,남,43세,상해없음,승용,남,50세,경상
2015040800100526,2015년 4월 8일 21시,수요일,충청남도 청양군 장평면,중상사고,0,1,0,0,차량단독 - 공작물충돌,안전운전불이행,건조,맑음,단일로 - 기타,화물,남,65세,중상,,,,
2015040800100552,2015년 4월 8일 22시,수요일,충청남도 천안시 서북구 쌍용동,경상사고,0,0,4,0,차대차 - 추돌 - 주정차중,안전운전불이행,건조,맑음,교차로 - 교차로부근,승용,남,31세,상해없음,승용,남,46세,경상
2015040800100591,2015년 4월 8일 23시,수요일,충청남도 천안시 서북구 백석동,경상사고,0,0,1,0,차대차 - 추돌 - 주정차중,안전운전불이행,건조,맑음,교차로 - 교차로부근,승용,여,33세,상해없음,승용,남,42세,경상
2015040900100034,2015년 4월 9일 02시,목요일,충청남도 홍성군 갈산면,경상사고,0,0,1,0,차대차 - 기타,안전운전불이행,건조,맑음,단일로 - 기타,승용,남,19세,상해없음,승용,남,19세,상해없음
2015040900100063,2015년 4월 9일 05시,목요일,충청남도 아산시 용화동,경상사고,0,0,1,0,차대차 - 측면직각충돌,안전운전불이행,건조,맑음,교차로 - 교차로안,승용,남,22세,상해없음,승용,남,56세,경상
2015040900100142,2015년 4월 9일 08시,목요일,충청남도 천안시 서북구 두정동,경상사고,0,0,1,0,차대차 - 추돌 - 진행중,안전운전불이행,건조,맑음,교차로 - 교차로부근,승용,남,30세,상해없음,승용,남,45세,경상
2015040900100143,2015년 4월 9일 08시,목요일,충청남도 공주시 신관동,중상사고,0,2,0,0,차대차 - 측면직각충돌,신호위반,건조,맑음,교차로 - 교차로안,이륜,남,16세,상해없음,승용,남,53세,중상
2015040900100190,2015년 4월 9일 10시,목요일,충청남도 논산시 반월동,중상사고,0,1,0,0,차대사람 - 횡단중,보행자보호의무위반,건조,맑음,교차로 - 교차로부근,승용,여,48세,상해없음,보행자,여,71세,중상
2015040900100191,2015년 4월 9일 10시,목요일,충청남도 청양군 비봉면,경상사고,0,0,1,0,차대차 - 측면직각충돌,직진우회전진행방해,건조,맑음,교차로 - 교차로안,화물,남,62세,상해없음,승용,남,60세,경상
2015040900100222,2015년 4월 9일 11시,목요일,충청남도 천안시 서북구 두정동,부상신고사고,0,0,0,1,차대차 - 추돌 - 주정차중,안전운전불이행,건조,맑음,교차로 - 교차로부근,승용,남,23세,상해없음,승용,남,43세,부상신고
2015040900100245,2015년 4월 9일 12시,목요일,충청남도 부여군 부여읍,경상사고,0,0,3,0,차대차 - 기타,직진우회전진행방해,건조,맑음,교차로 - 교차로안,승용,여,38세,상해없음,승용,남,57세,상해없음
2015040900100276,2015년 4월 9일 13시,목요일,충청남도 천안시 서북구 부대동,경상사고,0,0,1,0,차대차 - 정면충돌,중앙선침범,건조,맑음,단일로 - 기타,승용,남,27세,상해없음,승용,여,34세,경상
2015040900100277,2015년 4월 9일 13시,목요일,충청남도 공주시 반포면,경상사고,0,0,1,0,차대사람 - 횡단중,보행자보호의무위반,건조,맑음,단일로 - 횡단보도상,승용,남,52세,상해없음,보행자,여,29세,경상
2015040900100332,2015년 4월 9일 15시,목요일,충청남도 당진시 수청리,부상신고사고,0,0,0,1,차대차 - 측면직각충돌,안전거리미확보,건조,맑음,교차로 - 교차로부근,승용,남,75세,상해없음,승용,여,25세,부상신고
2015040900100362,2015년 4월 9일 16시,목요일,충청남도 태안군 태안읍,경상사고,0,0,1,0,차대사람 - 기타,안전운전불이행,건조,맑음,단일로 - 기타,승용,여,55세,상해없음,보행자,남,42세,경상
2015040900100363,2015년 4월 9일 16시,목요일,충청남도 서산시 성연면,중상사고,0,1,0,0,차대차 - 추돌 - 주정차중,안전운전불이행,건조,맑음,교차로 - 교차로부근,화물,남,47세,상해없음,화물,남,65세,중상
2015040900100364,2015년 4월 9일 16시,목요일,충청남도 아산시 기산동,경상사고,0,0,1,0,차대차 - 기타,안전운전불이행,건조,맑음,단일로 - 기타,승용,여,51세,상해없음,이륜,남,43세,경상
2015040900100365,2015년 4월 9일 16시,목요일,충청남도 아산시 탕정면,중상사고,0,1,0,0,차대사람 - 기타,안전운전불이행,건조,맑음,단일로 - 기타,승용,여,35세,상해없음,보행자,남,6세,중상
2015040900100392,2015년 4월 9일 17시,목요일,충청남도 보령시 명천동,중상사고,0,1,0,0,차대차 - 정면충돌,신호위반,건조,맑음,단일로 - 기타,건설기계,남,45세,상해없음,승용,남,58세,기타불명
2015040900100458,2015년 4월 9일 19시,목요일,충청남도 서산시 동문동,경상사고,0,0,1,0,차대차 - 추돌 - 주정차중,안전거리미확보,건조,맑음,단일로 - 기타,원동기,남,17세,상해없음,승용,남,55세,경상
2015040900100459,2015년 4월 9일 19시,목요일,충청남도 청양군 비봉면,경상사고,0,0,2,1,차대차 - 추돌 - 진행중,안전거리미확보,건조,맑음,단일로 - 기타,승용,남,52세,상해없음,승용,남,32세,경상
2015040900100568,2015년 4월 9일 23시,목요일,충청남도 태안군 태안읍,경상사고,0,0,1,0,차대사람 - 차도통행중,안전운전불이행,건조,맑음,교차로 - 교차로안,기타불명,기타불명,기타불명,기타불명,보행자,남,39세,경상
2015040900100569,2015년 4월 9일 23시,목요일,충청남도 당진시 시곡리,중상사고,0,1,2,0,차량단독 - 전도전복,안전운전불이행,건조,맑음,교차로 - 교차로부근,승용,남,26세,경상,,,,
2015040900100570,2015년 4월 9일 23시,목요일,충청남도 천안시 서북구 성거읍,경상사고,0,0,1,0,차대차 - 기타,안전운전불이행,건조,맑음,단일로 - 기타,승용,남,30세,상해없음,승용,남,44세,경상
2015041000100013,2015년 4월 10일 00시,금요일,충청남도 서산시 인지면,경상사고,0,0,1,0,차량단독 - 공작물충돌,안전운전불이행,건조,맑음,단일로 - 기타,승용,여,51세,경상,,,,
2015041000100014,2015년 4월 10일 00시,금요일,충청남도 아산시 온천동,중상사고,0,1,0,0,차대차 - 측면직각충돌,신호위반,건조,맑음,교차로 - 교차로안,승용,남,36세,상해없음,화물,남,46세,중상
2015041000100015,2015년 4월 10일 00시,금요일,충청남도 천안시 동남구 신부동,중상사고,0,2,0,0,차대차 - 측면직각충돌,교차로운행방법위반,건조,맑음,교차로 - 교차로안,기타불명,기타불명,기타불명,기타불명,승용,남,51세,중상
2015041000100057,2015년 4월 10일 03시,금요일,충청남도 예산군 삽교읍,중상사고,0,1,0,0,차대사람 - 기타,안전운전불이행,건조,맑음,기타 - 기타,화물,남,49세,상해없음,보행자,여,56세,중상
2015041000100081,2015년 4월 10일 06시,금요일,충청남도 서산시 지곡면,중상사고,0,1,0,0,차대차 - 기타,교차로운행방법위반,건조,맑음,교차로 - 교차로안,화물,남,59세,중상,승합,남,41세,상해없음
2015041000100082,2015년 4월 10일 06시,금요일,충청남도 예산군 봉산면,경상사고,0,0,1,0,차대차 - 기타,직진우회전진행방해,건조,맑음,교차로 - 교차로안,화물,남,56세,상해없음,화물,여,51세,경상
2015041000100134,2015년 4월 10일 08시,금요일,충청남도 홍성군 홍성읍,중상사고,0,1,0,0,차대사람 - 횡단중,중앙선침범,건조,맑음,단일로 - 기타,승용,여,37세,상해없음,보행자,여,23세,중상
2015041000100135,2015년 4월 10일 08시,금요일,충청남도 당진시 고대면,경상사고,0,0,1,0,차대사람 - 보도통행중,안전운전불이행,건조,맑음,단일로 - 기타,승용,여,38세,상해없음,보행자,남,12세,경상
2015041000100136,2015년 4월 10일 08시,금요일,충청남도 천안시 동남구 구성동,부상신고사고,0,0,0,1,차대차 - 추돌 - 진행중,교차로운행방법위반,건조,맑음,교차로 - 교차로안,승용,남,79세,상해없음,승용,남,56세,상해없음
2015041000100194,2015년 4월 10일 10시,금요일,충청남도 당진시 읍내리,경상사고,0,0,4,0,차대차 - 측면직각충돌,안전운전불이행,건조,맑음,단일로 - 기타,화물,남,39세,상해없음,승용,남,63세,경상
2015041000100238,2015년 4월 10일 12시,금요일,충청남도 천안시 동남구 안서동,경상사고,0,0,1,0,차대차 - 측면직각충돌,직진우회전진행방해,건조,맑음,교차로 - 교차로안,승용,여,33세,상해없음,자전거,여,20세,경상
2015041000100271,2015년 4월 10일 13시,금요일,충청남도 논산시 광석면,중상사고,0,1,0,0,차대차 - 측면직각충돌,교차로운행방법위반,건조,맑음,교차로 - 교차로안,화물,남,58세,상해없음,농기계,남,79세,중상
2015041000100303,2015년 4월 10일 14시,금요일,충청남도 청양군 운곡면,중상사고,0,1,1,0,차대차 - 추돌 - 진행중,안전운전불이행,건조,맑음,교차로 - 교차로안,승용,남,44세,상해없음,승용,남,70세,경상
2015041000100347,2015년 4월 10일 15시,금요일,충청남도 서산시 해미면,중상사고,0,1,0,0,차량단독 - 기타,안전운전불이행,건조,맑음,교차로 - 교차로부근,승합,남,57세,상해없음,,,,
2015041000100348,2015년 4월 10일 15시,금요일,충청남도 서천군 서면,경상사고,0,0,2,0,차대차 - 기타,직진우회전진행방해,건조,맑음,교차로 - 교차로안,원동기,남,42세,경상,승용,남,31세,경상
2015041000100349,2015년 4월 10일 15시,금요일,충청남도 서천군 서천읍,경상사고,0,0,1,0,차대사람 - 기타,안전운전불이행,건조,맑음,교차로 - 교차로부근,승용,여,63세,상해없음,보행자,남,75세,경상
2015041000100350,2015년 4월 10일 15시,금요일,충청남도 예산군 예산읍,중상사고,0,1,0,0,차대사람 - 보도통행중,기타,건조,맑음,단일로 - 기타,승용,남,32세,상해없음,보행자,여,73세,중상
2015041000100388,2015년 4월 10일 16시,금요일,충청남도 아산시 신창면,경상사고,0,0,1,0,차대차 - 측면직각충돌,안전운전불이행,건조,맑음,교차로 - 교차로안,승용,기타불명,기타불명,기타불명,자전거,남,22세,경상
2015041000100389,2015년 4월 10일 16시,금요일,충청남도 보령시 주교면,경상사고,0,0,1,0,차량단독 - 공작물충돌,안전운전불이행,건조,맑음,단일로 - 기타,승용,남,44세,경상,,,,
2015041000100430,2015년 4월 10일 17시,금요일,충청남도 아산시 염치읍,경상사고,0,0,3,0,차대차 - 측면직각충돌,안전운전불이행,건조,맑음,단일로 - 기타,화물,남,48세,상해없음,승용,여,51세,경상
2015041000100431,2015년 4월 10일 17시,금요일,충청남도 보령시 신흑동,경상사고,0,0,2,0,차대차 - 기타,안전운전불이행,건조,맑음,교차로 - 교차로안,승용,여,59세,경상,화물,여,55세,경상
2015041000100514,2015년 4월 10일 19시,금요일,충청남도 당진시 원당리,경상사고,0,0,2,0,차대차 - 추돌 - 주정차중,안전운전불이행,건조,맑음,단일로 - 기타,승용,남,26세,상해없음,승용,남,27세,경상
2015041000100606,2015년 4월 10일 21시,금요일,충청남도 보령시 주교면,경상사고,0,0,1,0,차량단독 - 기타,안전운전불이행,건조,맑음,단일로 - 기타,원동기,남,52세,경상,,,,
2015041000100648,2015년 4월 10일 22시,금요일,충청남도 천안시 서북구 성거읍,경상사고,0,0,2,0,차대차 - 정면충돌,안전운전불이행,건조,맑음,교차로 - 교차로안,승용,남,44세,상해없음,승용,남,48세,경상
2015041000100649,2015년 4월 10일 22시,금요일,충청남도 천안시 서북구 쌍용동,경상사고,0,0,2,0,차대차 - 측면직각충돌,안전거리미확보,건조,맑음,단일로 - 기타,승용,여,51세,상해없음,승용,남,47세,경상
2015041000100650,2015년 4월 10일 22시,금요일,충청남도 천안시 서북구 성환읍,경상사고,0,0,2,0,차대차 - 추돌 - 주정차중,안전운전불이행,건조,맑음,교차로 - 교차로부근,승용,남,36세,상해없음,승용,남,60세,경상
2015041000100651,2015년 4월 10일 22시,금요일,충청남도 당진시 읍내리,중상사고,0,1,0,0,차대사람 - 보도통행중,안전운전불이행,기타,맑음,단일로 - 기타,승용,남,41세,상해없음,보행자,남,50세,중상
2015041000100670,2015년 4월 10일 23시,금요일,충청남도 아산시 실옥동,경상사고,0,0,2,0,차대차 - 추돌 - 주정차중,안전운전불이행,건조,맑음,단일로 - 기타,승용,여,50세,상해없음,승용,여,50세,경상
2015041100100020,2015년 4월 11일 00시,토요일,충청남도 천안시 서북구 성성동,중상사고,0,2,1,0,차대차 - 측면직각충돌,신호위반,건조,맑음,교차로 - 교차로안,승용,여,48세,상해없음,승용,남,60세,중상
2015041100100131,2015년 4월 11일 06시,토요일,충청남도 천안시 서북구 두정동,사망사고,1,0,0,0,차대사람 - 횡단중,안전운전불이행,건조,맑음,단일로 - 기타,승용,남,79세,상해없음,보행자,남,48세,사망
2015041100100148,2015년 4월 11일 07시,토요일,충청남도 공주시 우성면,경상사고,0,0,1,0,차대차 - 추돌 - 진행중,안전운전불이행,건조,맑음,단일로 - 기타,승용,남,42세,상해없음,화물,남,45세,경상
2015041100100166,2015년 4월 11일 08시,토요일,충청남도 천안시 서북구 성정동,경상사고,0,0,1,0,차대차 - 기타,중앙선침범,건조,맑음,단일로 - 기타,승용,남,29세,상해없음,원동기,남,17세,경상
2015041100100215,2015년 4월 11일 10시,토요일,충청남도 논산시 부창동,중상사고,0,1,0,0,차대차 - 추돌 - 진행중,안전운전불이행,건조,맑음,교차로 - 교차로부근,승용,남,39세,상해없음,승용,남,28세,중상
2015041100100216,2015년 4월 11일 10시,토요일,충청남도 아산시 영인면,중상사고,0,1,1,0,차대차 - 기타,안전운전불이행,건조,맑음,단일로 - 기타,승용,여,21세,상해없음,승용,남,43세,경상
2015041100100252,2015년 4월 11일 11시,토요일,충청남도 홍성군 홍성읍,중상사고,0,1,4,0,차대차 - 추돌 - 진행중,안전운전불이행,건조,맑음,미분류 - 미분류,화물,남,50세,상해없음,승용,여,60세,경상
2015041100100253,2015년 4월 11일 11시,토요일,충청남도 홍성군 홍성읍,경상사고,0,0,2,0,차대차 - 추돌 - 진행중,안전운전불이행,건조,맑음,단일로 - 기타,승용,남,59세,경상,승용,남,79세,기타불명
2015041100100254,2015년 4월 11일 11시,토요일,충청남도 예산군 고덕면,부상신고사고,0,0,0,1,차대차 - 측면직각충돌,교차로운행방법위반,건조,맑음,교차로 - 교차로안,원동기,남,49세,부상신고,승용,남,47세,상해없음
2015041100100408,2015년 4월 11일 15시,토요일,충청남도 보령시 동대동,경상사고,0,0,2,0,차대차 - 기타,신호위반,건조,맑음,교차로 - 교차로안,승용,여,46세,상해없음,승용,남,38세,경상
2015041100100451,2015년 4월 11일 16시,토요일,충청남도 천안시 동남구 안서동,경상사고,0,0,2,0,차대차 - 기타,신호위반,건조,맑음,단일로 - 횡단보도상,승용,남,64세,상해없음,자전거,여,9세,경상
2015041100100452,2015년 4월 11일 16시,토요일,충청남도 공주시 정안면,경상사고,0,0,5,0,차대차 - 추돌 - 진행중,안전거리미확보,건조,맑음,단일로 - 기타,화물,남,46세,상해없음,승용,남,60세,경상
2015041100100485,2015년 4월 11일 17시,토요일,충청남도 보령시 미산면,중상사고,0,1,0,0,차량단독 - 전도전복,안전운전불이행,건조,맑음,단일로 - 기타,원동기,남,77세,중상,,,,
2015041100100486,2015년 4월 11일 17시,토요일,충청남도 당진시 석문면,중상사고,0,1,0,0,차대사람 - 횡단중,보행자보호의무위반,건조,맑음,단일로 - 기타,승용,남,55세,상해없음,보행자,남,8세,중상
2015041100100530,2015년 4월 11일 18시,토요일,충청남도 서천군 서면,사망사고,1,1,1,0,차대차 - 측면직각충돌,신호위반,건조,맑음,교차로 - 교차로안,승합,남,57세,사망,화물,남,45세,경상
2015041100100531,2015년 4월 11일 18시,토요일,충청남도 당진시 채운동,경상사고,0,0,3,0,차대차 - 추돌 - 진행중,안전운전불이행,건조,맑음,단일로 - 기타,승용,남,38세,상해없음,승용,여,34세,경상
2015041100100576,2015년 4월 11일 19시,토요일,충청남도 홍성군 장곡면,중상사고,0,1,1,0,차대차 - 추돌 - 진행중,기타,건조,맑음,교차로 - 교차로안,승용,여,55세,기타불명,화물,남,42세,상해없음
2015041100100577,2015년 4월 11일 19시,토요일,충청남도 천안시 동남구 청당동,경상사고,0,0,1,0,차대차 - 기타,안전운전불이행,건조,맑음,단일로 - 기타,승용,남,61세,상해없음,승용,남,29세,경상
2015041100100613,2015년 4월 11일 20시,토요일,충청남도 천안시 서북구 성정동,경상사고,0,0,1,0,차대사람 - 차도통행중,안전운전불이행,건조,맑음,단일로 - 기타,원동기,남,50세,상해없음,보행자,남,10세,경상