사고번호,사고일시,요일,시군구,사고내용,사망자수,중상자수,경상자수,부상신고자수,사고유형,법규위반,노면상태,기상상태,도로형태,가해운전자 차종,가해운전자 성별,가해운전자 연령,가해운전자 상해정도,피해운전자 차종,피해운전자 성별,피해운전자 연령,피해운전자 상해정도
2015041700100387,2015년 4월 17일 15시,금요일,충청남도 아산시 온천동,경상사고,0,0,1,0,차대사람 - 기타,안전운전불이행,건조,맑음,단일로 - 기타,화물,남,30세,기타불명,보행자,여,67세,경상
2015041700100436,2015년 4월 17일 16시,금요일,충청남도 천안시 서북구 두정동,경상사고,0,0,1,0,차대차 - 정면충돌,신호위반,건조,맑음,교차로 - 교차로부근,승용,남,34세,상해없음,승용,남,41세,경상
2015041700100481,2015년 4월 17일 17시,금요일,충청남도 아산시 모종동,부상신고사고,0,0,0,1,차대차 - 추돌 - 진행중,안전운전불이행,건조,맑음,교차로 - 교차로부근,기타불명,기타불명,기타불명,기타불명,승용,남,18세,부상신고
2015041700100482,2015년 4월 17일 17시,금요일,충청남도 부여군 부여읍,경상사고,0,0,2,0,차대차 - 추돌 - 진행중,안전거리미확보,건조,맑음,단일로 - 기타,승합,남,78세,상해없음,승용,남,52세,경상
2015041700100529,2015년 4월 17일 18시,금요일,충청남도 천안시 서북구 백석동,경상사고,0,0,1,0,차대차 - 정면충돌,교차로운행방법위반,건조,맑음,교차로 - 교차로안,승용,남,43세,상해없음,승용,남,33세,경상
2015041700100530,2015년 4월 17일 18시,금요일,충청남도 공주시 신관동,중상사고,0,1,0,0,차대사람 - 횡단중,안전운전불이행,건조,맑음,단일로 - 기타,승용,여,40세,상해없음,보행자,남,17세,중상
2015041700100576,2015년 4월 17일 19시,금요일,충청남도 아산시 둔포면,경상사고,0,0,1,0,차대차 - 정면충돌,안전운전불이행,건조,맑음,단일로 - 기타,화물,남,58세,상해없음,승용,남,41세,경상
2015041700100577,2015년 4월 17일 19시,금요일,충청남도 청양군 정산면,경상사고,0,0,3,0,차대차 - 기타,중앙선침범,건조,맑음,단일로 - 기타,화물,남,52세,상해없음,승용,남,36세,경상
2015041700100646,2015년 4월 17일 21시,금요일,충청남도 천안시 서북구 쌍용동,경상사고,0,0,1,0,차대차 - 측면직각충돌,신호위반,건조,맑음,교차로 - 교차로안,승용,남,53세,기타불명,승용,남,29세,경상
2015041700100647,2015년 4월 17일 21시,금요일,충청남도 공주시 신풍면,중상사고,0,1,0,0,차대차 - 기타,안전운전불이행,건조,맑음,교차로 - 교차로부근,기타불명,기타불명,기타불명,기타불명,승용,남,51세,중상
2015041700100681,2015년 4월 17일 22시,금요일,충청남도 서천군 서천읍,중상사고,0,1,0,0,차대차 - 측면직각충돌,교차로운행방법위반,건조,맑음,교차로 - 교차로안,승용,남,33세,상해없음,원동기,남,17세,중상
2015041800100021,2015년 4월 18일 00시,토요일,충청남도 천안시 동남구 신부동,경상사고,0,0,1,0,차대차 - 측면직각충돌,안전운전불이행,건조,맑음,단일로 - 기타,자전거,남,24세,경상,화물,남,44세,상해없음
2015041800100114,2015년 4월 18일 05시,토요일,충청남도 서천군 마서면,경상사고,0,0,2,0,차대차 - 추돌 - 주정차중,안전운전불이행,건조,맑음,교차로 - 교차로부근,승용,남,38세,상해없음,화물,남,58세,경상
2015041800100124,2015년 4월 18일 06시,토요일,충청남도 아산시 영인면,경상사고,0,0,1,0,차대차 - 정면충돌,중앙선침범,건조,맑음,기타 - 기타,승용,남,29세,상해없음,화물,남,42세,경상
2015041800100145,2015년 4월 18일 07시,토요일,충청남도 논산시 연산면,경상사고,0,0,3,0,차대차 - 측면직각충돌,안전운전불이행,건조,맑음,단일로 - 기타,승용,남,46세,경상,화물,남,39세,경상
2015041800100168,2015년 4월 18일 08시,토요일,충청남도 서산시 성연면,중상사고,0,1,0,0,차대차 - 추돌 - 주정차중,안전운전불이행,건조,맑음,교차로 - 교차로부근,화물,남,51세,중상,건설기계,남,46세,상해없음
2015041800100169,2015년 4월 18일 08시,토요일,충청남도 천안시 서북구 성정동,경상사고,0,0,1,0,차대차 - 정면충돌,안전운전불이행,건조,맑음,교차로 - 교차로안,승용,여,46세,상해없음,승용,남,46세,경상
2015041800100170,2015년 4월 18일 08시,토요일,충청남도 금산군 금산읍,사망사고,1,0,0,0,차대차 - 측면직각충돌,신호위반,건조,맑음,교차로 - 교차로안,이륜,남,80세,사망,승용,남,45세,상해없음
2015041800100201,2015년 4월 18일 09시,토요일,충청남도 서산시 예천동,중상사고,0,1,0,0,차대차 - 측면직각충돌,안전운전불이행,건조,맑음,교차로 - 교차로부근,승용,남,56세,상해없음,자전거,남,12세,중상
2015041800100202,2015년 4월 18일 09시,토요일,충청남도 공주시 신관동,경상사고,0,0,2,0,차대차 - 측면직각충돌,교차로운행방법위반,건조,맑음,교차로 - 교차로안,승용,남,47세,기타불명,승용,남,38세,경상
2015041800100257,2015년 4월 18일 11시,토요일,충청남도 청양군 대치면,경상사고,0,0,1,0,차대차 - 기타,기타,건조,맑음,단일로 - 기타,화물,남,46세,기타불명,화물,남,69세,경상
2015041800100293,2015년 4월 18일 12시,토요일,충청남도 계룡시 엄사면,경상사고,0,0,1,0,차대차 - 측면직각충돌,신호위반,건조,맑음,교차로 - 교차로안,승용,여,58세,상해없음,승용,남,59세,경상
2015041800100327,2015년 4월 18일 13시,토요일,충청남도 아산시 배방읍,사망사고,1,0,0,0,차량단독 - 도로외이탈 - 기타,안전운전불이행,건조,맑음,단일로 - 기타,이륜,남,30세,사망,,,,
2015041800100328,2015년 4월 18일 13시,토요일,충청남도 서천군 비인면,중상사고,0,1,2,0,차대차 - 추돌 - 주정차중,안전거리미확보,건조,맑음,교차로 - 교차로부근,승용,여,41세,경상,승용,남,41세,경상
2015041800100329,2015년 4월 18일 13시,토요일,충청남도 보령시 궁촌동,경상사고,0,0,2,0,차대차 - 추돌 - 주정차중,안전운전불이행,건조,맑음,교차로 - 교차로안,건설기계,남,38세,상해없음,승용,남,31세,상해없음
2015041800100331,2015년 4월 18일 13시,토요일,충청남도 당진시 석문면,사망사고,1,17,9,0,차대차 - 측면직각충돌,과속,건조,흐림,교차로 - 교차로안,승용,남,26세,사망,승합,남,59세,상해없음
2015041800100362,2015년 4월 18일 14시,토요일,충청남도 서천군 장항읍,경상사고,0,0,3,0,차대차 - 추돌 - 주정차중,안전운전불이행,건조,맑음,단일로 - 기타,승용,여,61세,경상,승용,여,44세,경상
2015041800100363,2015년 4월 18일 14시,토요일,충청남도 금산군 복수면,중상사고,0,1,1,0,차대차 - 측면직각충돌,신호위반,건조,맑음,교차로 - 교차로안,이륜,남,43세,경상,승용,남,23세,중상
2015041800100428,2015년 4월 18일 16시,토요일,충청남도 논산시 취암동,경상사고,0,0,1,0,차대차 - 측면직각충돌,안전운전불이행,건조,맑음,단일로 - 기타,자전거,남,7세,경상,승용,남,32세,상해없음
2015041800100429,2015년 4월 18일 16시,토요일,충청남도 당진시 원당리,경상사고,0,0,2,1,차대차 - 기타,신호위반,건조,맑음,교차로 - 교차로부근,승용,남,27세,상해없음,승용,남,34세,경상
2015041800100461,2015년 4월 18일 17시,토요일,충청남도 태안군 소원면,중상사고,0,1,0,0,차대차 - 측면직각충돌,과속,건조,맑음,교차로 - 교차로안,건설기계,남,51세,상해없음,농기계,남,81세,중상
2015041800100462,2015년 4월 18일 17시,토요일,충청남도 청양군 대치면,경상사고,0,0,1,0,차대차 - 측면직각충돌,안전운전불이행,건조,맑음,단일로 - 기타,승용,남,39세,상해없음,자전거,남,45세,경상
2015041800100502,2015년 4월 18일 18시,토요일,충청남도 아산시 인주면,경상사고,0,0,2,0,차대차 - 추돌 - 주정차중,안전운전불이행,건조,맑음,단일로 - 기타,승용,남,55세,상해없음,승용,남,28세,경상
2015041800100503,2015년 4월 18일 18시,토요일,충청남도 당진시 합덕읍,사망사고,1,0,0,0,차량단독 - 공작물충돌,안전운전불이행,건조,흐림,단일로 - 기타,화물,남,49세,사망,,,,
2015041800100540,2015년 4월 18일 19시,토요일,충청남도 공주시 정안면,중상사고,0,1,0,0,차대차 - 정면충돌,중앙선침범,건조,맑음,단일로 - 기타,승용,남,65세,기타불명,화물,남,58세,중상
2015041800100541,2015년 4월 18일 19시,토요일,충청남도 천안시 동남구 안서동,경상사고,0,0,2,2,차대차 - 정면충돌,교차로운행방법위반,건조,맑음,교차로 - 교차로안,승용,남,52세,상해없음,승용,남,36세,경상
2015041800100581,2015년 4월 18일 20시,토요일,충청남도 서산시 동문동,중상사고,0,1,0,0,차대사람 - 횡단중,보행자보호의무위반,건조,맑음,단일로 - 횡단보도상,승용,여,41세,상해없음,보행자,여,68세,중상
2015041800100582,2015년 4월 18일 20시,토요일,충청남도 아산시 온천동,중상사고,0,1,0,0,차대사람 - 횡단중,보행자보호의무위반,건조,맑음,단일로 - 횡단보도상,승용,여,54세,상해없음,보행자,여,60세,중상
2015041800100608,2015년 4월 18일 21시,토요일,충청남도 홍성군 광천읍,경상사고,0,0,2,0,차대차 - 정면충돌,중앙선침범,건조,흐림,단일로 - 기타,승용,남,67세,상해없음,화물,남,65세,경상
2015041800100646,2015년 4월 18일 22시,토요일,충청남도 아산시 염치읍,중상사고,0,1,0,0,차대차 - 정면충돌,중앙선침범,건조,맑음,단일로 - 기타,승용,여,43세,상해없음,승용,여,54세,중상
2015041800100673,2015년 4월 18일 23시,토요일,충청남도 공주시 신관동,경상사고,0,0,1,0,차대사람 - 차도통행중,안전운전불이행,습기,비,단일로 - 기타,승용,남,29세,상해없음,보행자,남,44세,경상
2015041900100020,2015년 4월 19일 00시,일요일,충청남도 천안시 서북구 두정동,경상사고,0,0,3,0,차대차 - 추돌 - 주정차중,안전운전불이행,습기,비,교차로 - 교차로부근,승용,남,19세,상해없음,승용,남,49세,경상
2015041900100021,2015년 4월 19일 00시,일요일,충청남도 논산시 내동,중상사고,0,1,0,0,차대차 - 측면직각충돌,안전거리미확보,습기,비,단일로 - 기타,승용,여,22세,상해없음,이륜,남,18세,중상
2015041900100022,2015년 4월 19일 00시,일요일,충청남도 보령시 동대동,경상사고,0,0,1,0,차대사람 - 기타,안전운전불이행,습기,비,단일로 - 기타,승용,남,22세,상해없음,보행자,남,37세,경상
2015041900100053,2015년 4월 19일 01시,일요일,충청남도 천안시 서북구 두정동,경상사고,0,0,2,0,차대차 - 측면직각충돌,교차로운행방법위반,습기,비,교차로 - 교차로안,승용,남,65세,상해없음,승용,남,41세,상해없음
2015041900100075,2015년 4월 19일 02시,일요일,충청남도 천안시 서북구 쌍용동,경상사고,0,0,1,0,차대사람 - 길가장자리구역통행중,안전운전불이행,건조,맑음,교차로 - 교차로부근,승용,남,56세,상해없음,보행자,여,44세,경상
2015041900100110,2015년 4월 19일 04시,일요일,충청남도 홍성군 홍성읍,사망사고,1,0,0,0,차대사람 - 차도통행중,안전운전불이행,습기,비,단일로 - 기타,승용,남,23세,상해없음,보행자,남,51세,사망
2015041900100111,2015년 4월 19일 04시,일요일,충청남도 보령시 신흑동,중상사고,0,7,1,0,차대차 - 추돌 - 주정차중,안전운전불이행,습기,비,교차로 - 교차로안,승합,여,47세,상해없음,승합,여,39세,기타불명
2015041900100158,2015년 4월 19일 08시,일요일,충청남도 보령시 신흑동,중상사고,0,1,0,0,차대차 - 측면직각충돌,직진우회전진행방해,습기,비,교차로 - 교차로안,승합,남,50세,상해없음,승용,남,71세,중상
2015041900100175,2015년 4월 19일 09시,일요일,충청남도 천안시 서북구 두정동,경상사고,0,0,2,0,차대차 - 측면직각충돌,신호위반,습기,비,교차로 - 교차로안,승용,남,55세,상해없음,승용,남,45세,경상
2015041900100176,2015년 4월 19일 09시,일요일,충청남도 예산군 봉산면,중상사고,0,1,0,0,차량단독 - 공작물충돌,안전운전불이행,습기,비,단일로 - 기타,승용,남,48세,상해없음,,,,
2015041900100255,2015년 4월 19일 12시,일요일,충청남도 홍성군 갈산면,경상사고,0,0,4,0,차대차 - 추돌 - 진행중,안전운전불이행,건조,맑음,단일로 - 기타,승용,여,27세,상해없음,승용,여,32세,경상
2015041900100281,2015년 4월 19일 13시,일요일,충청남도 서산시 동문동,경상사고,0,0,1,0,차대차 - 정면충돌,안전운전불이행,건조,맑음,기타 - 기타,승용,남,27세,상해없음,승용,남,42세,경상
2015041900100282,2015년 4월 19일 13시,일요일,충청남도 예산군 예산읍,경상사고,0,0,3,0,차대차 - 추돌 - 진행중,안전운전불이행,습기,비,단일로 - 기타,승용,남,62세,상해없음,승용,여,30세,경상
2015041900100345,2015년 4월 19일 15시,일요일,충청남도 서산시 성연면,경상사고,0,0,1,0,차대차 - 추돌 - 진행중,안전운전불이행,습기,비,단일로 - 기타,승합,남,46세,상해없음,화물,남,49세,경상
2015041900100346,2015년 4월 19일 15시,일요일,충청남도 천안시 서북구 성정동,경상사고,0,0,2,0,차대차 - 기타,신호위반,습기,비,교차로 - 교차로안,특수,남,22세,상해없음,승용,여,23세,경상
2015041900100385,2015년 4월 19일 16시,일요일,충청남도 서산시 동문동,경상사고,0,0,2,0,차대차 - 기타,교차로운행방법위반,습기,비,교차로 - 교차로안,승용,여,49세,기타불명,승용,여,43세,상해없음
2015041900100405,2015년 4월 19일 17시,일요일,충청남도 공주시 반포면,경상사고,0,0,2,0,차대차 - 추돌 - 주정차중,안전운전불이행,건조,흐림,교차로 - 교차로부근,화물,남,50세,상해없음,승용,남,33세,경상
2015041900100431,2015년 4월 19일 18시,일요일,충청남도 천안시 서북구 성정동,경상사고,0,0,1,0,차대차 - 추돌 - 주정차중,안전운전불이행,습기,비,교차로 - 교차로부근,승용,남,36세,상해없음,승용,여,29세,경상
2015041900100473,2015년 4월 19일 19시,일요일,충청남도 서산시 음암면,경상사고,0,0,2,0,차대차 - 추돌 - 주정차중,안전운전불이행,건조,맑음,단일로 - 기타,승합,남,44세,상해없음,승용,여,41세,경상
2015041900100474,2015년 4월 19일 19시,일요일,충청남도 천안시 서북구 성정동,경상사고,0,0,1,0,차대차 - 기타,교차로운행방법위반,습기,비,교차로 - 교차로안,승용,남,41세,상해없음,원동기,남,56세,경상
2015041900100475,2015년 4월 19일 19시,일요일,충청남도 아산시 배방읍,중상사고,0,1,2,0,차대차 - 기타,안전운전불이행,습기,비,교차로 - 교차로안,승용,남,29세,기타불명,승용,남,32세,경상
2015041900100524,2015년 4월 19일 20시,일요일,충청남도 홍성군 홍성읍,중상사고,0,1,1,1,차대차 - 측면직각충돌,신호위반,습기,비,교차로 - 교차로안,승용,여,55세,상해없음,승용,남,23세,경상
2015041900100591,2015년 4월 19일 22시,일요일,충청남도 아산시 배방읍,경상사고,0,0,1,0,차대차 - 기타,안전운전불이행,습기,비,교차로 - 교차로부근,승용,남,51세,상해없음,원동기,남,30세,경상
2015042000100021,2015년 4월 20일 01시,월요일,충청남도 당진시 송악읍,경상사고,0,0,1,0,차대차 - 추돌 - 주정차중,안전운전불이행,습기,비,단일로 - 기타,화물,남,38세,상해없음,승용,남,33세,경상
2015042000100043,2015년 4월 20일 04시,월요일,충청남도 서산시 동문동,경상사고,0,0,1,0,차대차 - 측면직각충돌,안전운전불이행,습기,비,교차로 - 교차로안,원동기,남,16세,경상,화물,여,63세,상해없음
2015042000100054,2015년 4월 20일 05시,월요일,충청남도 서산시 동문동,중상사고,0,1,0,0,차대차 - 정면충돌,신호위반,습기,비,교차로 - 교차로안,화물,남,52세,상해없음,승용,남,67세,중상
2015042000100089,2015년 4월 20일 07시,월요일,충청남도 태안군 태안읍,경상사고,0,0,1,0,차대사람 - 길가장자리구역통행중,안전운전불이행,건조,맑음,단일로 - 기타,화물,남,51세,상해없음,보행자,남,9세,경상
2015042000100090,2015년 4월 20일 07시,월요일,충청남도 부여군 부여읍,중상사고,0,1,4,0,차대차 - 측면직각충돌,교차로운행방법위반,적설,비,교차로 - 교차로안,승용,여,44세,경상,승용,여,37세,중상
2015042000100119,2015년 4월 20일 08시,월요일,충청남도 천안시 서북구 성성동,경상사고,0,0,2,0,차대차 - 측면직각충돌,안전거리미확보,건조,맑음,교차로 - 교차로부근,승용,남,33세,경상,승용,여,34세,경상
2015042000100120,2015년 4월 20일 08시,월요일,충청남도 아산시 용화동,중상사고,0,1,0,0,차량단독 - 전도전복,안전운전불이행,습기,비,단일로 - 기타,승용,남,46세,중상,,,,
2015042000100121,2015년 4월 20일 08시,월요일,충청남도 아산시 풍기동,부상신고사고,0,0,0,1,차대사람 - 보도통행중,안전운전불이행,건조,맑음,미분류 - 미분류,화물,기타불명,기타불명,기타불명,보행자,여,18세,부상신고
2015042000100122,2015년 4월 20일 08시,월요일,충청남도 당진시 채운동,중상사고,0,1,0,0,차대차 - 추돌 - 주정차중,안전운전불이행,건조,맑음,단일로 - 기타,승용,여,57세,상해없음,승용,여,46세,중상
2015042000100123,2015년 4월 20일 08시,월요일,충청남도 당진시 송산면,중상사고,0,1,0,0,차대차 - 측면직각충돌,교차로운행방법위반,습기,비,단일로 - 기타,승용,남,53세,상해없음,승용,남,46세,중상
2015042000100124,2015년 4월 20일 08시,월요일,충청남도 천안시 동남구 신부동,중상사고,0,1,0,0,차대사람 - 기타,안전운전불이행,습기,비,단일로 - 기타,승합,남,51세,상해없음,보행자,남,39세,중상
2015042000100189,2015년 4월 20일 10시,월요일,충청남도 아산시 탕정면,중상사고,0,1,0,0,차대차 - 측면직각충돌,신호위반,습기,비,교차로 - 교차로안,승용,여,48세,상해없음,승용,여,37세,중상
2015042000100231,2015년 4월 20일 12시,월요일,충청남도 천안시 서북구 불당동,경상사고,0,0,1,0,차대차 - 측면직각충돌,교차로운행방법위반,습기,비,교차로 - 교차로안,승용,남,53세,상해없음,승용,남,56세,경상
2015042000100232,2015년 4월 20일 12시,월요일,충청남도 예산군 예산읍,경상사고,0,0,1,0,차대차 - 기타,직진우회전진행방해,습기,비,교차로 - 교차로안,승용,남,40세,상해없음,화물,남,41세,경상
2015042000100259,2015년 4월 20일 13시,월요일,충청남도 보령시 대천동,중상사고,0,1,0,0,차대사람 - 보도통행중,보행자보호의무위반,건조,맑음,단일로 - 기타,승용,여,22세,상해없음,보행자,여,58세,중상
2015042000100290,2015년 4월 20일 14시,월요일,충청남도 천안시 서북구 입장면,중상사고,0,1,0,0,차량단독 - 기타,안전운전불이행,습기,흐림,단일로 - 기타,이륜,남,60세,중상,,,,
2015042000100291,2015년 4월 20일 14시,월요일,충청남도 논산시 대교동,중상사고,0,1,0,0,차대차 - 측면직각충돌,신호위반,건조,흐림,단일로 - 기타,화물,남,70세,상해없음,승용,남,24세,중상
2015042000100328,2015년 4월 20일 15시,월요일,충청남도 천안시 서북구 쌍용동,경상사고,0,0,3,0,차대차 - 추돌 - 주정차중,안전운전불이행,건조,맑음,교차로 - 교차로부근,승용,여,30세,상해없음,승용,남,26세,경상
2015042000100329,2015년 4월 20일 15시,월요일,충청남도 논산시 성동면,중상사고,0,2,0,0,차량단독 - 공작물충돌,안전운전불이행,건조,흐림,단일로 - 기타,승용,남,63세,중상,,,,
2015042000100330,2015년 4월 20일 15시,월요일,충청남도 아산시 읍내동,경상사고,0,0,1,0,차대차 - 측면직각충돌,안전운전불이행,건조,맑음,교차로 - 교차로안,화물,남,42세,상해없음,자전거,남,77세,경상
2015042000100331,2015년 4월 20일 15시,월요일,충청남도 서천군 서천읍,경상사고,0,0,2,0,차대차 - 기타,안전운전불이행,건조,맑음,단일로 - 기타,승용,남,46세,상해없음,승합,남,61세,경상
2015042000100358,2015년 4월 20일 16시,월요일,충청남도 예산군 삽교읍,중상사고,0,1,1,0,차대사람 - 기타,안전운전불이행,건조,맑음,단일로 - 기타,승합,남,71세,상해없음,보행자,여,60세,중상
2015042000100429,2015년 4월 20일 18시,월요일,충청남도 태안군 태안읍,중상사고,0,1,0,0,차대차 - 측면직각충돌,신호위반,건조,맑음,교차로 - 교차로안,화물,남,46세,상해없음,승용,여,46세,중상
2015042000100430,2015년 4월 20일 18시,월요일,충청남도 천안시 동남구 봉명동,경상사고,0,0,3,0,차대차 - 기타,안전운전불이행,건조,맑음,단일로 - 기타,승용,남,60세,상해없음,승용,남,27세,경상
2015042000100531,2015년 4월 20일 21시,월요일,충청남도 천안시 서북구 성환읍,경상사고,0,0,1,0,차대차 - 정면충돌,중앙선침범,건조,맑음,교차로 - 교차로안,자전거,남,12세,상해없음,자전거,여,27세,경상
2015042000100591,2015년 4월 20일 23시,월요일,충청남도 논산시 강경읍,경상사고,0,0,1,0,차량단독 - 공작물충돌,안전운전불이행,습기,흐림,단일로 - 기타,이륜,남,60세,경상,,,,
2015042100100017,2015년 4월 21일 00시,화요일,충청남도 계룡시 신도안면,중상사고,0,1,1,0,차대차 - 정면충돌,중앙선침범,건조,맑음,단일로 - 기타,승용,남,33세,경상,승용,남,46세,중상
2015042100100018,2015년 4월 21일 00시,화요일,충청남도 서천군 서천읍,경상사고,0,0,1,0,차대차 - 기타,안전운전불이행,건조,맑음,교차로 - 교차로안,승용,남,22세,상해없음,원동기,남,17세,경상
2015042100100042,2015년 4월 21일 01시,화요일,충청남도 당진시 송악읍,경상사고,0,0,2,0,차량단독 - 전도전복,안전운전불이행,건조,맑음,단일로 - 기타,승용,남,25세,경상,,,,
2015042100100060,2015년 4월 21일 04시,화요일,충청남도 천안시 서북구 두정동,경상사고,0,0,1,0,차대차 - 측면직각충돌,교차로운행방법위반,건조,맑음,교차로 - 교차로안,승용,남,26세,상해없음,승용,남,49세,경상
2015042100100066,2015년 4월 21일 05시,화요일,충청남도 당진시 송악읍,경상사고,0,0,1,0,차대차 - 측면직각충돌,차로위반,건조,맑음,단일로 - 기타,특수,남,58세,상해없음,승합,남,65세,상해없음
2015042100100139,2015년 4월 21일 08시,화요일,충청남도 천안시 서북구 쌍용동,경상사고,0,0,1,0,차대차 - 측면직각충돌,직진우회전진행방해,건조,맑음,교차로 - 교차로안,승용,남,53세,상해없음,승용,남,65세,경상
2015042100100140,2015년 4월 21일 08시,화요일,충청남도 당진시 송악읍,경상사고,0,0,2,0,차대차 - 측면직각충돌,안전운전불이행,건조,맑음,단일로 - 기타,승용,남,28세,상해없음,승합,남,45세,경상
2015042100100210,2015년 4월 21일 10시,화요일,충청남도 공주시 신관동,중상사고,0,2,0,0,차대차 - 측면직각충돌,직진우회전진행방해,건조,맑음,교차로 - 교차로안,승용,여,50세,기타불명,승용,여,53세,중상
2015042100100211,2015년 4월 21일 10시,화요일,충청남도 부여군 규암면,중상사고,0,1,0,0,차대차 - 추돌 - 주정차중,안전운전불이행,건조,맑음,교차로 - 교차로부근,승합,남,33세,상해없음,승용,여,22세,중상
2015042100100212,2015년 4월 21일 10시,화요일,충청남도 논산시 가야곡면,중상사고,0,1,4,0,차대차 - 기타,안전운전불이행,건조,맑음,단일로 - 기타,승용,남,34세,경상,승용,남,33세,경상
2015042100100262,2015년 4월 21일 12시,화요일,충청남도 서천군 한산면,경상사고,0,0,1,0,차량단독 - 기타,안전운전불이행,건조,맑음,단일로 - 기타,원동기,남,74세,경상,,,,
2015042100100293,2015년 4월 21일 13시,화요일,충청남도 천안시 서북구 쌍용동,중상사고,0,1,2,0,차대차 - 추돌 - 진행중,안전운전불이행,건조,맑음,단일로 - 기타,승합,남,53세,상해없음,승용,여,56세,중상
2015042100100325,2015년 4월 21일 14시,화요일,충청남도 논산시 연산면,경상사고,0,0,1,0,차대차 - 정면충돌,중앙선침범,건조,맑음,단일로 - 기타,이륜,남,70세,경상,승용,남,53세,상해없음
2015042100100326,2015년 4월 21일 14시,화요일,충청남도 논산시 취암동,중상사고,0,1,0,0,차대차 - 추돌 - 주정차중,안전운전불이행,건조,맑음,단일로 - 기타,승용,남,43세,상해없음,승용,남,44세,중상
2015042100100327,2015년 4월 21일 14시,화요일,충청남도 금산군 추부면,경상사고,0,0,2,0,차대차 - 측면직각충돌,안전운전불이행,건조,맑음,교차로 - 교차로안,농기계,남,77세,경상,승용,남,40세,경상
2015042100100367,2015년 4월 21일 15시,화요일,충청남도 천안시 서북구 성정동,경상사고,0,0,1,0,차대차 - 추돌 - 주정차중,안전운전불이행,건조,맑음,교차로 - 교차로부근,승용,남,40세,상해없음,승용,여,46세,경상
2015042100100368,2015년 4월 21일 15시,화요일,충청남도 예산군 예산읍,경상사고,0,0,1,0,차대차 - 측면직각충돌,안전거리미확보,건조,맑음,단일로 - 기타,승용,남,57세,상해없음,승용,남,38세,경상
2015042100100408,2015년 4월 21일 16시,화요일,충청남도 부여군 내산면,경상사고,0,0,1,0,차량단독 - 공작물충돌,안전운전불이행,건조,맑음,단일로 - 기타,화물,남,60세,경상,,,,
2015042100100449,2015년 4월 21일 17시,화요일,충청남도 예산군 예산읍,경상사고,0,0,1,0,차대차 - 측면직각충돌,교차로운행방법위반,건조,맑음,교차로 - 교차로안,승합,여,59세,상해없음,화물,남,29세,상해없음
2015042100100488,2015년 4월 21일 18시,화요일,충청남도 천안시 서북구 성정동,경상사고,0,0,1,0,차대차 - 추돌 - 주정차중,안전운전불이행,건조,맑음,단일로 - 기타,승용,남,72세,상해없음,이륜,남,30세,경상
2015042100100489,2015년 4월 21일 18시,화요일,충청남도 천안시 서북구 쌍용동,경상사고,0,0,1,0,차대차 - 측면직각충돌,안전운전불이행,건조,맑음,교차로 - 교차로안,승용,여,23세,상해없음,승합,남,37세,경상
2015042100100490,2015년 4월 21일 18시,화요일,충청남도 논산시 상월면,중상사고,0,1,1,0,차대차 - 측면직각충돌,교차로운행방법위반,건조,맑음,교차로 - 교차로안,이륜,남,63세,중상,승용,남,49세,경상
2015042100100491,2015년 4월 21일 18시,화요일,충청남도 홍성군 구항면,경상사고,0,0,1,0,차대차 - 측면직각충돌,기타,건조,맑음,교차로 - 교차로안,승용,남,63세,기타불명,화물,남,53세,경상
2015042100100529,2015년 4월 21일 19시,화요일,충청남도 서산시 대산읍,중상사고,0,1,0,0,차대차 - 측면직각충돌,신호위반,건조,맑음,교차로 - 교차로안,승용,남,44세,상해없음,승용,남,26세,중상
2015042100100530,2015년 4월 21일 19시,화요일,충청남도 청양군 대치면,경상사고,0,0,1,0,차대차 - 기타,중앙선침범,건조,맑음,단일로 - 기타,화물,남,78세,상해없음,승용,남,61세,상해없음
2015042100100553,2015년 4월 21일 20시,화요일,충청남도 홍성군 구항면,중상사고,0,1,0,0,차대차 - 측면직각충돌,신호위반,건조,맑음,교차로 - 교차로안,이륜,남,63세,중상,승용,남,45세,상해없음
2015042100100554,2015년 4월 21일 20시,화요일,충청남도 천안시 동남구 신부동,부상신고사고,0,0,0,2,차대차 - 측면직각충돌,신호위반,건조,맑음,교차로 - 교차로안,원동기,남,17세,상해없음,승합,남,55세,부상신고
2015042100100596,2015년 4월 21일 21시,화요일,충청남도 천안시 서북구 성정동,경상사고,0,0,1,0,차대차 - 측면직각충돌,중앙선침범,건조,맑음,단일로 - 기타,승용,남,49세,상해없음,이륜,남,38세,경상
2015042200100028,2015년 4월 22일 01시,수요일,충청남도 아산시 법곡동,경상사고,0,0,1,0,차대차 - 정면충돌,안전운전불이행,건조,흐림,기타 - 기타,승용,기타불명,기타불명,기타불명,승용,남,44세,경상
2015042200100085,2015년 4월 22일 07시,수요일,충청남도 서산시 대산읍,중상사고,0,1,2,0,차대차 - 측면직각충돌,안전운전불이행,건조,맑음,단일로 - 기타,승용,남,67세,상해없음,승용,여,29세,중상
2015042200100086,2015년 4월 22일 07시,수요일,충청남도 논산시 강경읍,중상사고,0,1,3,0,차대차 - 측면직각충돌,교차로운행방법위반,건조,맑음,교차로 - 교차로안,화물,남,59세,경상,승용,남,55세,중상