사고번호,사고일시,요일,시군구,사고내용,사망자수,중상자수,경상자수,부상신고자수,사고유형,법규위반,노면상태,기상상태,도로형태,가해운전자 차종,가해운전자 성별,가해운전자 연령,가해운전자 상해정도,피해운전자 차종,피해운전자 성별,피해운전자 연령,피해운전자 상해정도
2015042600100211,2015년 4월 26일 12시,일요일,충청남도 아산시 염치읍,경상사고,0,0,1,0,차대차 - 추돌 - 진행중,안전운전불이행,건조,맑음,단일로 - 기타,승용,남,61세,상해없음,이륜,남,22세,경상
2015042600100212,2015년 4월 26일 12시,일요일,충청남도 천안시 동남구 풍세면,경상사고,0,0,1,0,차대차 - 측면직각충돌,기타,건조,맑음,단일로 - 기타,특수,남,35세,상해없음,원동기,남,71세,경상
2015042600100243,2015년 4월 26일 13시,일요일,충청남도 서산시 동문동,경상사고,0,0,1,0,차대사람 - 기타,안전운전불이행,건조,맑음,단일로 - 기타,승용,남,41세,상해없음,보행자,여,54세,경상
2015042600100268,2015년 4월 26일 14시,일요일,충청남도 아산시 풍기동,중상사고,0,1,0,0,차대사람 - 횡단중,안전운전불이행,건조,맑음,단일로 - 횡단보도상,승용,남,62세,상해없음,보행자,여,6세,중상
2015042600100306,2015년 4월 26일 15시,일요일,충청남도 천안시 서북구 입장면,경상사고,0,0,1,0,차대차 - 측면직각충돌,직진우회전진행방해,건조,맑음,교차로 - 교차로안,승용,남,26세,상해없음,승용,남,37세,경상
2015042600100307,2015년 4월 26일 15시,일요일,충청남도 천안시 동남구 사직동,경상사고,0,0,1,0,차대사람 - 길가장자리구역통행중,안전거리미확보,건조,맑음,단일로 - 기타,승용,남,41세,상해없음,보행자,남,62세,경상
2015042600100354,2015년 4월 26일 16시,일요일,충청남도 천안시 서북구 쌍용동,경상사고,0,0,1,0,차대차 - 측면직각충돌,안전운전불이행,건조,맑음,교차로 - 교차로부근,승용,남,37세,상해없음,승용,여,52세,경상
2015042600100355,2015년 4월 26일 16시,일요일,충청남도 보령시 오천면,중상사고,0,1,1,0,차대차 - 정면충돌,안전운전불이행,건조,맑음,단일로 - 기타,승용,여,64세,경상,승용,남,66세,중상
2015042600100356,2015년 4월 26일 16시,일요일,충청남도 예산군 예산읍,경상사고,0,0,1,0,차대차 - 기타,불법유턴,건조,맑음,교차로 - 교차로부근,승용,남,55세,상해없음,승용,남,28세,경상
2015042600100357,2015년 4월 26일 16시,일요일,충청남도 당진시 대호지면,경상사고,0,0,1,0,차대사람 - 길가장자리구역통행중,안전운전불이행,건조,맑음,단일로 - 기타,농기계,남,54세,상해없음,보행자,여,69세,경상
2015042600100358,2015년 4월 26일 16시,일요일,충청남도 천안시 동남구 다가동,중상사고,0,1,0,0,차대사람 - 길가장자리구역통행중,안전운전불이행,건조,맑음,단일로 - 기타,승용,남,52세,상해없음,보행자,여,80세,중상
2015042600100391,2015년 4월 26일 17시,일요일,충청남도 금산군 남일면,경상사고,0,0,1,0,차대사람 - 차도통행중,안전운전불이행,건조,맑음,단일로 - 기타,승용,남,54세,상해없음,보행자,남,51세,경상
2015042600100426,2015년 4월 26일 18시,일요일,충청남도 아산시 선장면,중상사고,0,2,1,0,차대차 - 정면충돌,중앙선침범,건조,맑음,단일로 - 기타,승용,남,49세,상해없음,승용,남,40세,중상
2015042600100427,2015년 4월 26일 18시,일요일,충청남도 보령시 성주면,중상사고,0,3,0,0,차량단독 - 공작물충돌,안전운전불이행,건조,맑음,교차로 - 교차로부근,승용,여,65세,중상,,,,
2015042600100428,2015년 4월 26일 18시,일요일,충청남도 예산군 응봉면,중상사고,0,2,0,0,차대차 - 측면직각충돌,신호위반,건조,맑음,교차로 - 교차로안,승용,남,55세,기타불명,승용,남,47세,중상
2015042600100429,2015년 4월 26일 18시,일요일,충청남도 당진시 송악읍,경상사고,0,0,1,0,차대차 - 추돌 - 주정차중,안전운전불이행,건조,맑음,교차로 - 교차로부근,승용,남,46세,상해없음,승용,남,37세,경상
2015042600100460,2015년 4월 26일 19시,일요일,충청남도 홍성군 홍성읍,경상사고,0,0,3,0,차대차 - 측면직각충돌,교차로운행방법위반,건조,맑음,교차로 - 교차로안,승용,남,26세,상해없음,승용,여,45세,경상
2015042600100496,2015년 4월 26일 20시,일요일,충청남도 천안시 동남구 신방동,중상사고,0,1,2,0,차대차 - 추돌 - 주정차중,안전운전불이행,건조,맑음,교차로 - 교차로부근,승용,남,67세,상해없음,승용,남,20세,경상
2015042600100533,2015년 4월 26일 21시,일요일,충청남도 서산시 예천동,경상사고,0,0,1,0,차대차 - 측면직각충돌,안전운전불이행,건조,맑음,교차로 - 교차로부근,승용,남,50세,상해없음,승용,남,42세,경상
2015042600100534,2015년 4월 26일 21시,일요일,충청남도 청양군 화성면,사망사고,1,0,0,0,차대차 - 정면충돌,중앙선침범,건조,맑음,단일로 - 기타,이륜,남,50세,사망,승용,남,38세,상해없음
2015042600100562,2015년 4월 26일 22시,일요일,충청남도 논산시 반월동,중상사고,0,2,0,0,차대차 - 측면직각충돌,교차로운행방법위반,건조,맑음,교차로 - 교차로안,승용,남,21세,상해없음,이륜,남,18세,중상
2015042600100563,2015년 4월 26일 22시,일요일,충청남도 홍성군 홍성읍,경상사고,0,0,1,0,차대차 - 측면직각충돌,신호위반,건조,맑음,교차로 - 교차로안,승용,남,31세,상해없음,이륜,남,64세,경상
2015042600100591,2015년 4월 26일 23시,일요일,충청남도 보령시 화산동,부상신고사고,0,0,0,1,차량단독 - 공작물충돌,안전운전불이행,건조,맑음,교차로 - 교차로안,승용,남,29세,부상신고,,,,
2015042600100592,2015년 4월 26일 23시,일요일,충청남도 천안시 동남구 원성동,경상사고,0,0,1,0,차대차 - 측면직각충돌,안전운전불이행,건조,맑음,교차로 - 교차로안,승용,남,34세,상해없음,원동기,남,16세,경상
2015042700100012,2015년 4월 27일 00시,월요일,충청남도 청양군 청양읍,중상사고,0,1,0,0,차대차 - 추돌 - 주정차중,안전운전불이행,건조,맑음,교차로 - 교차로부근,이륜,남,21세,중상,승용,여,55세,상해없음
2015042700100050,2015년 4월 27일 06시,월요일,충청남도 천안시 서북구 성정동,경상사고,0,0,1,0,차대차 - 측면직각충돌,신호위반,건조,맑음,교차로 - 교차로안,승용,남,60세,상해없음,화물,남,42세,경상
2015042700100070,2015년 4월 27일 07시,월요일,충청남도 예산군 덕산면,경상사고,0,0,1,0,차대차 - 측면직각충돌,신호위반,건조,맑음,교차로 - 교차로안,승합,남,62세,상해없음,승용,남,39세,경상
2015042700100182,2015년 4월 27일 10시,월요일,충청남도 천안시 동남구 대흥동,경상사고,0,0,1,0,차대사람 - 횡단중,안전운전불이행,건조,맑음,단일로 - 기타,승합,남,61세,상해없음,보행자,여,33세,경상
2015042700100243,2015년 4월 27일 12시,월요일,충청남도 서산시 동문동,부상신고사고,0,0,0,1,차대차 - 기타,안전운전불이행,건조,맑음,단일로 - 기타,기타불명,기타불명,기타불명,기타불명,원동기,남,74세,부상신고
2015042700100244,2015년 4월 27일 12시,월요일,충청남도 아산시 풍기동,중상사고,0,1,1,0,차량단독 - 공작물충돌,안전운전불이행,건조,맑음,기타 - 기타,승용,여,65세,중상,,,,
2015042700100326,2015년 4월 27일 14시,월요일,충청남도 천안시 서북구 성정동,경상사고,0,0,1,0,차대사람 - 보도통행중,기타,건조,맑음,단일로 - 기타,자전거,남,23세,상해없음,보행자,여,30세,경상
2015042700100327,2015년 4월 27일 14시,월요일,충청남도 홍성군 광천읍,경상사고,0,0,2,0,차대차 - 추돌 - 주정차중,안전운전불이행,건조,맑음,단일로 - 기타,승용,남,28세,상해없음,승용,남,61세,경상
2015042700100328,2015년 4월 27일 14시,월요일,충청남도 예산군 예산읍,경상사고,0,0,3,0,차대차 - 추돌 - 진행중,안전운전불이행,건조,맑음,교차로 - 교차로부근,화물,남,24세,상해없음,승용,남,27세,경상
2015042700100359,2015년 4월 27일 15시,월요일,충청남도 태안군 소원면,중상사고,0,1,0,0,차대차 - 정면충돌,중앙선침범,건조,맑음,단일로 - 기타,승용,여,33세,상해없음,원동기,남,40세,중상
2015042700100405,2015년 4월 27일 16시,월요일,충청남도 아산시 배방읍,경상사고,0,0,1,1,차대차 - 기타,안전운전불이행,건조,맑음,교차로 - 교차로부근,승용,여,22세,부상신고,승용,여,27세,경상
2015042700100407,2015년 4월 27일 16시,월요일,충청남도 당진시 순성면,경상사고,0,0,1,0,차대차 - 측면직각충돌,중앙선침범,건조,맑음,단일로 - 기타,승용,남,75세,상해없음,승용,여,41세,경상
2015042700100408,2015년 4월 27일 16시,월요일,충청남도 천안시 동남구 신방동,중상사고,0,1,0,0,차대차 - 추돌 - 진행중,안전운전불이행,건조,맑음,단일로 - 기타,이륜,남,34세,중상,화물,남,31세,상해없음
2015042700100451,2015년 4월 27일 17시,월요일,충청남도 태안군 태안읍,경상사고,0,0,1,0,차대차 - 측면직각충돌,중앙선침범,건조,맑음,단일로 - 기타,원동기,남,79세,경상,승용,여,58세,상해없음
2015042700100452,2015년 4월 27일 17시,월요일,충청남도 태안군 태안읍,중상사고,0,1,0,0,차대차 - 측면직각충돌,직진우회전진행방해,건조,맑음,교차로 - 교차로안,승용,남,58세,상해없음,원동기,남,57세,중상
2015042700100453,2015년 4월 27일 17시,월요일,충청남도 보령시 궁촌동,경상사고,0,0,2,0,차대차 - 기타,안전운전불이행,건조,맑음,단일로 - 기타,건설기계,남,58세,상해없음,승용,남,18세,경상
2015042700100454,2015년 4월 27일 17시,월요일,충청남도 천안시 동남구 신방동,사망사고,1,0,0,0,차대차 - 정면충돌,안전운전불이행,건조,맑음,기타 - 기타,승용,여,50세,상해없음,자전거,남,7세,사망
2015042700100496,2015년 4월 27일 18시,월요일,충청남도 천안시 서북구 직산읍,중상사고,0,1,0,0,차대차 - 측면직각충돌,교차로운행방법위반,건조,맑음,교차로 - 교차로안,승용,남,25세,상해없음,승용,여,31세,중상
2015042700100497,2015년 4월 27일 18시,월요일,충청남도 홍성군 홍성읍,경상사고,0,0,1,0,차대차 - 측면직각충돌,교차로운행방법위반,건조,맑음,교차로 - 교차로안,화물,남,49세,상해없음,승용,여,73세,경상
2015042700100498,2015년 4월 27일 18시,월요일,충청남도 예산군 오가면,경상사고,0,0,2,0,차대차 - 추돌 - 주정차중,안전운전불이행,건조,맑음,교차로 - 교차로부근,승용,남,60세,상해없음,화물,남,74세,경상
2015042700100645,2015년 4월 27일 22시,월요일,충청남도 천안시 서북구 성정동,경상사고,0,0,1,0,차대사람 - 기타,안전운전불이행,건조,맑음,교차로 - 교차로안,승용,남,50세,상해없음,보행자,남,50세,경상
2015042700100646,2015년 4월 27일 22시,월요일,충청남도 천안시 서북구 성거읍,경상사고,0,0,2,1,차대차 - 측면직각충돌,안전거리미확보,습기,비,교차로 - 교차로안,승용,남,58세,상해없음,승용,여,41세,경상
2015042700100675,2015년 4월 27일 23시,월요일,충청남도 천안시 동남구 다가동,중상사고,0,1,0,0,차대사람 - 횡단중,안전운전불이행,건조,맑음,단일로 - 기타,승용,남,42세,상해없음,보행자,남,29세,중상
2015042800100009,2015년 4월 28일 00시,화요일,충청남도 천안시 서북구 두정동,경상사고,0,0,1,0,차대사람 - 기타,안전운전불이행,건조,맑음,단일로 - 기타,승용,남,43세,상해없음,보행자,남,27세,경상
2015042800100048,2015년 4월 28일 03시,화요일,충청남도 아산시 용화동,중상사고,0,3,0,0,차대차 - 측면직각충돌,신호위반,건조,맑음,교차로 - 교차로안,승용,남,63세,중상,승용,남,48세,중상
2015042800100059,2015년 4월 28일 04시,화요일,충청남도 천안시 서북구 직산읍,경상사고,0,0,1,0,차대차 - 추돌 - 진행중,안전운전불이행,건조,맑음,교차로 - 교차로부근,승용,남,51세,상해없음,승용,여,54세,경상
2015042800100084,2015년 4월 28일 06시,화요일,충청남도 당진시 우강면,중상사고,0,1,0,0,차대차 - 측면직각충돌,교차로운행방법위반,건조,맑음,교차로 - 교차로안,승용,남,70세,상해없음,화물,남,69세,중상
2015042800100201,2015년 4월 28일 09시,화요일,충청남도 보령시 남포면,경상사고,0,0,1,0,차대차 - 추돌 - 주정차중,안전운전불이행,건조,맑음,단일로 - 기타,승용,여,50세,경상,승용,여,53세,기타불명
2015042800100202,2015년 4월 28일 09시,화요일,충청남도 청양군 청양읍,경상사고,0,0,2,0,차대차 - 측면직각충돌,안전운전불이행,건조,맑음,교차로 - 교차로안,화물,남,61세,경상,화물,남,45세,경상
2015042800100230,2015년 4월 28일 10시,화요일,충청남도 청양군 청양읍,중상사고,0,1,0,0,차대차 - 측면직각충돌,직진우회전진행방해,건조,맑음,교차로 - 교차로안,자전거,남,88세,중상,화물,남,39세,상해없음
2015042800100258,2015년 4월 28일 11시,화요일,충청남도 논산시 반월동,중상사고,0,1,0,0,차량단독 - 기타,안전운전불이행,건조,맑음,단일로 - 기타,승합,남,52세,상해없음,,,,
2015042800100282,2015년 4월 28일 12시,화요일,충청남도 논산시 취암동,중상사고,0,1,0,0,차대차 - 측면직각충돌,중앙선침범,습기,비,교차로 - 교차로부근,화물,남,46세,상해없음,승용,남,43세,중상
2015042800100357,2015년 4월 28일 14시,화요일,충청남도 천안시 서북구 성정동,경상사고,0,0,1,0,차대차 - 측면직각충돌,신호위반,건조,맑음,교차로 - 교차로안,화물,남,27세,상해없음,원동기,남,39세,경상
2015042800100358,2015년 4월 28일 14시,화요일,충청남도 보령시 명천동,중상사고,0,1,0,0,차대차 - 기타,안전운전불이행,건조,맑음,단일로 - 터널,화물,남,41세,상해없음,이륜,남,17세,중상
2015042800100440,2015년 4월 28일 16시,화요일,충청남도 아산시 온천동,경상사고,0,0,1,0,차대사람 - 기타,안전운전불이행,건조,맑음,단일로 - 기타,승용,남,20세,상해없음,보행자,여,16세,경상
2015042800100441,2015년 4월 28일 16시,화요일,충청남도 예산군 삽교읍,경상사고,0,0,1,0,차대차 - 측면직각충돌,직진우회전진행방해,건조,맑음,교차로 - 교차로안,자전거,남,14세,경상,승용,남,33세,상해없음
2015042800100477,2015년 4월 28일 17시,화요일,충청남도 서산시 대산읍,경상사고,0,0,1,0,차대차 - 측면직각충돌,안전거리미확보,건조,맑음,단일로 - 기타,승용,남,62세,상해없음,승용,남,54세,경상
2015042800100479,2015년 4월 28일 17시,화요일,충청남도 청양군 정산면,중상사고,0,3,1,0,차량단독 - 공작물충돌,안전운전불이행,건조,맑음,교차로 - 교차로부근,승합,남,71세,경상,,,,
2015042800100516,2015년 4월 28일 18시,화요일,충청남도 천안시 서북구 성환읍,중상사고,0,1,0,0,차대차 - 기타,안전운전불이행,건조,맑음,단일로 - 기타,기타불명,기타불명,기타불명,기타불명,자전거,남,30세,중상
2015042800100517,2015년 4월 28일 18시,화요일,충청남도 홍성군 금마면,경상사고,0,0,1,0,차대차 - 측면직각충돌,기타,건조,흐림,단일로 - 기타,승용,남,65세,상해없음,승합,여,59세,경상
2015042800100518,2015년 4월 28일 18시,화요일,충청남도 아산시 방축동,경상사고,0,0,1,0,차대차 - 측면직각충돌,신호위반,건조,맑음,교차로 - 교차로부근,승용,남,26세,상해없음,자전거,남,16세,경상
2015042800100519,2015년 4월 28일 18시,화요일,충청남도 공주시 신관동,경상사고,0,0,1,0,차대사람 - 길가장자리구역통행중,안전운전불이행,건조,맑음,단일로 - 기타,승합,여,46세,상해없음,보행자,여,19세,경상
2015042800100552,2015년 4월 28일 19시,화요일,충청남도 홍성군 갈산면,사망사고,1,0,0,0,차대사람 - 차도통행중,안전운전불이행,건조,흐림,단일로 - 기타,승합,남,68세,상해없음,보행자,남,58세,사망
2015042800100553,2015년 4월 28일 19시,화요일,충청남도 보령시 동대동,경상사고,0,0,1,0,차대차 - 추돌 - 진행중,안전거리미확보,습기,비,교차로 - 교차로부근,승용,남,58세,상해없음,승용,남,39세,경상
2015042800100580,2015년 4월 28일 20시,화요일,충청남도 천안시 서북구 성정동,경상사고,0,0,3,0,차대차 - 측면직각충돌,교차로운행방법위반,건조,맑음,교차로 - 교차로안,승용,여,51세,경상,화물,남,31세,경상
2015042800100648,2015년 4월 28일 22시,화요일,충청남도 서천군 서면,경상사고,0,0,1,0,차대차 - 기타,중앙선침범,습기,비,교차로 - 교차로부근,승용,남,56세,상해없음,승용,여,53세,경상
2015042900100044,2015년 4월 29일 02시,수요일,충청남도 천안시 서북구 성정동,중상사고,0,1,0,0,차대사람 - 차도통행중,안전운전불이행,습기,비,단일로 - 기타,승용,남,36세,상해없음,보행자,여,44세,중상
2015042900100081,2015년 4월 29일 06시,수요일,충청남도 홍성군 금마면,사망사고,1,1,0,0,차대차 - 추돌 - 주정차중,안전운전불이행,습기,비,단일로 - 기타,화물,남,71세,사망,화물,남,54세,중상
2015042900100082,2015년 4월 29일 06시,수요일,충청남도 아산시 음봉면,경상사고,0,0,1,0,차대차 - 추돌 - 진행중,안전운전불이행,습기,비,단일로 - 기타,승용,남,37세,상해없음,화물,남,32세,경상
2015042900100083,2015년 4월 29일 06시,수요일,충청남도 당진시 송악읍,중상사고,0,1,0,0,차대차 - 측면직각충돌,안전운전불이행,습기,비,단일로 - 기타,승용,남,60세,상해없음,자전거,남,47세,중상
2015042900100140,2015년 4월 29일 08시,수요일,충청남도 서산시 부석면,사망사고,1,0,0,0,차량단독 - 공작물충돌,안전운전불이행,습기,비,단일로 - 기타,화물,남,57세,사망,,,,
2015042900100178,2015년 4월 29일 09시,수요일,충청남도 천안시 서북구 백석동,경상사고,0,0,1,0,차대차 - 측면직각충돌,신호위반,습기,비,교차로 - 교차로안,승용,여,47세,경상,화물,남,41세,상해없음
2015042900100287,2015년 4월 29일 12시,수요일,충청남도 천안시 서북구 불당동,경상사고,0,0,1,0,차대차 - 측면직각충돌,신호위반,습기,비,교차로 - 교차로안,승용,여,60세,상해없음,승용,여,40세,경상
2015042900100288,2015년 4월 29일 12시,수요일,충청남도 천안시 서북구 성정동,경상사고,0,0,1,0,차대사람 - 횡단중,안전운전불이행,습기,비,교차로 - 교차로부근,화물,남,52세,상해없음,보행자,남,45세,경상
2015042900100289,2015년 4월 29일 12시,수요일,충청남도 천안시 서북구 입장면,경상사고,0,0,2,0,차대차 - 추돌 - 진행중,안전운전불이행,습기,비,교차로 - 교차로부근,화물,남,54세,상해없음,승용,남,59세,경상
2015042900100290,2015년 4월 29일 12시,수요일,충청남도 천안시 서북구 성환읍,경상사고,0,0,1,0,차대차 - 추돌 - 주정차중,안전운전불이행,건조,맑음,교차로 - 교차로부근,승용,남,50세,상해없음,승용,여,43세,경상
2015042900100362,2015년 4월 29일 14시,수요일,충청남도 태안군 남면,경상사고,0,0,2,0,차대차 - 측면직각충돌,기타,습기,비,교차로 - 교차로안,승용,남,64세,상해없음,승용,여,35세,경상
2015042900100363,2015년 4월 29일 14시,수요일,충청남도 천안시 서북구 성정동,경상사고,0,0,1,0,차대차 - 측면직각충돌,안전운전불이행,습기,흐림,단일로 - 기타,승용,남,54세,상해없음,원동기,남,43세,경상
2015042900100364,2015년 4월 29일 14시,수요일,충청남도 청양군 화성면,경상사고,0,0,1,0,차량단독 - 전도전복,안전운전불이행,습기,흐림,단일로 - 기타,이륜,남,76세,경상,,,,
2015042900100365,2015년 4월 29일 14시,수요일,충청남도 천안시 동남구 신방동,중상사고,0,1,0,0,차대사람 - 횡단중,보행자보호의무위반,건조,맑음,단일로 - 횡단보도상,승용,남,29세,상해없음,보행자,남,8세,중상
2015042900100404,2015년 4월 29일 15시,수요일,충청남도 서산시 대산읍,중상사고,0,2,1,0,차대차 - 측면직각충돌,신호위반,습기,비,교차로 - 교차로안,화물,남,57세,중상,승용,여,47세,중상
2015042900100405,2015년 4월 29일 15시,수요일,충청남도 천안시 동남구 병천면,중상사고,0,2,0,0,차대차 - 측면직각충돌,안전운전불이행,건조,맑음,단일로 - 기타,승용,남,54세,상해없음,원동기,남,74세,중상
2015042900100434,2015년 4월 29일 16시,수요일,충청남도 계룡시 엄사면,경상사고,0,0,1,0,차대차 - 측면직각충돌,안전운전불이행,건조,맑음,교차로 - 교차로부근,승용,남,60세,상해없음,승용,여,63세,경상
2015042900100435,2015년 4월 29일 16시,수요일,충청남도 서천군 서천읍,경상사고,0,0,2,0,차대차 - 기타,안전운전불이행,건조,맑음,교차로 - 교차로부근,승용,남,64세,상해없음,승용,남,54세,경상
2015042900100457,2015년 4월 29일 17시,수요일,충청남도 천안시 서북구 쌍용동,경상사고,0,0,1,0,차대차 - 추돌 - 진행중,안전운전불이행,건조,흐림,단일로 - 기타,특수,남,48세,상해없음,승용,여,39세,경상
2015042900100458,2015년 4월 29일 17시,수요일,충청남도 당진시 원당리,경상사고,0,0,1,0,차대사람 - 횡단중,안전운전불이행,건조,맑음,단일로 - 횡단보도부근,승용,남,21세,상해없음,보행자,여,16세,경상
2015042900100509,2015년 4월 29일 18시,수요일,충청남도 천안시 서북구 직산읍,중상사고,0,1,0,0,차대사람 - 기타,안전운전불이행,건조,맑음,단일로 - 기타,승용,남,41세,상해없음,보행자,여,57세,중상
2015042900100510,2015년 4월 29일 18시,수요일,충청남도 부여군 부여읍,중상사고,0,1,1,0,차대사람 - 기타,안전운전불이행,건조,맑음,교차로 - 교차로부근,승용,여,30세,상해없음,보행자,남,63세,경상
2015042900100547,2015년 4월 29일 19시,수요일,충청남도 아산시 음봉면,중상사고,0,1,3,0,차대차 - 정면충돌,중앙선침범,건조,맑음,단일로 - 기타,승용,남,42세,기타불명,화물,남,59세,경상
2015042900100646,2015년 4월 29일 22시,수요일,충청남도 천안시 서북구 두정동,경상사고,0,0,1,0,차대사람 - 기타,안전운전불이행,건조,맑음,단일로 - 기타,승용,남,24세,상해없음,보행자,남,35세,경상
2015042900100647,2015년 4월 29일 22시,수요일,충청남도 예산군 예산읍,경상사고,0,0,1,0,차대차 - 추돌 - 주정차중,안전운전불이행,건조,흐림,교차로 - 교차로부근,승용,남,44세,상해없음,승합,남,58세,경상
2015042900100670,2015년 4월 29일 23시,수요일,충청남도 보령시 죽정동,경상사고,0,0,1,0,차대차 - 측면직각충돌,신호위반,건조,맑음,교차로 - 교차로안,승용,남,28세,상해없음,승용,남,57세,경상
2015043000100016,2015년 4월 30일 00시,목요일,충청남도 아산시 탕정면,중상사고,0,1,0,0,차대차 - 정면충돌,중앙선침범,건조,맑음,기타 - 기타,승용,남,37세,상해없음,승용,남,42세,중상
2015043000100041,2015년 4월 30일 01시,목요일,충청남도 천안시 동남구 신부동,중상사고,0,2,1,0,차대차 - 기타,안전운전불이행,건조,맑음,단일로 - 기타,승용,여,23세,상해없음,화물,여,36세,기타불명
2015043000100051,2015년 4월 30일 02시,목요일,충청남도 천안시 서북구 불당동,경상사고,0,0,1,0,차대차 - 기타,안전운전불이행,건조,맑음,교차로 - 교차로부근,승용,남,34세,경상,화물,남,30세,기타불명
2015043000100052,2015년 4월 30일 02시,목요일,충청남도 천안시 동남구 풍세면,경상사고,0,0,1,0,차대차 - 추돌 - 진행중,안전운전불이행,건조,맑음,단일로 - 기타,승용,남,27세,상해없음,화물,남,58세,경상
2015043000100091,2015년 4월 30일 06시,목요일,충청남도 태안군 근흥면,경상사고,0,0,1,0,차대차 - 측면직각충돌,중앙선침범,건조,맑음,단일로 - 기타,승용,남,66세,상해없음,승용,남,34세,경상
2015043000100239,2015년 4월 30일 11시,목요일,충청남도 서천군 마서면,중상사고,0,1,1,0,차대차 - 기타,중앙선침범,건조,맑음,단일로 - 기타,승용,여,61세,경상,화물,남,55세,중상
2015043000100263,2015년 4월 30일 12시,목요일,충청남도 천안시 서북구 입장면,경상사고,0,0,1,0,차대차 - 측면직각충돌,안전운전불이행,건조,맑음,교차로 - 교차로안,화물,남,48세,상해없음,이륜,남,40세,경상
2015043000100297,2015년 4월 30일 13시,목요일,충청남도 논산시 연무읍,경상사고,0,0,4,0,차대차 - 측면직각충돌,신호위반,건조,맑음,교차로 - 교차로안,승용,남,63세,상해없음,승용,남,37세,경상
2015043000100298,2015년 4월 30일 13시,목요일,충청남도 공주시 반포면,사망사고,1,0,0,0,차량단독 - 공작물충돌,안전운전불이행,건조,맑음,단일로 - 기타,승용,남,46세,사망,,,,
2015043000100334,2015년 4월 30일 14시,목요일,충청남도 논산시 연산면,중상사고,0,1,0,0,차대차 - 측면직각충돌,중앙선침범,건조,맑음,단일로 - 기타,원동기,여,40세,중상,승용,남,46세,상해없음
2015043000100335,2015년 4월 30일 14시,목요일,충청남도 서천군 서천읍,경상사고,0,0,1,0,차대차 - 기타,안전운전불이행,건조,맑음,단일로 - 기타,농기계,남,77세,상해없음,승용,여,43세,경상
2015043000100336,2015년 4월 30일 14시,목요일,충청남도 당진시 고대면,경상사고,0,0,1,0,차대차 - 정면충돌,안전운전불이행,건조,맑음,단일로 - 기타,화물,남,53세,상해없음,승용,남,32세,경상
2015043000100390,2015년 4월 30일 15시,목요일,충청남도 서산시 운산면,중상사고,0,1,0,0,차대차 - 측면직각충돌,직진우회전진행방해,건조,맑음,교차로 - 교차로안,원동기,남,77세,중상,화물,남,57세,상해없음
2015043000100391,2015년 4월 30일 15시,목요일,충청남도 당진시 합덕읍,경상사고,0,0,1,0,차대차 - 측면직각충돌,교차로운행방법위반,건조,맑음,교차로 - 교차로안,화물,여,55세,상해없음,승용,남,56세,경상
2015043000100431,2015년 4월 30일 16시,목요일,충청남도 보령시 요암동,사망사고,1,0,0,0,차대사람 - 횡단중,신호위반,건조,맑음,교차로 - 교차로안,승용,남,59세,상해없음,보행자,남,13세,사망
2015043000100433,2015년 4월 30일 16시,목요일,충청남도 예산군 삽교읍,부상신고사고,0,0,0,1,차량단독 - 전도전복,안전운전불이행,건조,맑음,교차로 - 교차로안,원동기,남,52세,부상신고,,,,
2015043000100434,2015년 4월 30일 16시,목요일,충청남도 천안시 동남구 원성동,중상사고,0,1,0,0,차대차 - 추돌 - 진행중,안전운전불이행,건조,맑음,단일로 - 기타,승용,남,18세,상해없음,승용,여,54세,중상
2015043000100435,2015년 4월 30일 16시,목요일,충청남도 천안시 동남구 풍세면,경상사고,0,0,5,0,차대차 - 측면직각충돌,안전거리미확보,건조,맑음,단일로 - 기타,특수,남,38세,상해없음,승용,남,21세,경상
2015043000100483,2015년 4월 30일 17시,목요일,충청남도 아산시 모종동,중상사고,0,1,0,0,차대차 - 측면직각충돌,기타,건조,맑음,교차로 - 교차로안,이륜,남,17세,중상,승용,남,37세,상해없음
2015043000100522,2015년 4월 30일 18시,목요일,충청남도 보령시 남곡동,중상사고,0,1,2,0,차대차 - 측면직각충돌,안전거리미확보,건조,맑음,교차로 - 교차로부근,승용,여,25세,상해없음,화물,남,53세,경상
2015043000100524,2015년 4월 30일 18시,목요일,충청남도 당진시 채운동,중상사고,0,1,0,0,차대사람 - 보도통행중,신호위반,건조,맑음,단일로 - 기타,승용,여,41세,상해없음,보행자,남,47세,중상
2015043000100564,2015년 4월 30일 19시,목요일,충청남도 논산시 부적면,중상사고,0,2,1,0,차대차 - 측면직각충돌,교차로운행방법위반,건조,맑음,교차로 - 교차로안,승용,남,35세,중상,화물,남,69세,경상
2015043000100565,2015년 4월 30일 19시,목요일,충청남도 부여군 부여읍,경상사고,0,0,1,0,차대사람 - 횡단중,보행자보호의무위반,건조,맑음,교차로 - 교차로부근,이륜,남,42세,상해없음,보행자,남,73세,경상
2015043000100600,2015년 4월 30일 20시,목요일,충청남도 서산시 수석동,중상사고,0,1,0,0,차대차 - 추돌 - 진행중,차로위반,건조,맑음,단일로 - 기타,승용,여,37세,상해없음,승용,여,29세,중상
2015043000100645,2015년 4월 30일 21시,목요일,충청남도 논산시 취암동,경상사고,0,0,1,0,차대차 - 측면직각충돌,교차로운행방법위반,건조,맑음,교차로 - 교차로안,승용,여,55세,상해없음,승용,남,20세,상해없음