사고번호,사고일시,요일,시군구,사고내용,사망자수,중상자수,경상자수,부상신고자수,사고유형,법규위반,노면상태,기상상태,도로형태,가해운전자 차종,가해운전자 성별,가해운전자 연령,가해운전자 상해정도,피해운전자 차종,피해운전자 성별,피해운전자 연령,피해운전자 상해정도
2015043000100682,2015년 4월 30일 22시,목요일,충청남도 아산시 염치읍,중상사고,0,3,1,0,차량단독 - 도로외이탈 - 추락,안전운전불이행,건조,맑음,단일로 - 기타,승용,남,34세,중상,,,,
2015043000100720,2015년 4월 30일 23시,목요일,충청남도 서산시 읍내동,경상사고,0,0,1,0,차대사람 - 길가장자리구역통행중,안전운전불이행,습기,비,단일로 - 기타,승용,여,39세,상해없음,보행자,남,37세,경상
2015043000100722,2015년 4월 30일 23시,목요일,충청남도 예산군 오가면,경상사고,0,0,4,0,차대차 - 추돌 - 진행중,안전운전불이행,건조,맑음,단일로 - 기타,승용,여,50세,상해없음,승용,남,34세,경상
2015050100100020,2015년 5월 1일 00시,금요일,충청남도 서산시 석남동,경상사고,0,0,2,0,차대차 - 측면직각충돌,중앙선침범,건조,맑음,단일로 - 기타,승용,남,27세,상해없음,승용,남,32세,경상
2015050100100021,2015년 5월 1일 00시,금요일,충청남도 천안시 서북구 두정동,경상사고,0,0,1,0,차대사람 - 길가장자리구역통행중,안전운전불이행,건조,맑음,단일로 - 기타,승합,남,44세,상해없음,보행자,여,24세,경상
2015050100100080,2015년 5월 1일 03시,금요일,충청남도 서산시 해미면,중상사고,0,2,0,0,차대사람 - 길가장자리구역통행중,안전운전불이행,건조,맑음,단일로 - 기타,원동기,남,22세,상해없음,보행자,남,23세,중상
2015050100100128,2015년 5월 1일 07시,금요일,충청남도 천안시 서북구 성정동,경상사고,0,0,1,0,차대차 - 측면직각충돌,안전거리미확보,건조,맑음,교차로 - 교차로부근,승용,남,26세,상해없음,화물,남,46세,경상
2015050100100153,2015년 5월 1일 08시,금요일,충청남도 천안시 서북구 업성동,경상사고,0,0,1,0,차량단독 - 도로외이탈 - 추락,안전운전불이행,건조,맑음,단일로 - 기타,승용,여,47세,경상,,,,
2015050100100154,2015년 5월 1일 08시,금요일,충청남도 청양군 청양읍,중상사고,0,1,0,0,차대차 - 측면직각충돌,직진우회전진행방해,건조,맑음,교차로 - 교차로안,이륜,남,64세,중상,승용,남,58세,상해없음
2015050100100155,2015년 5월 1일 08시,금요일,충청남도 천안시 동남구 원성동,중상사고,0,1,0,0,차대사람 - 횡단중,안전운전불이행,건조,맑음,교차로 - 교차로안,승용,남,33세,상해없음,보행자,여,70세,중상
2015050100100305,2015년 5월 1일 12시,금요일,충청남도 태안군 근흥면,중상사고,0,3,0,0,차량단독 - 도로외이탈 - 기타,안전운전불이행,건조,맑음,단일로 - 기타,승용,여,66세,상해없음,,,,
2015050100100306,2015년 5월 1일 12시,금요일,충청남도 태안군 태안읍,중상사고,0,1,0,0,차대차 - 추돌 - 주정차중,안전운전불이행,건조,맑음,단일로 - 기타,화물,남,76세,상해없음,화물,남,63세,기타불명
2015050100100307,2015년 5월 1일 12시,금요일,충청남도 천안시 동남구 풍세면,경상사고,0,0,1,0,차대차 - 기타,안전운전불이행,건조,맑음,단일로 - 기타,화물,남,47세,상해없음,이륜,남,61세,경상
2015050100100308,2015년 5월 1일 12시,금요일,충청남도 천안시 동남구 원성동,중상사고,0,3,1,0,차대차 - 측면직각충돌,안전운전불이행,건조,맑음,교차로 - 교차로안,승용,남,44세,상해없음,승합,남,67세,경상
2015050100100309,2015년 5월 1일 12시,금요일,충청남도 천안시 동남구 광덕면,경상사고,0,0,2,0,차대차 - 추돌 - 주정차중,안전운전불이행,건조,맑음,교차로 - 교차로부근,화물,남,54세,상해없음,승용,남,47세,경상
2015050100100341,2015년 5월 1일 13시,금요일,충청남도 천안시 서북구 쌍용동,중상사고,0,1,0,0,차대차 - 측면직각충돌,안전운전불이행,건조,맑음,단일로 - 기타,승용,여,31세,상해없음,자전거,남,25세,중상
2015050100100342,2015년 5월 1일 13시,금요일,충청남도 아산시 영인면,중상사고,0,1,1,0,차대사람 - 횡단중,안전운전불이행,건조,맑음,단일로 - 기타,승용,여,43세,상해없음,보행자,여,35세,경상
2015050100100343,2015년 5월 1일 13시,금요일,충청남도 공주시 신풍면,중상사고,0,1,0,0,차대사람 - 차도통행중,안전운전불이행,건조,맑음,단일로 - 기타,승용,남,61세,기타불명,보행자,여,75세,중상
2015050100100345,2015년 5월 1일 13시,금요일,충청남도 당진시 면천면,경상사고,0,0,1,0,차대차 - 정면충돌,안전운전불이행,건조,맑음,단일로 - 기타,화물,남,63세,상해없음,화물,남,72세,경상
2015050100100455,2015년 5월 1일 16시,금요일,충청남도 아산시 온천동,중상사고,0,1,0,0,차대사람 - 길가장자리구역통행중,안전운전불이행,건조,맑음,단일로 - 기타,승용,남,70세,상해없음,보행자,여,13세,중상
2015050100100456,2015년 5월 1일 16시,금요일,충청남도 공주시 유구읍,중상사고,0,1,0,0,차대차 - 측면직각충돌,안전운전불이행,건조,맑음,교차로 - 교차로안,승용,남,39세,기타불명,승용,남,56세,중상
2015050100100457,2015년 5월 1일 16시,금요일,충청남도 청양군 운곡면,사망사고,2,2,0,0,차량단독 - 도로외이탈 - 기타,안전운전불이행,건조,맑음,단일로 - 기타,승용,남,21세,중상,,,,
2015050100100512,2015년 5월 1일 17시,금요일,충청남도 서산시 대산읍,중상사고,0,1,2,0,차대차 - 추돌 - 진행중,안전운전불이행,건조,맑음,단일로 - 기타,승합,남,42세,상해없음,승용,남,60세,중상
2015050100100513,2015년 5월 1일 17시,금요일,충청남도 천안시 서북구 성정동,경상사고,0,0,1,0,차대차 - 기타,안전운전불이행,건조,맑음,교차로 - 교차로부근,승용,남,34세,상해없음,승용,남,48세,경상
2015050100100514,2015년 5월 1일 17시,금요일,충청남도 공주시 정안면,경상사고,0,0,1,0,차대사람 - 보도통행중,안전운전불이행,건조,맑음,단일로 - 기타,승합,남,38세,기타불명,보행자,남,35세,경상
2015050100100601,2015년 5월 1일 19시,금요일,충청남도 천안시 서북구 성정동,경상사고,0,0,1,0,차대차 - 기타,교차로운행방법위반,건조,맑음,교차로 - 교차로안,승합,남,38세,상해없음,원동기,남,41세,경상
2015050100100602,2015년 5월 1일 19시,금요일,충청남도 천안시 서북구 쌍용동,경상사고,0,0,1,0,차대차 - 기타,안전운전불이행,건조,맑음,단일로 - 기타,승용,남,33세,상해없음,승용,여,37세,경상
2015050100100603,2015년 5월 1일 19시,금요일,충청남도 공주시 신관동,중상사고,0,1,0,0,차대사람 - 횡단중,안전운전불이행,건조,맑음,단일로 - 기타,화물,남,41세,기타불명,보행자,남,80세,중상
2015050100100661,2015년 5월 1일 21시,금요일,충청남도 아산시 음봉면,경상사고,0,0,7,0,차대차 - 추돌 - 진행중,신호위반,건조,맑음,교차로 - 교차로안,승용,남,50세,상해없음,승용,남,22세,상해없음
2015050100100694,2015년 5월 1일 22시,금요일,충청남도 부여군 부여읍,중상사고,0,1,0,0,차대차 - 측면직각충돌,안전운전불이행,건조,맑음,교차로 - 교차로부근,승용,남,44세,상해없음,자전거,남,15세,중상
2015050100100720,2015년 5월 1일 23시,금요일,충청남도 아산시 영인면,경상사고,0,0,2,0,차대차 - 추돌 - 진행중,안전운전불이행,건조,맑음,단일로 - 기타,승용,남,23세,기타불명,화물,남,36세,경상
2015050200100011,2015년 5월 2일 00시,토요일,충청남도 아산시 읍내동,경상사고,0,0,2,0,차대차 - 정면충돌,중앙선침범,건조,맑음,단일로 - 기타,승용,남,38세,상해없음,승용,여,27세,경상
2015050200100029,2015년 5월 2일 01시,토요일,충청남도 아산시 방축동,경상사고,0,0,1,0,차대차 - 측면직각충돌,신호위반,건조,맑음,교차로 - 교차로안,승용,남,25세,상해없음,화물,남,50세,경상
2015050200100030,2015년 5월 2일 01시,토요일,충청남도 예산군 오가면,경상사고,0,0,2,0,차량단독 - 공작물충돌,안전운전불이행,건조,맑음,기타 - 기타,승용,남,19세,상해없음,,,,
2015050200100042,2015년 5월 2일 02시,토요일,충청남도 천안시 동남구 원성동,중상사고,0,1,0,0,차대사람 - 차도통행중,안전운전불이행,건조,맑음,단일로 - 기타,승용,남,32세,상해없음,보행자,남,66세,중상
2015050200100120,2015년 5월 2일 08시,토요일,충청남도 태안군 안면읍,경상사고,0,0,2,0,차대차 - 측면직각충돌,안전운전불이행,건조,맑음,교차로 - 교차로부근,승용,여,28세,상해없음,승용,남,32세,경상
2015050200100121,2015년 5월 2일 08시,토요일,충청남도 아산시 배미동,중상사고,0,1,0,0,차대차 - 추돌 - 진행중,안전운전불이행,건조,맑음,단일로 - 기타,승용,남,58세,상해없음,이륜,여,65세,중상
2015050200100181,2015년 5월 2일 10시,토요일,충청남도 천안시 서북구 입장면,중상사고,0,2,1,0,차대차 - 측면직각충돌,중앙선침범,건조,맑음,교차로 - 교차로부근,승용,남,64세,중상,화물,남,37세,경상
2015050200100182,2015년 5월 2일 10시,토요일,충청남도 논산시 화지동,중상사고,0,1,0,0,차대차 - 추돌 - 주정차중,안전운전불이행,건조,맑음,단일로 - 기타,승용,남,51세,상해없음,승용,여,39세,상해없음
2015050200100183,2015년 5월 2일 10시,토요일,충청남도 청양군 청양읍,경상사고,0,0,3,0,차대차 - 측면직각충돌,안전운전불이행,건조,맑음,교차로 - 교차로안,승용,여,52세,경상,승용,남,38세,경상
2015050200100219,2015년 5월 2일 11시,토요일,충청남도 천안시 동남구 목천읍,경상사고,0,0,1,0,차대차 - 측면직각충돌,안전운전불이행,건조,맑음,단일로 - 기타,자전거,남,15세,경상,화물,남,48세,상해없음
2015050200100292,2015년 5월 2일 13시,토요일,충청남도 논산시 반월동,경상사고,0,0,1,0,차대사람 - 횡단중,안전운전불이행,건조,맑음,단일로 - 기타,승용,남,55세,상해없음,보행자,남,6세,경상
2015050200100293,2015년 5월 2일 13시,토요일,충청남도 홍성군 광천읍,중상사고,0,1,0,0,차대차 - 정면충돌,안전운전불이행,건조,맑음,단일로 - 기타,승용,여,50세,상해없음,원동기,여,74세,중상
2015050200100294,2015년 5월 2일 13시,토요일,충청남도 아산시 용화동,경상사고,0,0,1,0,차대차 - 기타,안전운전불이행,건조,맑음,교차로 - 교차로부근,자전거,남,7세,경상,승용,남,34세,상해없음
2015050200100296,2015년 5월 2일 13시,토요일,충청남도 금산군 금산읍,경상사고,0,0,1,0,차대차 - 측면직각충돌,교차로운행방법위반,건조,맑음,교차로 - 교차로안,승용,여,30세,상해없음,이륜,남,23세,경상
2015050200100369,2015년 5월 2일 15시,토요일,충청남도 아산시 배방읍,중상사고,0,1,0,0,차대사람 - 횡단중,보행자보호의무위반,건조,맑음,교차로 - 교차로안,승용,여,37세,상해없음,보행자,여,58세,중상
2015050200100421,2015년 5월 2일 16시,토요일,충청남도 서산시 지곡면,중상사고,0,1,0,0,차량단독 - 전도전복,안전운전불이행,건조,맑음,단일로 - 기타,원동기,남,62세,중상,,,,
2015050200100422,2015년 5월 2일 16시,토요일,충청남도 청양군 화성면,경상사고,0,0,1,0,차량단독 - 공작물충돌,안전운전불이행,건조,맑음,단일로 - 기타,승용,여,62세,경상,,,,
2015050200100461,2015년 5월 2일 17시,토요일,충청남도 천안시 서북구 직산읍,경상사고,0,0,1,0,차대차 - 기타,안전운전불이행,건조,맑음,교차로 - 교차로부근,이륜,남,37세,경상,승용,남,36세,상해없음
2015050200100538,2015년 5월 2일 19시,토요일,충청남도 금산군 금산읍,경상사고,0,0,1,0,차대사람 - 횡단중,안전운전불이행,건조,맑음,단일로 - 기타,승용,남,46세,상해없음,보행자,남,7세,경상
2015050200100584,2015년 5월 2일 20시,토요일,충청남도 공주시 신관동,중상사고,0,1,0,0,차대사람 - 횡단중,안전운전불이행,건조,맑음,단일로 - 기타,이륜,남,19세,상해없음,보행자,남,66세,중상
2015050200100611,2015년 5월 2일 21시,토요일,충청남도 홍성군 은하면,중상사고,0,1,3,0,차대차 - 정면충돌,중앙선침범,건조,맑음,단일로 - 기타,승용,여,57세,경상,승용,남,29세,경상
2015050200100612,2015년 5월 2일 21시,토요일,충청남도 당진시 석문면,경상사고,0,0,1,0,차대사람 - 차도통행중,안전운전불이행,습기,비,단일로 - 기타,승용,남,30세,상해없음,보행자,여,64세,경상
2015050200100659,2015년 5월 2일 22시,토요일,충청남도 보령시 신흑동,중상사고,0,1,0,0,차대사람 - 횡단중,안전운전불이행,습기,비,단일로 - 기타,승용,남,27세,상해없음,보행자,여,77세,중상
2015050200100660,2015년 5월 2일 22시,토요일,충청남도 천안시 동남구 청수동,경상사고,0,0,1,0,차대차 - 측면직각충돌,안전운전불이행,습기,비,단일로 - 기타,승용,남,24세,상해없음,이륜,남,44세,경상
2015050200100701,2015년 5월 2일 23시,토요일,충청남도 천안시 동남구 목천읍,부상신고사고,0,0,0,1,차대차 - 측면직각충돌,중앙선침범,건조,맑음,단일로 - 기타,기타불명,기타불명,기타불명,기타불명,승용,남,52세,부상신고
2015050300100015,2015년 5월 3일 00시,일요일,충청남도 천안시 서북구 두정동,경상사고,0,0,1,0,차대사람 - 길가장자리구역통행중,안전운전불이행,습기,비,단일로 - 기타,승용,여,21세,기타불명,보행자,남,18세,경상
2015050300100016,2015년 5월 3일 00시,일요일,충청남도 천안시 서북구 두정동,경상사고,0,0,1,0,차대차 - 측면직각충돌,안전운전불이행,습기,비,단일로 - 기타,승용,여,31세,기타불명,이륜,남,39세,경상
2015050300100017,2015년 5월 3일 00시,일요일,충청남도 천안시 동남구 청당동,경상사고,0,0,1,0,차대차 - 측면직각충돌,신호위반,건조,맑음,교차로 - 교차로안,승용,남,37세,상해없음,승용,남,28세,경상
2015050300100067,2015년 5월 3일 02시,일요일,충청남도 당진시 송악읍,경상사고,0,0,2,0,차대차 - 측면직각충돌,교차로운행방법위반,습기,비,교차로 - 교차로안,승용,남,30세,상해없음,승용,여,50세,경상
2015050300100092,2015년 5월 3일 03시,일요일,충청남도 천안시 서북구 두정동,경상사고,0,0,2,0,차대차 - 측면직각충돌,신호위반,습기,비,교차로 - 교차로안,승용,여,52세,기타불명,승용,남,27세,경상
2015050300100135,2015년 5월 3일 06시,일요일,충청남도 공주시 신풍면,경상사고,0,0,2,0,차대차 - 측면직각충돌,안전운전불이행,건조,맑음,단일로 - 기타,화물,남,69세,상해없음,화물,남,33세,경상
2015050300100143,2015년 5월 3일 07시,일요일,충청남도 천안시 서북구 직산읍,경상사고,0,0,1,0,차대차 - 추돌 - 주정차중,안전운전불이행,습기,비,교차로 - 교차로부근,승용,여,56세,상해없음,승용,남,37세,경상
2015050300100192,2015년 5월 3일 10시,일요일,충청남도 계룡시 엄사면,경상사고,0,0,4,0,차대차 - 추돌 - 주정차중,안전운전불이행,건조,맑음,교차로 - 교차로부근,화물,남,61세,상해없음,승용,남,42세,경상
2015050300100215,2015년 5월 3일 11시,일요일,충청남도 태안군 태안읍,경상사고,0,0,1,0,차대차 - 기타,안전운전불이행,습기,흐림,단일로 - 기타,승용,남,47세,상해없음,승용,남,40세,기타불명
2015050300100233,2015년 5월 3일 12시,일요일,충청남도 보령시 청소면,경상사고,0,0,1,0,차대차 - 추돌 - 주정차중,안전운전불이행,습기,비,교차로 - 교차로안,화물,남,54세,상해없음,승용,남,43세,상해없음
2015050300100234,2015년 5월 3일 12시,일요일,충청남도 금산군 금산읍,경상사고,0,0,2,0,차대차 - 추돌 - 진행중,안전거리미확보,건조,맑음,단일로 - 기타,승용,여,53세,상해없음,승용,여,53세,경상
2015050300100274,2015년 5월 3일 14시,일요일,충청남도 논산시 가야곡면,중상사고,0,1,0,0,차대차 - 측면직각충돌,안전운전불이행,건조,맑음,단일로 - 기타,화물,남,63세,상해없음,기타불명,여,81세,중상
2015050300100275,2015년 5월 3일 14시,일요일,충청남도 예산군 광시면,중상사고,0,1,0,0,차량단독 - 전도전복,안전운전불이행,건조,맑음,단일로 - 기타,이륜,남,35세,중상,,,,
2015050300100276,2015년 5월 3일 14시,일요일,충청남도 당진시 석문면,중상사고,0,1,0,0,차대사람 - 길가장자리구역통행중,안전운전불이행,건조,흐림,단일로 - 기타,승합,남,41세,상해없음,보행자,남,31세,중상
2015050300100334,2015년 5월 3일 16시,일요일,충청남도 당진시 채운동,중상사고,0,1,1,1,차대차 - 추돌 - 진행중,안전운전불이행,습기,비,단일로 - 기타,승용,남,41세,상해없음,승용,남,60세,부상신고
2015050300100369,2015년 5월 3일 17시,일요일,충청남도 당진시 석문면,경상사고,0,0,1,0,차대사람 - 기타,안전운전불이행,건조,맑음,단일로 - 기타,승합,여,66세,상해없음,보행자,여,8세,경상
2015050300100370,2015년 5월 3일 17시,일요일,충청남도 당진시 대호지면,경상사고,0,0,1,0,차대차 - 측면직각충돌,안전운전불이행,건조,흐림,단일로 - 기타,승용,남,46세,상해없음,승용,남,71세,경상
2015050300100403,2015년 5월 3일 18시,일요일,충청남도 당진시 송악읍,경상사고,0,0,1,0,차대차 - 추돌 - 진행중,안전거리미확보,건조,맑음,교차로 - 교차로부근,승용,남,51세,상해없음,특수,남,42세,경상
2015050300100427,2015년 5월 3일 19시,일요일,충청남도 서산시 읍내동,중상사고,0,2,3,0,차대차 - 측면직각충돌,신호위반,건조,흐림,교차로 - 교차로안,승용,여,21세,경상,화물,남,42세,경상
2015050300100467,2015년 5월 3일 20시,일요일,충청남도 논산시 성동면,경상사고,0,0,1,0,차대차 - 측면직각충돌,교차로운행방법위반,습기,비,교차로 - 교차로안,이륜,남,30세,경상,승용,여,43세,상해없음
2015050300100501,2015년 5월 3일 21시,일요일,충청남도 아산시 인주면,경상사고,0,0,1,0,차대차 - 추돌 - 진행중,안전운전불이행,건조,흐림,단일로 - 기타,승용,남,27세,상해없음,승용,여,39세,경상
2015050300100536,2015년 5월 3일 23시,일요일,충청남도 서천군 마서면,경상사고,0,0,1,0,차대차 - 기타,신호위반,건조,맑음,교차로 - 교차로안,승용,남,37세,상해없음,승용,남,26세,경상
2015050400100043,2015년 5월 4일 06시,월요일,충청남도 당진시 송악읍,경상사고,0,0,2,0,차대차 - 추돌 - 진행중,안전거리미확보,습기,안개,단일로 - 기타,승용,남,27세,경상,승용,남,56세,경상
2015050400100068,2015년 5월 4일 07시,월요일,충청남도 홍성군 홍북면,중상사고,0,2,1,0,차대차 - 측면직각충돌,신호위반,건조,맑음,교차로 - 교차로안,승용,남,53세,중상,화물,남,59세,중상
2015050400100100,2015년 5월 4일 08시,월요일,충청남도 보령시 웅천읍,경상사고,0,0,1,0,차대차 - 기타,안전운전불이행,건조,맑음,교차로 - 교차로안,이륜,남,76세,경상,승용,여,58세,상해없음
2015050400100206,2015년 5월 4일 11시,월요일,충청남도 논산시 성동면,중상사고,0,1,0,0,차대차 - 측면직각충돌,안전운전불이행,건조,맑음,단일로 - 기타,승용,여,28세,상해없음,이륜,여,67세,중상
2015050400100207,2015년 5월 4일 11시,월요일,충청남도 논산시 연산면,중상사고,0,1,0,0,차대차 - 측면직각충돌,안전운전불이행,건조,맑음,교차로 - 교차로부근,승용,남,25세,상해없음,이륜,남,84세,중상
2015050400100255,2015년 5월 4일 12시,월요일,충청남도 논산시 강경읍,경상사고,0,0,1,0,차대차 - 측면직각충돌,안전운전불이행,건조,맑음,단일로 - 기타,화물,남,66세,상해없음,자전거,여,66세,경상
2015050400100256,2015년 5월 4일 12시,월요일,충청남도 공주시 신관동,중상사고,0,1,0,0,차대사람 - 횡단중,보행자보호의무위반,건조,맑음,교차로 - 교차로부근,승용,남,34세,상해없음,보행자,여,15세,중상
2015050400100300,2015년 5월 4일 13시,월요일,충청남도 태안군 태안읍,부상신고사고,0,0,0,1,차대차 - 추돌 - 진행중,안전운전불이행,건조,맑음,단일로 - 기타,원동기,남,33세,부상신고,승용,남,69세,상해없음
2015050400100346,2015년 5월 4일 14시,월요일,충청남도 서산시 해미면,중상사고,0,1,0,0,차대사람 - 길가장자리구역통행중,안전운전불이행,건조,맑음,단일로 - 기타,승용,여,63세,상해없음,보행자,여,76세,중상
2015050400100347,2015년 5월 4일 14시,월요일,충청남도 보령시 성주면,경상사고,0,0,1,0,차량단독 - 전도전복,안전운전불이행,건조,맑음,단일로 - 기타,화물,남,69세,경상,,,,
2015050400100392,2015년 5월 4일 15시,월요일,충청남도 천안시 동남구 병천면,경상사고,0,0,1,0,차대차 - 추돌 - 진행중,중앙선침범,건조,맑음,단일로 - 기타,승용,여,60세,상해없음,승용,여,44세,상해없음
2015050400100396,2015년 5월 4일 15시,월요일,충청남도 서산시 운산면,경상사고,0,0,1,1,차대차 - 추돌 - 주정차중,안전운전불이행,건조,맑음,단일로 - 기타,승용,남,39세,상해없음,승용,남,56세,경상
2015050400100437,2015년 5월 4일 16시,월요일,충청남도 논산시 가야곡면,경상사고,0,0,1,0,차대차 - 기타,안전운전불이행,건조,맑음,단일로 - 기타,화물,남,44세,상해없음,승용,남,36세,경상
2015050400100466,2015년 5월 4일 17시,월요일,충청남도 서산시 음암면,사망사고,1,0,0,0,차량단독 - 도로외이탈 - 추락,안전운전불이행,건조,맑음,교차로 - 교차로부근,농기계,남,77세,사망,,,,
2015050400100515,2015년 5월 4일 18시,월요일,충청남도 서산시 대산읍,경상사고,0,0,1,0,차대차 - 추돌 - 주정차중,신호위반,건조,맑음,교차로 - 교차로안,승합,남,61세,상해없음,승용,여,21세,경상
2015050400100516,2015년 5월 4일 18시,월요일,충청남도 천안시 서북구 두정동,경상사고,0,0,1,0,차대차 - 추돌 - 진행중,교차로운행방법위반,건조,맑음,교차로 - 교차로부근,승용,남,23세,상해없음,승용,남,47세,경상
2015050400100517,2015년 5월 4일 18시,월요일,충청남도 홍성군 갈산면,경상사고,0,0,2,0,차대차 - 정면충돌,교차로운행방법위반,건조,맑음,교차로 - 교차로안,승용,여,53세,경상,화물,남,55세,경상
2015050400100573,2015년 5월 4일 19시,월요일,충청남도 홍성군 홍성읍,경상사고,0,0,1,0,차대사람 - 횡단중,안전운전불이행,건조,맑음,단일로 - 기타,승용,여,46세,상해없음,보행자,여,59세,경상
2015050400100574,2015년 5월 4일 19시,월요일,충청남도 금산군 복수면,중상사고,0,1,3,0,차대차 - 정면충돌,중앙선침범,건조,맑음,단일로 - 기타,승용,남,56세,경상,승용,남,31세,경상
2015050400100575,2015년 5월 4일 19시,월요일,충청남도 천안시 동남구 신방동,경상사고,0,0,3,0,차대차 - 추돌 - 주정차중,안전운전불이행,건조,맑음,단일로 - 기타,승용,남,51세,상해없음,승용,여,38세,경상
2015050400100637,2015년 5월 4일 21시,월요일,충청남도 금산군 금산읍,경상사고,0,0,3,0,차대차 - 측면직각충돌,교차로운행방법위반,건조,맑음,교차로 - 교차로안,이륜,남,68세,경상,이륜,남,46세,경상
2015050400100663,2015년 5월 4일 22시,월요일,충청남도 태안군 안면읍,중상사고,0,1,0,0,차대차 - 측면직각충돌,안전운전불이행,건조,맑음,단일로 - 기타,이륜,여,48세,중상,승용,남,39세,상해없음
2015050400100664,2015년 5월 4일 22시,월요일,충청남도 천안시 서북구 성정동,중상사고,0,1,0,0,차대차 - 측면직각충돌,중앙선침범,건조,맑음,단일로 - 기타,승용,남,22세,상해없음,승용,남,55세,중상
2015050400100665,2015년 5월 4일 22시,월요일,충청남도 홍성군 홍성읍,경상사고,0,0,2,0,차대차 - 측면직각충돌,교차로운행방법위반,건조,맑음,교차로 - 교차로안,승용,남,28세,상해없음,승합,남,74세,경상
2015050400100668,2015년 5월 4일 22시,월요일,충청남도 천안시 동남구 신부동,중상사고,0,1,0,0,차대차 - 추돌 - 진행중,중앙선침범,건조,맑음,단일로 - 기타,승용,남,62세,상해없음,이륜,남,17세,중상
2015050400100692,2015년 5월 4일 23시,월요일,충청남도 천안시 서북구 성정동,경상사고,0,0,1,0,차대차 - 측면직각충돌,신호위반,건조,맑음,교차로 - 교차로안,승용,남,49세,상해없음,승용,남,52세,상해없음
2015050400100693,2015년 5월 4일 23시,월요일,충청남도 보령시 신흑동,경상사고,0,0,2,0,차대차 - 측면직각충돌,직진우회전진행방해,건조,맑음,교차로 - 교차로안,승용,여,45세,경상,승용,여,53세,경상
2015050500100013,2015년 5월 5일 00시,화요일,충청남도 천안시 서북구 쌍용동,중상사고,0,1,0,0,차대차 - 추돌 - 진행중,안전운전불이행,건조,맑음,단일로 - 기타,승용,여,46세,상해없음,승용,여,38세,중상
2015050500100014,2015년 5월 5일 00시,화요일,충청남도 보령시 미산면,경상사고,0,0,1,0,차량단독 - 공작물충돌,안전운전불이행,건조,맑음,단일로 - 기타,승용,남,33세,상해없음,,,,
2015050500100050,2015년 5월 5일 02시,화요일,충청남도 서산시 해미면,중상사고,0,1,0,0,차량단독 - 공작물충돌,안전운전불이행,건조,맑음,단일로 - 기타,승용,남,33세,상해없음,,,,
2015050500100082,2015년 5월 5일 05시,화요일,충청남도 아산시 배방읍,경상사고,0,0,2,0,차량단독 - 기타,안전운전불이행,건조,맑음,단일로 - 기타,승용,남,49세,상해없음,,,,
2015050500100093,2015년 5월 5일 06시,화요일,충청남도 천안시 서북구 백석동,경상사고,0,0,1,0,차대차 - 측면직각충돌,안전운전불이행,건조,맑음,교차로 - 교차로안,승용,남,37세,상해없음,원동기,남,60세,경상
2015050500100094,2015년 5월 5일 06시,화요일,충청남도 천안시 서북구 성정동,경상사고,0,0,2,0,차대차 - 측면직각충돌,안전운전불이행,건조,맑음,교차로 - 교차로안,승용,남,28세,상해없음,승합,남,36세,경상
2015050500100123,2015년 5월 5일 08시,화요일,충청남도 예산군 예산읍,중상사고,0,1,0,0,차대차 - 기타,안전운전불이행,건조,맑음,교차로 - 교차로안,승합,남,67세,상해없음,자전거,남,72세,중상
2015050500100155,2015년 5월 5일 10시,화요일,충청남도 당진시 합덕읍,중상사고,0,1,0,0,차대차 - 추돌 - 진행중,안전운전불이행,건조,맑음,교차로 - 교차로안,승용,남,26세,상해없음,이륜,남,71세,중상
2015050500100156,2015년 5월 5일 10시,화요일,충청남도 금산군 진산면,경상사고,0,0,1,0,차대차 - 측면직각충돌,교차로운행방법위반,건조,맑음,교차로 - 교차로안,승용,남,46세,상해없음,이륜,남,76세,경상
2015050500100184,2015년 5월 5일 11시,화요일,충청남도 서산시 성연면,중상사고,0,1,0,0,차대차 - 측면직각충돌,안전운전불이행,건조,맑음,단일로 - 기타,승용,여,41세,상해없음,원동기,남,45세,중상
2015050500100185,2015년 5월 5일 11시,화요일,충청남도 천안시 서북구 성정동,경상사고,0,0,2,0,차대차 - 기타,신호위반,건조,맑음,교차로 - 교차로안,승용,여,42세,경상,승용,여,38세,경상
2015050500100223,2015년 5월 5일 12시,화요일,충청남도 논산시 상월면,중상사고,0,1,1,0,차대차 - 측면직각충돌,안전운전불이행,건조,맑음,단일로 - 기타,이륜,남,57세,중상,자전거,여,74세,경상
2015050500100262,2015년 5월 5일 13시,화요일,충청남도 논산시 연산면,경상사고,0,0,1,0,차대차 - 측면직각충돌,교차로운행방법위반,건조,맑음,교차로 - 교차로안,승용,남,65세,상해없음,승용,남,32세,경상
2015050500100321,2015년 5월 5일 15시,화요일,충청남도 태안군 원북면,경상사고,0,0,1,0,차대차 - 기타,중앙선침범,건조,맑음,단일로 - 기타,승합,남,52세,상해없음,승용,남,28세,경상
2015050500100323,2015년 5월 5일 15시,화요일,충청남도 예산군 예산읍,경상사고,0,0,3,0,차대차 - 추돌 - 주정차중,안전운전불이행,건조,맑음,단일로 - 기타,승용,남,20세,상해없음,승용,남,44세,경상
2015050500100325,2015년 5월 5일 15시,화요일,충청남도 천안시 동남구 신부동,경상사고,0,0,3,0,차대차 - 추돌 - 진행중,안전거리미확보,건조,맑음,단일로 - 기타,승용,남,44세,상해없음,승용,남,62세,경상