사고번호,사고일시,요일,시군구,사고내용,사망자수,중상자수,경상자수,부상신고자수,사고유형,법규위반,노면상태,기상상태,도로형태,가해운전자 차종,가해운전자 성별,가해운전자 연령,가해운전자 상해정도,피해운전자 차종,피해운전자 성별,피해운전자 연령,피해운전자 상해정도
2015050500100368,2015년 5월 5일 16시,화요일,충청남도 서천군 마서면,경상사고,0,0,5,0,차대차 - 측면직각충돌,신호위반,건조,맑음,교차로 - 교차로안,화물,남,63세,상해없음,승용,남,60세,경상
2015050500100369,2015년 5월 5일 16시,화요일,충청남도 천안시 동남구 신부동,경상사고,0,0,1,0,차대차 - 측면직각충돌,안전운전불이행,건조,맑음,교차로 - 교차로부근,승용,남,43세,기타불명,자전거,여,18세,경상
2015050500100406,2015년 5월 5일 17시,화요일,충청남도 논산시 취암동,경상사고,0,0,1,0,차대차 - 추돌 - 주정차중,안전운전불이행,건조,맑음,단일로 - 기타,이륜,남,21세,경상,승용,여,39세,상해없음
2015050500100408,2015년 5월 5일 17시,화요일,충청남도 천안시 동남구 신부동,경상사고,0,0,1,0,차대사람 - 횡단중,안전운전불이행,건조,맑음,교차로 - 교차로안,승용,남,37세,상해없음,보행자,여,48세,경상
2015050500100443,2015년 5월 5일 18시,화요일,충청남도 논산시 연산면,경상사고,0,0,2,0,차대차 - 추돌 - 주정차중,안전운전불이행,건조,맑음,단일로 - 기타,화물,남,55세,상해없음,승용,여,52세,경상
2015050500100444,2015년 5월 5일 18시,화요일,충청남도 천안시 동남구 원성동,부상신고사고,0,0,0,1,차대차 - 측면직각충돌,안전운전불이행,건조,맑음,교차로 - 교차로부근,승용,남,58세,상해없음,자전거,남,66세,부상신고
2015050500100470,2015년 5월 5일 19시,화요일,충청남도 논산시 성동면,경상사고,0,0,1,0,차량단독 - 공작물충돌,안전운전불이행,건조,맑음,단일로 - 기타,이륜,남,58세,경상,,,,
2015050500100471,2015년 5월 5일 19시,화요일,충청남도 보령시 궁촌동,중상사고,0,1,0,0,차대차 - 기타,신호위반,건조,맑음,교차로 - 교차로안,화물,여,28세,상해없음,승용,여,32세,중상
2015050500100535,2015년 5월 5일 21시,화요일,충청남도 천안시 서북구 쌍용동,경상사고,0,0,4,0,차대차 - 측면직각충돌,신호위반,건조,맑음,교차로 - 교차로안,승용,남,55세,상해없음,승용,남,26세,경상
2015050500100561,2015년 5월 5일 22시,화요일,충청남도 서산시 예천동,경상사고,0,0,1,0,차대차 - 측면직각충돌,안전운전불이행,건조,맑음,단일로 - 기타,승용,남,22세,상해없음,이륜,남,18세,경상
2015050500100562,2015년 5월 5일 22시,화요일,충청남도 천안시 동남구 신부동,경상사고,0,0,1,0,차대차 - 측면직각충돌,중앙선침범,건조,맑음,단일로 - 기타,승용,남,60세,상해없음,원동기,남,46세,경상
2015050500100579,2015년 5월 5일 23시,화요일,충청남도 아산시 배방읍,경상사고,0,0,1,0,차대차 - 추돌 - 진행중,안전운전불이행,건조,맑음,단일로 - 기타,승용,남,23세,상해없음,승용,남,38세,경상
2015050600100057,2015년 5월 6일 06시,수요일,충청남도 천안시 동남구 북면,사망사고,1,0,0,0,차대차 - 측면직각충돌,교차로운행방법위반,건조,맑음,교차로 - 교차로안,승용,여,35세,상해없음,원동기,남,70세,사망
2015050600100079,2015년 5월 6일 07시,수요일,충청남도 아산시 권곡동,중상사고,0,1,0,0,차대사람 - 횡단중,안전운전불이행,건조,맑음,교차로 - 교차로부근,화물,남,46세,상해없음,보행자,여,20세,중상
2015050600100080,2015년 5월 6일 07시,수요일,충청남도 아산시 둔포면,중상사고,0,1,0,0,차대차 - 기타,안전운전불이행,건조,맑음,미분류 - 미분류,화물,기타불명,기타불명,기타불명,승용,남,27세,중상
2015050600100124,2015년 5월 6일 08시,수요일,충청남도 천안시 서북구 백석동,경상사고,0,0,1,0,차대차 - 측면직각충돌,신호위반,건조,맑음,교차로 - 교차로안,승용,여,48세,상해없음,승용,남,55세,경상
2015050600100125,2015년 5월 6일 08시,수요일,충청남도 아산시 풍기동,경상사고,0,0,1,0,차대사람 - 횡단중,보행자보호의무위반,건조,맑음,교차로 - 교차로부근,승용,남,50세,상해없음,보행자,여,17세,경상
2015050600100126,2015년 5월 6일 08시,수요일,충청남도 아산시 염치읍,중상사고,0,1,0,0,차대차 - 측면직각충돌,안전운전불이행,건조,맑음,단일로 - 기타,건설기계,남,53세,상해없음,승용,남,67세,중상
2015050600100156,2015년 5월 6일 09시,수요일,충청남도 태안군 안면읍,사망사고,1,0,0,0,차대사람 - 길가장자리구역통행중,안전운전불이행,건조,맑음,교차로 - 교차로부근,승합,남,54세,상해없음,보행자,여,66세,사망
2015050600100157,2015년 5월 6일 09시,수요일,충청남도 천안시 동남구 안서동,경상사고,0,0,3,0,차대차 - 추돌 - 진행중,안전거리미확보,건조,맑음,단일로 - 기타,승용,남,60세,상해없음,승용,남,58세,경상
2015050600100244,2015년 5월 6일 12시,수요일,충청남도 홍성군 홍북면,중상사고,0,1,1,0,차대차 - 측면직각충돌,차로위반,건조,맑음,단일로 - 기타,화물,남,31세,상해없음,원동기,남,77세,중상
2015050600100276,2015년 5월 6일 13시,수요일,충청남도 금산군 추부면,경상사고,0,0,1,0,차대사람 - 횡단중,안전운전불이행,건조,맑음,교차로 - 교차로안,승용,남,59세,상해없음,보행자,여,20세,경상
2015050600100301,2015년 5월 6일 14시,수요일,충청남도 아산시 방축동,경상사고,0,0,1,0,차대차 - 측면직각충돌,중앙선침범,건조,맑음,단일로 - 기타,승용,여,67세,상해없음,이륜,여,67세,경상
2015050600100344,2015년 5월 6일 15시,수요일,충청남도 천안시 서북구 성성동,경상사고,0,0,2,0,차대차 - 측면직각충돌,안전운전불이행,건조,맑음,교차로 - 교차로안,승용,남,28세,상해없음,승용,남,45세,경상
2015050600100345,2015년 5월 6일 15시,수요일,충청남도 아산시 장존동,중상사고,0,1,0,0,차대사람 - 횡단중,안전운전불이행,건조,맑음,단일로 - 기타,승용,남,63세,상해없음,보행자,남,70세,중상
2015050600100346,2015년 5월 6일 15시,수요일,충청남도 당진시 송악읍,중상사고,0,1,0,0,차대차 - 측면직각충돌,안전운전불이행,건조,맑음,단일로 - 기타,승용,여,59세,상해없음,자전거,남,71세,중상
2015050600100347,2015년 5월 6일 15시,수요일,충청남도 청양군 청남면,경상사고,0,0,1,0,차량단독 - 공작물충돌,안전운전불이행,건조,맑음,단일로 - 기타,원동기,남,81세,경상,,,,
2015050600100416,2015년 5월 6일 17시,수요일,충청남도 천안시 서북구 두정동,경상사고,0,0,1,0,차대차 - 측면직각충돌,교차로운행방법위반,건조,맑음,교차로 - 교차로안,승용,여,29세,상해없음,자전거,남,12세,경상
2015050600100417,2015년 5월 6일 17시,수요일,충청남도 금산군 군북면,경상사고,0,0,1,0,차대차 - 측면직각충돌,중앙선침범,건조,맑음,단일로 - 기타,화물,남,45세,상해없음,승용,남,26세,경상
2015050600100452,2015년 5월 6일 18시,수요일,충청남도 논산시 부창동,경상사고,0,0,1,0,차대사람 - 횡단중,안전운전불이행,건조,맑음,단일로 - 횡단보도부근,승용,남,65세,상해없음,보행자,남,12세,경상
2015050600100453,2015년 5월 6일 18시,수요일,충청남도 논산시 취암동,중상사고,0,2,0,0,차대차 - 추돌 - 진행중,안전운전불이행,건조,맑음,교차로 - 교차로안,화물,남,22세,상해없음,화물,남,50세,중상
2015050600100454,2015년 5월 6일 18시,수요일,충청남도 천안시 동남구 청수동,부상신고사고,0,0,0,1,차대사람 - 횡단중,안전운전불이행,건조,맑음,교차로 - 교차로안,승용,남,61세,상해없음,보행자,남,29세,부상신고
2015050600100494,2015년 5월 6일 19시,수요일,충청남도 천안시 동남구 목천읍,사망사고,1,0,0,0,차대사람 - 횡단중,안전운전불이행,건조,맑음,단일로 - 기타,승용,남,66세,상해없음,보행자,남,69세,사망
2015050600100495,2015년 5월 6일 19시,수요일,충청남도 천안시 동남구 봉명동,부상신고사고,0,0,0,1,차대사람 - 횡단중,안전운전불이행,건조,맑음,교차로 - 교차로부근,기타불명,기타불명,기타불명,기타불명,보행자,여,16세,부상신고
2015050600100530,2015년 5월 6일 20시,수요일,충청남도 논산시 대교동,경상사고,0,0,1,0,차대차 - 기타,안전거리미확보,건조,맑음,교차로 - 교차로부근,승용,기타불명,기타불명,기타불명,승용,남,23세,경상
2015050600100531,2015년 5월 6일 20시,수요일,충청남도 아산시 용화동,중상사고,0,1,0,0,차대사람 - 횡단중,보행자보호의무위반,건조,흐림,단일로 - 횡단보도상,이륜,여,72세,상해없음,보행자,여,56세,중상
2015050600100565,2015년 5월 6일 21시,수요일,충청남도 홍성군 금마면,경상사고,0,0,1,0,차대사람 - 기타,안전운전불이행,건조,맑음,단일로 - 기타,화물,남,53세,상해없음,보행자,여,51세,경상
2015050600100566,2015년 5월 6일 21시,수요일,충청남도 보령시 남곡동,중상사고,0,1,1,0,차대차 - 기타,중앙선침범,건조,맑음,단일로 - 기타,승용,남,30세,상해없음,원동기,남,70세,경상
2015050600100567,2015년 5월 6일 21시,수요일,충청남도 예산군 고덕면,경상사고,0,0,1,0,차대차 - 추돌 - 진행중,안전운전불이행,건조,맑음,교차로 - 교차로부근,승용,남,33세,상해없음,승용,남,25세,경상
2015050600100623,2015년 5월 6일 23시,수요일,충청남도 보령시 신흑동,중상사고,0,1,0,0,차대차 - 기타,신호위반,건조,맑음,교차로 - 교차로안,승용,남,35세,상해없음,이륜,남,23세,중상
2015050600100624,2015년 5월 6일 23시,수요일,충청남도 천안시 동남구 수신면,경상사고,0,0,1,0,차대차 - 정면충돌,중앙선침범,건조,맑음,단일로 - 기타,승용,남,40세,상해없음,승용,남,32세,경상
2015050700100014,2015년 5월 7일 00시,목요일,충청남도 보령시 대천동,중상사고,0,1,0,0,차대사람 - 기타,안전운전불이행,건조,맑음,단일로 - 기타,승용,남,32세,상해없음,보행자,남,38세,중상
2015050700100015,2015년 5월 7일 00시,목요일,충청남도 서산시 해미면,사망사고,1,0,7,0,차량단독 - 공작물충돌,기타,건조,맑음,단일로 - 기타,승합,여,52세,경상,,,,
2015050700100078,2015년 5월 7일 06시,목요일,충청남도 천안시 서북구 성환읍,사망사고,1,2,1,0,차대차 - 추돌 - 진행중,안전운전불이행,건조,맑음,교차로 - 교차로안,화물,남,56세,상해없음,승용,남,58세,중상
2015050700100133,2015년 5월 7일 08시,목요일,충청남도 아산시 염치읍,중상사고,0,1,0,0,차대차 - 측면직각충돌,중앙선침범,건조,맑음,단일로 - 기타,승용,여,27세,상해없음,승용,남,29세,중상
2015050700100165,2015년 5월 7일 09시,목요일,충청남도 논산시 성동면,중상사고,0,1,0,0,차대차 - 측면직각충돌,교차로운행방법위반,건조,맑음,교차로 - 교차로안,승용,남,57세,상해없음,이륜,남,77세,중상
2015050700100194,2015년 5월 7일 10시,목요일,충청남도 천안시 서북구 두정동,경상사고,0,0,1,0,차대사람 - 횡단중,신호위반,건조,맑음,단일로 - 기타,승용,남,57세,상해없음,보행자,남,26세,경상
2015050700100222,2015년 5월 7일 11시,목요일,충청남도 논산시 부창동,경상사고,0,0,2,0,차대차 - 추돌 - 주정차중,안전운전불이행,건조,맑음,교차로 - 교차로부근,화물,남,60세,경상,승용,여,39세,경상
2015050700100223,2015년 5월 7일 11시,목요일,충청남도 보령시 성주면,경상사고,0,0,1,0,차대차 - 기타,안전운전불이행,건조,맑음,단일로 - 기타,승합,남,60세,상해없음,특수,남,40세,경상
2015050700100249,2015년 5월 7일 12시,목요일,충청남도 천안시 서북구 쌍용동,경상사고,0,0,1,0,차대차 - 측면직각충돌,안전운전불이행,건조,맑음,교차로 - 교차로부근,승용,남,49세,상해없음,승용,남,50세,경상
2015050700100250,2015년 5월 7일 12시,목요일,충청남도 서천군 서천읍,경상사고,0,0,1,0,차대차 - 기타,안전운전불이행,건조,맑음,기타 - 기타,승용,기타불명,기타불명,기타불명,자전거,남,29세,경상
2015050700100279,2015년 5월 7일 13시,목요일,충청남도 논산시 강경읍,경상사고,0,0,1,0,차대차 - 측면직각충돌,안전운전불이행,건조,맑음,교차로 - 교차로부근,승용,남,57세,상해없음,승용,남,71세,경상
2015050700100280,2015년 5월 7일 13시,목요일,충청남도 서천군 마서면,중상사고,0,1,1,0,차대차 - 기타,안전운전불이행,건조,맑음,단일로 - 기타,원동기,남,78세,중상,승용,남,51세,경상
2015050700100281,2015년 5월 7일 13시,목요일,충청남도 서천군 마서면,중상사고,0,1,0,0,차량단독 - 기타,안전운전불이행,건조,맑음,단일로 - 기타,승용,여,44세,중상,,,,
2015050700100343,2015년 5월 7일 15시,목요일,충청남도 태안군 태안읍,중상사고,0,1,1,0,차대사람 - 길가장자리구역통행중,안전운전불이행,건조,맑음,단일로 - 기타,승용,남,70세,상해없음,보행자,남,64세,중상
2015050700100344,2015년 5월 7일 15시,목요일,충청남도 홍성군 금마면,중상사고,0,1,0,0,차대차 - 기타,중앙선침범,건조,맑음,단일로 - 기타,화물,남,54세,상해없음,승용,남,42세,중상
2015050700100390,2015년 5월 7일 16시,목요일,충청남도 당진시 순성면,중상사고,0,1,0,0,차량단독 - 공작물충돌,안전운전불이행,건조,맑음,단일로 - 기타,건설기계,남,49세,중상,,,,
2015050700100441,2015년 5월 7일 17시,목요일,충청남도 논산시 내동,중상사고,0,1,0,0,차대사람 - 횡단중,안전운전불이행,건조,맑음,단일로 - 기타,승용,여,52세,상해없음,보행자,남,15세,중상
2015050700100442,2015년 5월 7일 17시,목요일,충청남도 당진시 대덕리,경상사고,0,0,2,0,차대차 - 기타,안전운전불이행,건조,맑음,교차로 - 교차로안,승용,남,46세,상해없음,승용,여,21세,경상
2015050700100443,2015년 5월 7일 17시,목요일,충청남도 당진시 원당리,경상사고,0,0,1,0,차대차 - 기타,교차로운행방법위반,건조,맑음,교차로 - 교차로안,승용,여,34세,상해없음,승용,남,31세,경상
2015050700100444,2015년 5월 7일 17시,목요일,충청남도 천안시 동남구 원성동,중상사고,0,1,0,0,차대사람 - 횡단중,안전운전불이행,건조,맑음,단일로 - 기타,승용,남,39세,상해없음,보행자,남,12세,중상
2015050700100481,2015년 5월 7일 18시,목요일,충청남도 공주시 산성동,경상사고,0,0,1,0,차대차 - 측면직각충돌,안전운전불이행,건조,맑음,단일로 - 기타,승용,여,53세,기타불명,승용,남,43세,경상
2015050700100520,2015년 5월 7일 19시,목요일,충청남도 천안시 서북구 직산읍,중상사고,0,1,0,0,차대사람 - 차도통행중,안전운전불이행,건조,맑음,단일로 - 기타,승용,남,56세,상해없음,보행자,여,54세,중상
2015050700100522,2015년 5월 7일 19시,목요일,충청남도 예산군 예산읍,중상사고,0,1,0,0,차대차 - 측면직각충돌,중앙선침범,건조,맑음,단일로 - 기타,승용,남,22세,상해없음,승용,남,41세,중상
2015050700100546,2015년 5월 7일 20시,목요일,충청남도 아산시 인주면,경상사고,0,0,1,0,차대차 - 추돌 - 진행중,안전거리미확보,건조,맑음,단일로 - 기타,승용,남,35세,상해없음,승용,남,68세,상해없음
2015050700100582,2015년 5월 7일 21시,목요일,충청남도 서산시 대산읍,중상사고,0,1,0,0,차대차 - 측면직각충돌,신호위반,건조,맑음,교차로 - 교차로안,승용,남,52세,상해없음,화물,남,63세,중상
2015050800100013,2015년 5월 8일 00시,금요일,충청남도 공주시 옥룡동,중상사고,0,1,0,0,차대차 - 추돌 - 주정차중,안전운전불이행,건조,맑음,단일로 - 기타,이륜,남,24세,중상,화물,남,58세,상해없음
2015050800100067,2015년 5월 8일 05시,금요일,충청남도 아산시 실옥동,중상사고,0,1,0,0,차대차 - 측면직각충돌,신호위반,건조,맑음,교차로 - 교차로안,승용,남,44세,상해없음,승용,남,73세,중상
2015050800100100,2015년 5월 8일 07시,금요일,충청남도 서천군 서천읍,경상사고,0,0,1,0,차대차 - 추돌 - 진행중,안전거리미확보,건조,맑음,교차로 - 교차로안,화물,남,54세,상해없음,승용,남,64세,경상
2015050800100130,2015년 5월 8일 08시,금요일,충청남도 보령시 죽정동,경상사고,0,0,2,0,차대차 - 기타,신호위반,건조,맑음,교차로 - 교차로안,화물,여,64세,상해없음,승용,여,19세,경상
2015050800100176,2015년 5월 8일 09시,금요일,충청남도 예산군 덕산면,중상사고,0,1,0,0,차대차 - 기타,안전운전불이행,건조,맑음,단일로 - 기타,화물,남,25세,상해없음,이륜,남,66세,중상
2015050800100177,2015년 5월 8일 09시,금요일,충청남도 당진시 합덕읍,경상사고,0,0,1,0,차대차 - 측면직각충돌,교차로운행방법위반,건조,맑음,교차로 - 교차로안,원동기,남,63세,경상,화물,남,51세,상해없음
2015050800100178,2015년 5월 8일 09시,금요일,충청남도 당진시 석문면,중상사고,0,1,0,0,차대차 - 측면직각충돌,신호위반,건조,맑음,교차로 - 교차로안,화물,남,61세,상해없음,화물,남,50세,상해없음
2015050800100212,2015년 5월 8일 10시,금요일,충청남도 당진시 신평면,경상사고,0,0,2,0,차대차 - 추돌 - 진행중,안전운전불이행,건조,맑음,교차로 - 교차로부근,승용,남,69세,상해없음,승용,여,48세,경상
2015050800100264,2015년 5월 8일 12시,금요일,충청남도 천안시 서북구 성정동,경상사고,0,0,1,0,차대차 - 추돌 - 주정차중,교차로운행방법위반,건조,맑음,교차로 - 교차로안,승용,남,58세,상해없음,승용,남,28세,경상
2015050800100265,2015년 5월 8일 12시,금요일,충청남도 서천군 서천읍,중상사고,0,1,0,0,차대차 - 기타,안전운전불이행,건조,맑음,단일로 - 기타,화물,남,52세,상해없음,승용,여,46세,중상
2015050800100266,2015년 5월 8일 12시,금요일,충청남도 천안시 동남구 원성동,중상사고,0,1,0,0,차대차 - 측면직각충돌,교차로운행방법위반,건조,맑음,교차로 - 교차로안,원동기,남,88세,상해없음,화물,남,46세,상해없음
2015050800100356,2015년 5월 8일 15시,금요일,충청남도 아산시 권곡동,중상사고,0,1,0,0,차대차 - 측면직각충돌,안전운전불이행,건조,맑음,교차로 - 교차로부근,자전거,남,79세,중상,화물,남,54세,상해없음
2015050800100357,2015년 5월 8일 15시,금요일,충청남도 보령시 동대동,경상사고,0,0,1,0,차대차 - 추돌 - 진행중,안전운전불이행,건조,맑음,교차로 - 교차로부근,이륜,남,73세,경상,승용,남,55세,상해없음
2015050800100358,2015년 5월 8일 15시,금요일,충청남도 보령시 동대동,경상사고,0,0,1,0,차대차 - 추돌 - 진행중,불법유턴,건조,맑음,단일로 - 기타,자전거,남,14세,경상,승용,남,32세,상해없음
2015050800100400,2015년 5월 8일 16시,금요일,충청남도 예산군 덕산면,경상사고,0,0,2,0,차대차 - 측면직각충돌,불법유턴,건조,맑음,단일로 - 기타,승용,남,39세,경상,화물,남,43세,경상
2015050800100401,2015년 5월 8일 16시,금요일,충청남도 당진시 정미면,경상사고,0,0,1,0,차대차 - 추돌 - 진행중,안전운전불이행,건조,맑음,단일로 - 기타,승용,남,67세,상해없음,승용,남,57세,경상
2015050800100444,2015년 5월 8일 17시,금요일,충청남도 태안군 안면읍,중상사고,0,1,0,0,차대사람 - 횡단중,안전운전불이행,건조,맑음,교차로 - 교차로안,승용,여,41세,상해없음,보행자,남,63세,중상
2015050800100445,2015년 5월 8일 17시,금요일,충청남도 당진시 읍내리,중상사고,0,1,0,0,차대차 - 추돌 - 진행중,교차로운행방법위반,건조,흐림,교차로 - 교차로안,승용,남,45세,상해없음,자전거,남,71세,중상
2015050800100480,2015년 5월 8일 18시,금요일,충청남도 서산시 동문동,경상사고,0,0,1,0,차대차 - 추돌 - 주정차중,안전운전불이행,건조,맑음,교차로 - 교차로부근,승용,남,35세,상해없음,승용,남,34세,경상
2015050800100481,2015년 5월 8일 18시,금요일,충청남도 당진시 송산면,경상사고,0,0,1,0,차대차 - 측면직각충돌,안전운전불이행,건조,맑음,교차로 - 교차로부근,승용,남,39세,상해없음,이륜,여,74세,경상
2015050800100530,2015년 5월 8일 19시,금요일,충청남도 서산시 지곡면,경상사고,0,0,2,0,차대차 - 추돌 - 진행중,안전운전불이행,건조,맑음,단일로 - 기타,승용,남,75세,기타불명,승용,남,35세,경상
2015050800100531,2015년 5월 8일 19시,금요일,충청남도 천안시 동남구 신방동,경상사고,0,0,1,0,차대사람 - 횡단중,신호위반,건조,맑음,단일로 - 횡단보도상,승용,남,32세,상해없음,보행자,여,9세,경상
2015050800100585,2015년 5월 8일 20시,금요일,충청남도 보령시 궁촌동,중상사고,0,1,0,0,차대차 - 추돌 - 진행중,신호위반,건조,흐림,교차로 - 교차로안,승용,여,37세,상해없음,승용,남,51세,중상
2015050800100586,2015년 5월 8일 20시,금요일,충청남도 예산군 삽교읍,경상사고,0,0,2,0,차대차 - 측면직각충돌,신호위반,건조,맑음,교차로 - 교차로안,승용,남,38세,기타불명,승용,남,42세,경상
2015050800100587,2015년 5월 8일 20시,금요일,충청남도 당진시 합덕읍,경상사고,0,0,1,0,차대차 - 추돌 - 진행중,안전운전불이행,건조,맑음,단일로 - 기타,농기계,남,68세,상해없음,승용,여,43세,경상
2015050800100625,2015년 5월 8일 21시,금요일,충청남도 천안시 동남구 신부동,경상사고,0,0,1,0,차대차 - 측면직각충돌,신호위반,건조,맑음,교차로 - 교차로안,승용,여,42세,상해없음,원동기,남,22세,경상
2015050800100679,2015년 5월 8일 23시,금요일,충청남도 아산시 탕정면,경상사고,0,0,1,0,차량단독 - 공작물충돌,안전운전불이행,건조,맑음,교차로 - 교차로부근,승용,남,54세,상해없음,,,,
2015050900100012,2015년 5월 9일 00시,토요일,충청남도 천안시 동남구 안서동,경상사고,0,0,1,1,차대차 - 기타,안전운전불이행,건조,맑음,단일로 - 기타,승용,여,54세,상해없음,승용,남,33세,경상
2015050900100013,2015년 5월 9일 00시,토요일,충청남도 천안시 동남구 안서동,중상사고,0,2,2,0,차대차 - 추돌 - 주정차중,안전운전불이행,건조,흐림,단일로 - 기타,승용,남,34세,상해없음,승용,남,55세,중상
2015050900100090,2015년 5월 9일 06시,토요일,충청남도 논산시 내동,중상사고,0,1,2,0,차대차 - 측면직각충돌,중앙선침범,건조,맑음,단일로 - 기타,승용,남,73세,상해없음,승용,남,50세,중상
2015050900100130,2015년 5월 9일 08시,토요일,충청남도 예산군 예산읍,중상사고,0,1,1,0,차대차 - 기타,안전거리미확보,건조,맑음,단일로 - 기타,이륜,남,77세,중상,화물,남,61세,상해없음
2015050900100164,2015년 5월 9일 09시,토요일,충청남도 서산시 동문동,중상사고,0,1,0,0,차대차 - 측면직각충돌,교차로운행방법위반,건조,맑음,교차로 - 교차로안,화물,남,41세,상해없음,승용,남,39세,중상
2015050900100196,2015년 5월 9일 10시,토요일,충청남도 천안시 서북구 직산읍,경상사고,0,0,2,3,차대차 - 측면직각충돌,신호위반,건조,맑음,교차로 - 교차로부근,승용,남,41세,상해없음,승용,남,36세,경상
2015050900100232,2015년 5월 9일 11시,토요일,충청남도 태안군 근흥면,경상사고,0,0,1,0,차량단독 - 공작물충돌,안전운전불이행,건조,맑음,단일로 - 기타,이륜,남,81세,경상,,,,
2015050900100233,2015년 5월 9일 11시,토요일,충청남도 천안시 서북구 차암동,중상사고,0,1,2,0,차대차 - 측면직각충돌,교차로운행방법위반,건조,맑음,교차로 - 교차로안,승용,여,44세,경상,승용,여,31세,중상
2015050900100271,2015년 5월 9일 12시,토요일,충청남도 논산시 화지동,사망사고,1,0,0,0,차대사람 - 횡단중,안전운전불이행,건조,맑음,교차로 - 교차로부근,승용,여,34세,상해없음,보행자,여,74세,사망
2015050900100272,2015년 5월 9일 12시,토요일,충청남도 논산시 강경읍,경상사고,0,0,2,0,차대차 - 측면직각충돌,중앙선침범,건조,맑음,단일로 - 기타,이륜,남,84세,상해없음,승용,남,25세,경상
2015050900100273,2015년 5월 9일 12시,토요일,충청남도 당진시 읍내리,경상사고,0,0,1,0,차대차 - 측면직각충돌,교차로운행방법위반,건조,맑음,교차로 - 교차로안,원동기,남,34세,경상,승용,여,51세,상해없음
2015050900100319,2015년 5월 9일 13시,토요일,충청남도 서산시 팔봉면,중상사고,0,1,0,0,차대차 - 측면직각충돌,안전거리미확보,건조,맑음,단일로 - 기타,건설기계,남,58세,상해없음,승용,여,24세,중상
2015050900100320,2015년 5월 9일 13시,토요일,충청남도 아산시 신창면,경상사고,0,0,1,1,차대차 - 측면직각충돌,중앙선침범,건조,맑음,단일로 - 기타,승용,남,34세,상해없음,승용,남,54세,경상
2015050900100321,2015년 5월 9일 13시,토요일,충청남도 공주시 중동,중상사고,0,1,0,0,차대차 - 측면직각충돌,직진우회전진행방해,건조,맑음,교차로 - 교차로안,승용,남,46세,상해없음,원동기,남,16세,중상
2015050900100363,2015년 5월 9일 14시,토요일,충청남도 태안군 소원면,경상사고,0,0,2,0,차대차 - 측면직각충돌,교차로운행방법위반,건조,맑음,교차로 - 교차로안,승용,남,59세,경상,화물,남,50세,상해없음
2015050900100364,2015년 5월 9일 14시,토요일,충청남도 홍성군 서부면,경상사고,0,0,2,0,차대차 - 측면직각충돌,중앙선침범,건조,맑음,단일로 - 기타,화물,남,65세,상해없음,승용,남,52세,경상
2015050900100365,2015년 5월 9일 14시,토요일,충청남도 공주시 반포면,경상사고,0,0,4,0,차대차 - 추돌 - 주정차중,안전운전불이행,건조,맑음,교차로 - 교차로부근,승용,남,22세,상해없음,승용,여,34세,경상
2015050900100366,2015년 5월 9일 14시,토요일,충청남도 공주시 금흥동,경상사고,0,0,2,0,차대차 - 측면직각충돌,안전운전불이행,건조,맑음,단일로 - 기타,화물,남,65세,상해없음,승용,여,61세,경상
2015050900100367,2015년 5월 9일 14시,토요일,충청남도 예산군 삽교읍,중상사고,0,1,0,0,차량단독 - 공작물충돌,안전운전불이행,건조,맑음,교차로 - 교차로부근,승용,남,59세,중상,,,,
2015050900100442,2015년 5월 9일 16시,토요일,충청남도 당진시 고대면,경상사고,0,0,3,0,차대차 - 추돌 - 진행중,안전운전불이행,건조,맑음,단일로 - 기타,승용,남,59세,경상,승용,남,66세,경상
2015050900100491,2015년 5월 9일 17시,토요일,충청남도 천안시 동남구 목천읍,중상사고,0,2,9,0,차대차 - 측면직각충돌,안전운전불이행,건조,맑음,교차로 - 교차로안,승용,여,66세,상해없음,건설기계,남,45세,경상
2015050900100535,2015년 5월 9일 18시,토요일,충청남도 태안군 태안읍,중상사고,0,1,0,0,차량단독 - 기타,안전운전불이행,건조,맑음,단일로 - 기타,승합,남,43세,상해없음,,,,
2015050900100536,2015년 5월 9일 18시,토요일,충청남도 천안시 서북구 두정동,경상사고,0,0,1,0,차대차 - 기타,안전운전불이행,건조,맑음,단일로 - 기타,건설기계,남,39세,상해없음,승용,남,34세,경상
2015050900100604,2015년 5월 9일 20시,토요일,충청남도 서산시 지곡면,중상사고,0,1,0,0,차대차 - 추돌 - 진행중,안전거리미확보,건조,맑음,단일로 - 기타,승합,남,45세,상해없음,이륜,남,61세,중상
2015050900100605,2015년 5월 9일 20시,토요일,충청남도 서산시 읍내동,경상사고,0,0,5,0,차대차 - 측면직각충돌,안전거리미확보,건조,맑음,단일로 - 기타,승용,남,44세,상해없음,승용,여,39세,경상
2015050900100606,2015년 5월 9일 20시,토요일,충청남도 부여군 부여읍,중상사고,0,1,0,0,차대차 - 측면직각충돌,교차로운행방법위반,건조,맑음,교차로 - 교차로안,승용,남,33세,상해없음,승합,남,45세,상해없음
2015050900100607,2015년 5월 9일 20시,토요일,충청남도 금산군 금성면,중상사고,0,1,0,0,차대차 - 정면충돌,중앙선침범,건조,맑음,단일로 - 기타,특수,남,45세,상해없음,승용,남,56세,중상
2015050900100608,2015년 5월 9일 20시,토요일,충청남도 금산군 금산읍,경상사고,0,0,1,0,차대차 - 측면직각충돌,교차로운행방법위반,건조,맑음,교차로 - 교차로안,승합,남,27세,상해없음,승용,여,36세,경상
2015050900100653,2015년 5월 9일 21시,토요일,충청남도 천안시 동남구 신부동,중상사고,0,1,0,0,차대사람 - 횡단중,보행자보호의무위반,건조,맑음,단일로 - 기타,원동기,남,18세,상해없음,보행자,여,56세,중상