사고번호,사고일시,요일,시군구,사고내용,사망자수,중상자수,경상자수,부상신고자수,사고유형,법규위반,노면상태,기상상태,도로형태,가해운전자 차종,가해운전자 성별,가해운전자 연령,가해운전자 상해정도,피해운전자 차종,피해운전자 성별,피해운전자 연령,피해운전자 상해정도
2015051400100009,2015년 5월 14일 00시,목요일,충청남도 당진시 송악읍,경상사고,0,0,1,0,차대차 - 추돌 - 진행중,안전운전불이행,건조,흐림,단일로 - 기타,승용,남,35세,상해없음,승용,남,47세,경상
2015051400100035,2015년 5월 14일 02시,목요일,충청남도 서산시 잠홍동,중상사고,0,1,0,0,차대사람 - 횡단중,보행자보호의무위반,건조,맑음,단일로 - 기타,화물,남,36세,상해없음,보행자,남,67세,중상
2015051400100036,2015년 5월 14일 02시,목요일,충청남도 천안시 서북구 쌍용동,경상사고,0,0,1,0,차대사람 - 차도통행중,안전운전불이행,건조,맑음,교차로 - 교차로부근,승용,남,48세,상해없음,보행자,여,36세,경상
2015051400100045,2015년 5월 14일 03시,목요일,충청남도 아산시 풍기동,경상사고,0,0,2,0,차대차 - 추돌 - 주정차중,안전운전불이행,건조,맑음,교차로 - 교차로부근,승용,남,34세,상해없음,승용,남,64세,경상
2015051400100065,2015년 5월 14일 06시,목요일,충청남도 아산시 권곡동,중상사고,0,1,0,0,차대차 - 추돌 - 진행중,안전운전불이행,건조,맑음,단일로 - 기타,승용,남,41세,상해없음,자전거,남,82세,중상
2015051400100087,2015년 5월 14일 07시,목요일,충청남도 아산시 배방읍,경상사고,0,0,1,0,차대차 - 추돌 - 주정차중,안전운전불이행,건조,맑음,교차로 - 교차로부근,승용,남,26세,상해없음,승용,남,61세,경상
2015051400100166,2015년 5월 14일 09시,목요일,충청남도 예산군 신양면,경상사고,0,0,1,0,차대차 - 기타,중앙선침범,건조,맑음,교차로 - 교차로부근,화물,남,36세,상해없음,화물,남,51세,경상
2015051400100200,2015년 5월 14일 10시,목요일,충청남도 보령시 대천동,중상사고,0,1,0,0,차량단독 - 기타,안전운전불이행,건조,맑음,단일로 - 기타,원동기,남,54세,중상,,,,
2015051400100201,2015년 5월 14일 10시,목요일,충청남도 공주시 신관동,중상사고,0,1,0,0,차대차 - 측면직각충돌,안전운전불이행,건조,맑음,교차로 - 교차로안,승용,남,65세,상해없음,농기계,남,90세 이상,중상
2015051400100202,2015년 5월 14일 10시,목요일,충청남도 천안시 동남구 수신면,중상사고,0,1,0,0,차대차 - 측면직각충돌,안전운전불이행,건조,맑음,교차로 - 교차로부근,화물,남,27세,상해없음,원동기,남,78세,중상
2015051400100220,2015년 5월 14일 11시,목요일,충청남도 태안군 근흥면,중상사고,0,3,2,0,차대차 - 정면충돌,중앙선침범,건조,맑음,단일로 - 기타,화물,남,61세,경상,승용,여,73세,중상
2015051400100221,2015년 5월 14일 11시,목요일,충청남도 금산군 군북면,경상사고,0,0,1,0,차대차 - 정면충돌,중앙선침범,건조,맑음,교차로 - 교차로부근,건설기계,남,43세,상해없음,승용,남,26세,경상
2015051400100238,2015년 5월 14일 12시,목요일,충청남도 부여군 장암면,경상사고,0,0,1,0,차량단독 - 기타,안전운전불이행,건조,맑음,단일로 - 기타,이륜,남,47세,경상,,,,
2015051400100239,2015년 5월 14일 12시,목요일,충청남도 부여군 장암면,중상사고,0,1,0,0,차량단독 - 전도전복,안전운전불이행,건조,맑음,단일로 - 기타,이륜,남,79세,중상,,,,
2015051400100240,2015년 5월 14일 12시,목요일,충청남도 당진시 고대면,경상사고,0,0,1,0,차량단독 - 공작물충돌,안전운전불이행,건조,맑음,단일로 - 기타,승용,남,41세,상해없음,,,,
2015051400100269,2015년 5월 14일 13시,목요일,충청남도 천안시 서북구 성환읍,중상사고,0,1,0,0,차대차 - 측면직각충돌,안전운전불이행,건조,맑음,교차로 - 교차로안,원동기,남,64세,중상,승합,남,54세,상해없음
2015051400100327,2015년 5월 14일 15시,목요일,충청남도 홍성군 홍동면,경상사고,0,0,1,0,차대차 - 측면직각충돌,신호위반,건조,맑음,교차로 - 교차로안,승용,남,26세,기타불명,특수,남,56세,경상
2015051400100328,2015년 5월 14일 15시,목요일,충청남도 청양군 비봉면,중상사고,0,1,0,0,차대차 - 측면직각충돌,직진우회전진행방해,건조,맑음,교차로 - 교차로안,화물,남,60세,상해없음,화물,남,68세,중상
2015051400100357,2015년 5월 14일 16시,목요일,충청남도 당진시 석문면,경상사고,0,0,1,0,차대차 - 측면직각충돌,신호위반,건조,맑음,교차로 - 교차로안,화물,남,39세,상해없음,승용,남,53세,경상
2015051400100398,2015년 5월 14일 17시,목요일,충청남도 홍성군 홍성읍,경상사고,0,0,1,0,차대차 - 측면직각충돌,직진우회전진행방해,건조,맑음,교차로 - 교차로안,승용,남,72세,상해없음,이륜,여,21세,경상
2015051400100399,2015년 5월 14일 17시,목요일,충청남도 홍성군 장곡면,중상사고,0,1,0,0,차대차 - 추돌 - 진행중,안전거리미확보,건조,맑음,교차로 - 교차로안,화물,남,30세,상해없음,이륜,남,75세,중상
2015051400100400,2015년 5월 14일 17시,목요일,충청남도 보령시 대천동,중상사고,0,1,0,1,차대차 - 기타,안전운전불이행,건조,맑음,교차로 - 교차로안,승용,남,28세,부상신고,승용,남,51세,중상
2015051400100440,2015년 5월 14일 18시,목요일,충청남도 서산시 읍내동,중상사고,0,1,1,0,차대차 - 측면직각충돌,직진우회전진행방해,건조,맑음,교차로 - 교차로안,승용,여,26세,상해없음,승용,남,55세,경상
2015051400100441,2015년 5월 14일 18시,목요일,충청남도 논산시 강경읍,경상사고,0,0,1,0,차대사람 - 차도통행중,교차로운행방법위반,건조,맑음,교차로 - 교차로안,승용,여,33세,상해없음,보행자,여,86세,경상
2015051400100442,2015년 5월 14일 18시,목요일,충청남도 공주시 신관동,경상사고,0,0,3,0,차대차 - 추돌 - 진행중,안전운전불이행,건조,맑음,교차로 - 교차로부근,승용,여,36세,상해없음,승용,여,46세,경상
2015051400100443,2015년 5월 14일 18시,목요일,충청남도 부여군 내산면,중상사고,0,1,0,0,차대차 - 추돌 - 진행중,안전운전불이행,건조,맑음,단일로 - 기타,화물,남,28세,상해없음,농기계,남,65세,중상
2015051400100519,2015년 5월 14일 20시,목요일,충청남도 천안시 서북구 성성동,경상사고,0,0,3,0,차대차 - 측면직각충돌,안전운전불이행,건조,맑음,교차로 - 교차로안,승용,남,28세,경상,승용,여,61세,경상
2015051400100520,2015년 5월 14일 20시,목요일,충청남도 아산시 인주면,경상사고,0,0,1,0,차대차 - 정면충돌,중앙선침범,건조,맑음,교차로 - 교차로안,화물,남,53세,상해없음,이륜,남,48세,경상
2015051400100521,2015년 5월 14일 20시,목요일,충청남도 아산시 둔포면,경상사고,0,0,1,0,차대차 - 정면충돌,안전운전불이행,건조,맑음,단일로 - 기타,승용,남,26세,상해없음,승용,남,39세,상해없음
2015051400100522,2015년 5월 14일 20시,목요일,충청남도 부여군 부여읍,중상사고,0,1,0,0,차대사람 - 횡단중,보행자보호의무위반,건조,맑음,교차로 - 교차로안,승용,남,83세,상해없음,보행자,여,66세,중상
2015051400100558,2015년 5월 14일 21시,목요일,충청남도 서산시 동문동,경상사고,0,0,1,0,차대차 - 측면직각충돌,안전운전불이행,건조,맑음,교차로 - 교차로안,자전거,남,14세,경상,승용,남,52세,상해없음
2015051400100559,2015년 5월 14일 21시,목요일,충청남도 천안시 서북구 성성동,경상사고,0,0,1,0,차대사람 - 차도통행중,안전운전불이행,건조,맑음,단일로 - 기타,승용,남,54세,상해없음,보행자,남,54세,경상
2015051400100560,2015년 5월 14일 21시,목요일,충청남도 논산시 등화동,경상사고,0,0,2,0,차대차 - 정면충돌,중앙선침범,건조,맑음,단일로 - 기타,승용,남,66세,상해없음,승용,여,64세,경상
2015051400100585,2015년 5월 14일 22시,목요일,충청남도 천안시 서북구 쌍용동,경상사고,0,0,1,0,차대사람 - 횡단중,안전운전불이행,건조,맑음,교차로 - 교차로부근,승용,여,41세,상해없음,보행자,남,44세,경상
2015051400100586,2015년 5월 14일 22시,목요일,충청남도 보령시 대천동,중상사고,0,1,0,0,차대차 - 기타,안전운전불이행,건조,맑음,단일로 - 기타,승용,남,26세,상해없음,자전거,여,51세,중상
2015051400100620,2015년 5월 14일 23시,목요일,충청남도 천안시 서북구 직산읍,경상사고,0,0,3,1,차대차 - 추돌 - 주정차중,안전운전불이행,건조,맑음,단일로 - 기타,승용,남,32세,상해없음,승용,남,67세,부상신고
2015051400100621,2015년 5월 14일 23시,목요일,충청남도 천안시 서북구 성환읍,경상사고,0,0,1,0,차대사람 - 횡단중,안전운전불이행,건조,맑음,교차로 - 교차로부근,승용,남,47세,상해없음,보행자,여,49세,경상
2015051400100622,2015년 5월 14일 23시,목요일,충청남도 홍성군 홍성읍,경상사고,0,0,1,0,차대차 - 추돌 - 주정차중,안전운전불이행,건조,맑음,단일로 - 기타,승용,남,50세,상해없음,화물,남,48세,기타불명
2015051500100013,2015년 5월 15일 00시,금요일,충청남도 서산시 동문동,중상사고,0,1,0,0,차대사람 - 횡단중,안전운전불이행,건조,맑음,교차로 - 교차로부근,승용,남,40세,상해없음,보행자,남,52세,중상
2015051500100015,2015년 5월 15일 00시,금요일,충청남도 천안시 동남구 신부동,경상사고,0,0,2,0,차대차 - 측면직각충돌,교차로운행방법위반,건조,맑음,교차로 - 교차로안,승용,남,23세,상해없음,승용,남,40세,경상
2015051500100052,2015년 5월 15일 02시,금요일,충청남도 아산시 배미동,경상사고,0,0,1,0,차대차 - 측면직각충돌,신호위반,건조,맑음,교차로 - 교차로안,승용,여,18세,상해없음,승용,남,47세,경상
2015051500100094,2015년 5월 15일 06시,금요일,충청남도 아산시 탕정면,경상사고,0,0,1,0,차대차 - 측면직각충돌,안전운전불이행,건조,맑음,교차로 - 교차로안,승합,남,42세,상해없음,화물,남,30세,경상
2015051500100156,2015년 5월 15일 08시,금요일,충청남도 아산시 좌부동,경상사고,0,0,1,0,차대차 - 측면직각충돌,중앙선침범,건조,맑음,단일로 - 기타,승용,남,40세,상해없음,승합,여,43세,경상
2015051500100183,2015년 5월 15일 09시,금요일,충청남도 아산시 모종동,경상사고,0,0,1,0,차대차 - 기타,안전운전불이행,건조,맑음,교차로 - 교차로안,승용,남,56세,상해없음,자전거,남,21세,경상
2015051500100220,2015년 5월 15일 10시,금요일,충청남도 홍성군 갈산면,경상사고,0,0,2,0,차대차 - 측면직각충돌,신호위반,건조,흐림,교차로 - 교차로안,승용,남,60세,상해없음,특수,남,57세,경상
2015051500100221,2015년 5월 15일 10시,금요일,충청남도 금산군 군북면,경상사고,0,0,1,0,차대차 - 측면직각충돌,안전운전불이행,건조,맑음,교차로 - 교차로안,이륜,여,59세,경상,승용,남,43세,상해없음
2015051500100258,2015년 5월 15일 11시,금요일,충청남도 예산군 오가면,사망사고,1,0,0,0,차대차 - 측면직각충돌,직진우회전진행방해,건조,맑음,교차로 - 교차로안,승용,남,39세,상해없음,이륜,남,78세,사망
2015051500100259,2015년 5월 15일 11시,금요일,충청남도 부여군 부여읍,경상사고,0,0,2,0,차대차 - 기타,중앙선침범,건조,맑음,단일로 - 기타,승용,여,57세,경상,승합,남,82세,경상
2015051500100260,2015년 5월 15일 11시,금요일,충청남도 당진시 읍내리,중상사고,0,1,0,0,차대차 - 측면직각충돌,교차로운행방법위반,건조,맑음,교차로 - 교차로안,승용,여,39세,상해없음,승용,남,48세,중상
2015051500100300,2015년 5월 15일 12시,금요일,충청남도 아산시 염치읍,중상사고,0,1,0,0,차대차 - 정면충돌,중앙선침범,건조,맑음,단일로 - 기타,승용,남,46세,상해없음,승용,남,33세,중상
2015051500100301,2015년 5월 15일 12시,금요일,충청남도 천안시 동남구 구룡동,중상사고,0,1,0,0,차대차 - 정면충돌,안전운전불이행,건조,맑음,교차로 - 교차로부근,자전거,남,55세,중상,승용,남,53세,상해없음
2015051500100354,2015년 5월 15일 14시,금요일,충청남도 홍성군 갈산면,중상사고,0,1,0,0,차대사람 - 길가장자리구역통행중,안전운전불이행,건조,흐림,단일로 - 기타,승용,여,57세,상해없음,보행자,남,71세,중상
2015051500100355,2015년 5월 15일 14시,금요일,충청남도 아산시 음봉면,경상사고,0,0,1,0,차대차 - 측면직각충돌,신호위반,건조,맑음,교차로 - 교차로안,화물,남,61세,상해없음,승용,여,48세,경상
2015051500100397,2015년 5월 15일 15시,금요일,충청남도 천안시 서북구 직산읍,경상사고,0,0,2,0,차대차 - 정면충돌,신호위반,건조,맑음,교차로 - 교차로안,승용,남,36세,상해없음,승용,남,33세,경상
2015051500100398,2015년 5월 15일 15시,금요일,충청남도 천안시 서북구 입장면,중상사고,0,1,0,0,차대차 - 기타,교차로운행방법위반,건조,맑음,교차로 - 교차로부근,화물,남,62세,상해없음,원동기,남,28세,중상
2015051500100399,2015년 5월 15일 15시,금요일,충청남도 청양군 청양읍,중상사고,0,1,1,0,차대차 - 측면직각충돌,신호위반,건조,맑음,교차로 - 교차로안,승합,남,30세,상해없음,승용,남,80세,중상
2015051500100425,2015년 5월 15일 16시,금요일,충청남도 서천군 비인면,경상사고,0,0,1,0,차대차 - 기타,안전운전불이행,건조,맑음,교차로 - 교차로부근,화물,남,52세,경상,승용,여,32세,상해없음
2015051500100469,2015년 5월 15일 17시,금요일,충청남도 아산시 온천동,경상사고,0,0,1,0,차대사람 - 횡단중,보행자보호의무위반,건조,맑음,교차로 - 교차로안,승용,여,51세,상해없음,보행자,남,12세,경상
2015051500100516,2015년 5월 15일 18시,금요일,충청남도 공주시 신관동,경상사고,0,0,1,0,차대사람 - 길가장자리구역통행중,안전운전불이행,건조,맑음,단일로 - 기타,승용,여,51세,상해없음,보행자,여,16세,경상
2015051500100517,2015년 5월 15일 18시,금요일,충청남도 예산군 예산읍,경상사고,0,0,2,0,차대차 - 측면직각충돌,신호위반,건조,맑음,교차로 - 교차로안,화물,남,53세,경상,승용,남,33세,경상
2015051500100604,2015년 5월 15일 20시,금요일,충청남도 예산군 예산읍,경상사고,0,0,1,0,차대사람 - 보도통행중,안전운전불이행,건조,흐림,단일로 - 기타,승합,남,28세,상해없음,보행자,남,42세,경상
2015051500100648,2015년 5월 15일 21시,금요일,충청남도 서산시 읍내동,중상사고,0,1,3,0,차대차 - 측면직각충돌,안전운전불이행,건조,맑음,단일로 - 기타,화물,남,52세,상해없음,승용,여,54세,경상
2015051500100649,2015년 5월 15일 21시,금요일,충청남도 천안시 서북구 성정동,중상사고,0,1,0,0,차대사람 - 횡단중,보행자보호의무위반,건조,맑음,단일로 - 횡단보도상,화물,남,66세,상해없음,보행자,남,38세,중상
2015051500100650,2015년 5월 15일 21시,금요일,충청남도 공주시 금학동,중상사고,0,1,0,0,차대차 - 측면직각충돌,안전운전불이행,건조,맑음,교차로 - 교차로안,승용,여,35세,상해없음,이륜,남,16세,중상
2015051500100651,2015년 5월 15일 21시,금요일,충청남도 청양군 정산면,중상사고,0,2,1,0,차량단독 - 도로외이탈 - 추락,안전운전불이행,건조,맑음,단일로 - 기타,승용,남,23세,중상,,,,
2015051500100652,2015년 5월 15일 21시,금요일,충청남도 금산군 부리면,사망사고,1,2,1,0,차대차 - 기타,안전운전불이행,건조,맑음,단일로 - 기타,승용,남,32세,상해없음,승용,남,52세,중상
2015051500100752,2015년 5월 15일 23시,금요일,충청남도 서천군 장항읍,경상사고,0,0,1,0,차대차 - 기타,안전운전불이행,건조,맑음,교차로 - 교차로부근,승용,남,38세,경상,승용,남,55세,상해없음
2015051600100020,2015년 5월 16일 00시,토요일,충청남도 아산시 모종동,경상사고,0,0,2,0,차대차 - 측면직각충돌,안전운전불이행,건조,맑음,단일로 - 기타,승용,남,35세,상해없음,이륜,남,16세,경상
2015051600100102,2015년 5월 16일 04시,토요일,충청남도 태안군 남면,중상사고,0,3,0,0,차대차 - 정면충돌,중앙선침범,건조,맑음,단일로 - 기타,승용,남,19세,중상,승용,남,32세,중상
2015051600100116,2015년 5월 16일 05시,토요일,충청남도 당진시 읍내리,부상신고사고,0,0,0,1,차대차 - 추돌 - 주정차중,안전운전불이행,건조,맑음,단일로 - 기타,화물,남,21세,부상신고,화물,남,37세,상해없음
2015051600100134,2015년 5월 16일 06시,토요일,충청남도 태안군 태안읍,중상사고,0,1,0,0,차대차 - 측면직각충돌,직진우회전진행방해,건조,맑음,교차로 - 교차로안,승용,남,44세,상해없음,이륜,여,66세,중상
2015051600100180,2015년 5월 16일 08시,토요일,충청남도 청양군 청양읍,경상사고,0,0,1,0,차대차 - 기타,안전운전불이행,건조,맑음,교차로 - 교차로안,승용,남,78세,상해없음,자전거,남,56세,경상
2015051600100272,2015년 5월 16일 11시,토요일,충청남도 천안시 서북구 성정동,경상사고,0,0,2,0,차대차 - 기타,교차로운행방법위반,건조,맑음,교차로 - 교차로안,승용,여,43세,상해없음,원동기,남,54세,경상
2015051600100359,2015년 5월 16일 13시,토요일,충청남도 아산시 탕정면,중상사고,0,1,0,0,차량단독 - 기타,안전운전불이행,건조,맑음,교차로 - 교차로부근,자전거,남,44세,중상,,,,
2015051600100403,2015년 5월 16일 14시,토요일,충청남도 천안시 서북구 백석동,경상사고,0,0,1,0,차대차 - 기타,안전운전불이행,건조,맑음,단일로 - 기타,화물,남,52세,상해없음,승용,남,39세,경상
2015051600100443,2015년 5월 16일 15시,토요일,충청남도 아산시 온천동,경상사고,0,0,1,0,차대차 - 측면직각충돌,직진우회전진행방해,건조,맑음,교차로 - 교차로안,화물,남,38세,상해없음,자전거,남,59세,경상
2015051600100493,2015년 5월 16일 16시,토요일,충청남도 아산시 도고면,경상사고,0,0,1,0,차량단독 - 전도전복,안전운전불이행,건조,맑음,교차로 - 교차로부근,원동기,남,81세,경상,,,,
2015051600100494,2015년 5월 16일 16시,토요일,충청남도 서천군 서천읍,경상사고,0,0,2,0,차대차 - 측면직각충돌,중앙선침범,건조,맑음,단일로 - 기타,승용,남,43세,상해없음,승용,남,72세,경상
2015051600100495,2015년 5월 16일 16시,토요일,충청남도 부여군 부여읍,경상사고,0,0,1,0,차대사람 - 기타,안전운전불이행,건조,맑음,단일로 - 기타,승합,남,49세,상해없음,보행자,여,55세,경상
2015051600100496,2015년 5월 16일 16시,토요일,충청남도 당진시 석문면,사망사고,2,0,0,0,차대차 - 정면충돌,중앙선침범,건조,맑음,단일로 - 기타,이륜,남,51세,사망,화물,남,59세,사망
2015051600100546,2015년 5월 16일 17시,토요일,충청남도 아산시 둔포면,중상사고,0,1,0,0,차대차 - 추돌 - 진행중,안전거리미확보,건조,맑음,단일로 - 기타,원동기,남,75세,중상,화물,남,38세,상해없음
2015051600100610,2015년 5월 16일 18시,토요일,충청남도 천안시 서북구 성정동,경상사고,0,0,1,0,차대차 - 기타,안전운전불이행,건조,맑음,교차로 - 교차로부근,승용,남,28세,상해없음,승용,남,37세,경상
2015051600100611,2015년 5월 16일 18시,토요일,충청남도 논산시 취암동,중상사고,0,1,0,0,차대사람 - 횡단중,보행자보호의무위반,건조,맑음,단일로 - 횡단보도상,승용,남,37세,상해없음,보행자,여,8세,중상
2015051600100684,2015년 5월 16일 20시,토요일,충청남도 서산시 예천동,경상사고,0,0,3,0,차대차 - 측면직각충돌,신호위반,건조,맑음,교차로 - 교차로부근,승용,남,36세,상해없음,승용,여,35세,경상
2015051600100718,2015년 5월 16일 21시,토요일,충청남도 논산시 취암동,중상사고,0,1,0,0,차대사람 - 길가장자리구역통행중,안전운전불이행,건조,맑음,단일로 - 기타,승용,여,34세,상해없음,보행자,남,41세,중상
2015051600100719,2015년 5월 16일 21시,토요일,충청남도 당진시 신평면,경상사고,0,0,1,0,차대차 - 추돌 - 진행중,안전운전불이행,건조,기타,단일로 - 기타,승용,남,26세,상해없음,농기계,남,49세,상해없음
2015051600100765,2015년 5월 16일 23시,토요일,충청남도 천안시 서북구 성정동,경상사고,0,0,4,0,차대차 - 정면충돌,안전운전불이행,건조,맑음,교차로 - 교차로안,승용,여,52세,상해없음,승용,남,18세,경상
2015051700100018,2015년 5월 17일 00시,일요일,충청남도 보령시 궁촌동,중상사고,0,1,1,0,차대차 - 기타,중앙선침범,건조,맑음,단일로 - 기타,승용,남,25세,상해없음,승용,남,21세,중상
2015051700100054,2015년 5월 17일 02시,일요일,충청남도 천안시 서북구 성정동,중상사고,0,1,2,0,차대차 - 측면직각충돌,신호위반,건조,맑음,교차로 - 교차로안,승용,남,19세,상해없음,승용,남,61세,중상
2015051700100055,2015년 5월 17일 02시,일요일,충청남도 천안시 서북구 성거읍,경상사고,0,0,1,0,차대차 - 추돌 - 진행중,안전운전불이행,건조,맑음,단일로 - 기타,승용,남,34세,상해없음,화물,남,46세,경상
2015051700100128,2015년 5월 17일 07시,일요일,충청남도 천안시 서북구 성환읍,중상사고,0,1,0,0,차대차 - 측면직각충돌,신호위반,건조,맑음,교차로 - 교차로안,승합,남,39세,상해없음,승용,여,53세,중상
2015051700100129,2015년 5월 17일 07시,일요일,충청남도 천안시 서북구 직산읍,중상사고,0,2,5,0,차대차 - 측면직각충돌,안전운전불이행,건조,맑음,단일로 - 기타,승용,남,50세,상해없음,승용,남,64세,경상
2015051700100130,2015년 5월 17일 07시,일요일,충청남도 예산군 덕산면,중상사고,0,1,0,0,차대차 - 기타,기타,건조,맑음,교차로 - 교차로안,승용,남,68세,상해없음,승용,여,49세,중상
2015051700100196,2015년 5월 17일 10시,일요일,충청남도 서천군 서면,중상사고,0,1,0,0,차대사람 - 기타,안전운전불이행,건조,맑음,교차로 - 교차로부근,화물,남,58세,상해없음,보행자,여,77세,중상
2015051700100197,2015년 5월 17일 10시,일요일,충청남도 부여군 부여읍,중상사고,0,1,0,0,차대차 - 측면직각충돌,교차로운행방법위반,건조,맑음,교차로 - 교차로안,승용,여,67세,상해없음,이륜,남,78세,중상
2015051700100198,2015년 5월 17일 10시,일요일,충청남도 천안시 동남구 목천읍,경상사고,0,0,1,0,차대차 - 추돌 - 진행중,안전운전불이행,건조,맑음,단일로 - 기타,승용,남,40세,상해없음,승용,남,42세,경상
2015051700100227,2015년 5월 17일 11시,일요일,충청남도 천안시 동남구 광덕면,중상사고,0,1,0,0,차대차 - 기타,교차로운행방법위반,건조,맑음,교차로 - 교차로안,승용,남,53세,상해없음,원동기,남,49세,중상
2015051700100256,2015년 5월 17일 12시,일요일,충청남도 서산시 예천동,경상사고,0,0,1,0,차대차 - 측면직각충돌,안전거리미확보,건조,맑음,단일로 - 기타,화물,남,74세,상해없음,이륜,남,69세,경상
2015051700100257,2015년 5월 17일 12시,일요일,충청남도 아산시 용화동,경상사고,0,0,1,0,차대사람 - 횡단중,보행자보호의무위반,건조,맑음,교차로 - 교차로부근,승용,남,37세,상해없음,보행자,여,50세,경상
2015051700100258,2015년 5월 17일 12시,일요일,충청남도 당진시 읍내리,경상사고,0,0,2,0,차대차 - 추돌 - 주정차중,안전운전불이행,건조,맑음,단일로 - 기타,승용,여,43세,상해없음,승용,여,26세,경상
2015051700100283,2015년 5월 17일 13시,일요일,충청남도 천안시 서북구 두정동,경상사고,0,0,1,0,차대차 - 추돌 - 진행중,안전운전불이행,건조,맑음,단일로 - 기타,승용,남,41세,상해없음,승용,남,29세,경상
2015051700100284,2015년 5월 17일 13시,일요일,충청남도 홍성군 홍북면,경상사고,0,0,2,0,차대차 - 측면직각충돌,신호위반,건조,맑음,교차로 - 교차로안,승용,남,47세,상해없음,승용,남,33세,경상
2015051700100285,2015년 5월 17일 13시,일요일,충청남도 당진시 송악읍,중상사고,0,1,1,0,차대차 - 정면충돌,중앙선침범,건조,맑음,단일로 - 기타,승용,남,32세,상해없음,승용,남,54세,경상
2015051700100286,2015년 5월 17일 13시,일요일,충청남도 당진시 면천면,경상사고,0,0,1,0,차대차 - 정면충돌,중앙선침범,건조,맑음,단일로 - 기타,승용,여,48세,상해없음,승용,여,32세,경상
2015051700100287,2015년 5월 17일 13시,일요일,충청남도 당진시 읍내리,경상사고,0,0,1,0,차대사람 - 기타,안전운전불이행,건조,맑음,단일로 - 기타,승용,여,62세,상해없음,보행자,여,33세,경상
2015051700100351,2015년 5월 17일 15시,일요일,충청남도 태안군 태안읍,경상사고,0,0,1,0,차대차 - 추돌 - 주정차중,안전운전불이행,건조,맑음,기타 - 기타,승용,여,35세,상해없음,승용,여,55세,경상
2015051700100352,2015년 5월 17일 15시,일요일,충청남도 아산시 송악면,경상사고,0,0,2,0,차대차 - 추돌 - 주정차중,안전운전불이행,건조,맑음,단일로 - 기타,승용,남,53세,상해없음,승용,남,29세,경상
2015051700100353,2015년 5월 17일 15시,일요일,충청남도 아산시 풍기동,경상사고,0,0,1,0,차대차 - 측면직각충돌,안전운전불이행,건조,맑음,단일로 - 횡단보도상,자전거,남,7세,경상,승용,여,44세,상해없음
2015051700100354,2015년 5월 17일 15시,일요일,충청남도 천안시 동남구 신부동,경상사고,0,0,1,0,차대차 - 기타,안전거리미확보,건조,맑음,단일로 - 기타,승용,여,56세,상해없음,승합,남,59세,상해없음
2015051700100434,2015년 5월 17일 17시,일요일,충청남도 아산시 용화동,경상사고,0,0,1,0,차대사람 - 횡단중,보행자보호의무위반,건조,맑음,단일로 - 횡단보도상,승용,남,40세,상해없음,보행자,남,46세,경상
2015051700100435,2015년 5월 17일 17시,일요일,충청남도 서천군 한산면,경상사고,0,0,1,0,차량단독 - 기타,안전운전불이행,건조,맑음,교차로 - 교차로부근,화물,남,60세,상해없음,,,,
2015051700100436,2015년 5월 17일 17시,일요일,충청남도 천안시 동남구 광덕면,경상사고,0,0,2,0,차대차 - 추돌 - 진행중,안전거리미확보,건조,맑음,단일로 - 터널,승용,여,42세,상해없음,승용,여,42세,경상
2015051700100530,2015년 5월 17일 20시,일요일,충청남도 보령시 천북면,중상사고,0,1,0,0,차대사람 - 길가장자리구역통행중,안전운전불이행,건조,맑음,단일로 - 기타,농기계,남,62세,상해없음,보행자,여,73세,중상
2015051700100532,2015년 5월 17일 20시,일요일,충청남도 당진시 합덕읍,중상사고,0,1,0,0,차대차 - 측면직각충돌,교차로운행방법위반,건조,맑음,교차로 - 교차로안,승용,남,35세,상해없음,이륜,남,35세,중상
2015051700100533,2015년 5월 17일 20시,일요일,충청남도 금산군 제원면,중상사고,0,1,0,0,차대차 - 측면직각충돌,안전운전불이행,건조,맑음,단일로 - 기타,화물,남,67세,상해없음,원동기,남,33세,중상
2015051700100586,2015년 5월 17일 22시,일요일,충청남도 아산시 모종동,경상사고,0,0,2,0,차대차 - 추돌 - 주정차중,안전운전불이행,건조,맑음,교차로 - 교차로부근,승용,남,51세,상해없음,승용,남,31세,경상
2015051700100587,2015년 5월 17일 22시,일요일,충청남도 아산시 용화동,경상사고,0,0,4,0,차대차 - 추돌 - 주정차중,안전운전불이행,건조,맑음,교차로 - 교차로부근,승용,남,30세,상해없음,화물,남,50세,경상
2015051700100588,2015년 5월 17일 22시,일요일,충청남도 청양군 운곡면,중상사고,0,1,0,0,차량단독 - 공작물충돌,안전운전불이행,건조,맑음,단일로 - 기타,화물,남,41세,중상,,,,
2015051800100058,2015년 5월 18일 06시,월요일,충청남도 서산시 대산읍,경상사고,0,0,1,0,차대사람 - 차도통행중,안전운전불이행,건조,맑음,교차로 - 교차로부근,기타불명,기타불명,기타불명,기타불명,보행자,남,62세,경상
2015051800100082,2015년 5월 18일 07시,월요일,충청남도 천안시 서북구 성정동,경상사고,0,0,1,0,차대차 - 추돌 - 진행중,안전거리미확보,건조,맑음,교차로 - 교차로안,승용,남,26세,상해없음,승용,남,46세,경상