사고번호,사고일시,요일,시군구,사고내용,사망자수,중상자수,경상자수,부상신고자수,사고유형,법규위반,노면상태,기상상태,도로형태,가해운전자 차종,가해운전자 성별,가해운전자 연령,가해운전자 상해정도,피해운전자 차종,피해운전자 성별,피해운전자 연령,피해운전자 상해정도
2015051800100083,2015년 5월 18일 07시,월요일,충청남도 아산시 도고면,중상사고,0,1,2,0,차대차 - 측면직각충돌,안전운전불이행,건조,맑음,교차로 - 교차로부근,승용,남,29세,상해없음,승용,여,45세,경상
2015051800100084,2015년 5월 18일 07시,월요일,충청남도 서천군 화양면,중상사고,0,1,0,0,차대차 - 기타,중앙선침범,건조,맑음,단일로 - 기타,화물,남,58세,상해없음,화물,남,55세,중상
2015051800100117,2015년 5월 18일 08시,월요일,충청남도 보령시 궁촌동,중상사고,0,2,3,0,차대차 - 추돌 - 진행중,신호위반,건조,맑음,교차로 - 교차로안,승용,남,40세,기타불명,승용,남,56세,경상
2015051800100193,2015년 5월 18일 10시,월요일,충청남도 서산시 동문동,중상사고,0,1,0,0,차대사람 - 차도통행중,안전운전불이행,건조,맑음,단일로 - 기타,승용,여,48세,상해없음,보행자,여,72세,중상
2015051800100194,2015년 5월 18일 10시,월요일,충청남도 천안시 서북구 쌍용동,경상사고,0,0,1,0,차대차 - 기타,안전거리미확보,건조,맑음,단일로 - 기타,승합,남,56세,상해없음,승용,남,27세,상해없음
2015051800100195,2015년 5월 18일 10시,월요일,충청남도 서천군 서천읍,중상사고,0,3,1,0,차대차 - 기타,안전운전불이행,건조,맑음,단일로 - 기타,승용,남,75세,상해없음,승용,남,69세,경상
2015051800100221,2015년 5월 18일 11시,월요일,충청남도 태안군 안면읍,경상사고,0,0,1,0,차대차 - 측면직각충돌,신호위반,건조,맑음,교차로 - 교차로안,승용,남,54세,상해없음,승용,여,51세,경상
2015051800100252,2015년 5월 18일 12시,월요일,충청남도 보령시 남포면,부상신고사고,0,0,0,1,차량단독 - 공작물충돌,안전운전불이행,건조,맑음,단일로 - 기타,승용,여,42세,부상신고,,,,
2015051800100253,2015년 5월 18일 12시,월요일,충청남도 천안시 동남구 청수동,중상사고,0,1,0,1,차대차 - 추돌 - 주정차중,안전운전불이행,건조,맑음,단일로 - 기타,원동기,남,20세,부상신고,원동기,남,42세,중상
2015051800100254,2015년 5월 18일 12시,월요일,충청남도 천안시 동남구 안서동,중상사고,0,1,0,0,차대사람 - 횡단중,안전운전불이행,건조,맑음,교차로 - 교차로안,승용,여,31세,상해없음,보행자,여,62세,중상
2015051800100255,2015년 5월 18일 12시,월요일,충청남도 천안시 동남구 다가동,중상사고,0,1,0,0,차대차 - 추돌 - 진행중,교차로운행방법위반,건조,맑음,교차로 - 교차로안,승용,남,69세,상해없음,원동기,남,33세,중상
2015051800100256,2015년 5월 18일 12시,월요일,충청남도 천안시 동남구 신방동,중상사고,0,1,0,0,차대차 - 측면직각충돌,안전운전불이행,건조,맑음,단일로 - 기타,화물,남,58세,상해없음,승용,남,39세,중상
2015051800100295,2015년 5월 18일 13시,월요일,충청남도 논산시 등화동,경상사고,0,0,2,0,차대차 - 측면직각충돌,안전운전불이행,건조,맑음,교차로 - 교차로안,화물,남,64세,경상,승용,남,42세,경상
2015051800100296,2015년 5월 18일 13시,월요일,충청남도 홍성군 광천읍,중상사고,0,1,0,0,차대사람 - 기타,안전운전불이행,건조,맑음,교차로 - 교차로안,화물,남,58세,상해없음,보행자,여,71세,중상
2015051800100324,2015년 5월 18일 14시,월요일,충청남도 예산군 예산읍,경상사고,0,0,1,0,차대사람 - 차도통행중,안전운전불이행,건조,맑음,교차로 - 교차로안,승용,기타불명,기타불명,기타불명,보행자,남,16세,경상
2015051800100325,2015년 5월 18일 14시,월요일,충청남도 천안시 서북구 입장면,경상사고,0,0,1,0,차대차 - 기타,안전운전불이행,건조,흐림,단일로 - 기타,화물,남,44세,상해없음,승용,남,41세,경상
2015051800100363,2015년 5월 18일 15시,월요일,충청남도 홍성군 홍북면,경상사고,0,0,2,0,차대차 - 측면직각충돌,중앙선침범,건조,맑음,단일로 - 기타,화물,여,54세,기타불명,승합,남,35세,경상
2015051800100364,2015년 5월 18일 15시,월요일,충청남도 천안시 동남구 신부동,중상사고,0,1,0,0,차대사람 - 횡단중,안전운전불이행,건조,맑음,단일로 - 기타,승용,여,56세,상해없음,보행자,여,72세,중상
2015051800100410,2015년 5월 18일 16시,월요일,충청남도 천안시 서북구 신당동,경상사고,0,0,1,0,차대차 - 측면직각충돌,안전운전불이행,건조,맑음,단일로 - 기타,승합,남,43세,상해없음,승용,여,43세,경상
2015051800100411,2015년 5월 18일 16시,월요일,충청남도 당진시 석문면,경상사고,0,0,3,0,차대차 - 측면직각충돌,신호위반,건조,맑음,교차로 - 교차로안,특수,남,43세,상해없음,승합,남,60세,경상
2015051800100447,2015년 5월 18일 17시,월요일,충청남도 천안시 서북구 직산읍,경상사고,0,0,2,0,차대차 - 측면직각충돌,안전운전불이행,건조,맑음,단일로 - 기타,화물,남,67세,상해없음,승용,여,33세,경상
2015051800100449,2015년 5월 18일 17시,월요일,충청남도 예산군 신암면,중상사고,0,1,0,0,차대차 - 기타,안전운전불이행,건조,맑음,교차로 - 교차로안,자전거,남,21세,중상,화물,남,35세,상해없음
2015051800100535,2015년 5월 18일 19시,월요일,충청남도 천안시 서북구 성환읍,경상사고,0,0,1,0,차대차 - 추돌 - 주정차중,안전운전불이행,건조,맑음,교차로 - 교차로부근,화물,남,62세,상해없음,승용,남,48세,경상
2015051800100609,2015년 5월 18일 21시,월요일,충청남도 아산시 배방읍,경상사고,0,0,1,0,차대차 - 기타,안전운전불이행,건조,맑음,기타 - 기타,자전거,남,16세,경상,승용,남,37세,상해없음
2015051900100010,2015년 5월 19일 00시,화요일,충청남도 천안시 동남구 청당동,중상사고,0,1,0,2,차대차 - 추돌 - 주정차중,신호위반,건조,맑음,교차로 - 교차로안,승용,남,57세,부상신고,승용,남,31세,중상
2015051900100055,2015년 5월 19일 03시,화요일,충청남도 서산시 해미면,중상사고,0,1,2,0,차대차 - 측면직각충돌,안전운전불이행,건조,맑음,단일로 - 기타,승합,남,28세,상해없음,승용,남,36세,중상
2015051900100109,2015년 5월 19일 07시,화요일,충청남도 논산시 부적면,중상사고,0,1,0,0,차대사람 - 차도통행중,안전운전불이행,건조,맑음,교차로 - 교차로안,승용,남,32세,상해없음,보행자,여,11세,중상
2015051900100110,2015년 5월 19일 07시,화요일,충청남도 부여군 규암면,중상사고,0,1,0,0,차대사람 - 횡단중,안전운전불이행,건조,맑음,단일로 - 기타,승용,여,46세,상해없음,보행자,남,77세,중상
2015051900100111,2015년 5월 19일 07시,화요일,충청남도 천안시 동남구 원성동,중상사고,0,1,0,0,차대사람 - 횡단중,안전운전불이행,건조,맑음,교차로 - 교차로부근,화물,남,45세,상해없음,보행자,남,17세,중상
2015051900100143,2015년 5월 19일 08시,화요일,충청남도 아산시 배방읍,경상사고,0,0,2,0,차대차 - 측면직각충돌,신호위반,건조,맑음,교차로 - 교차로안,승용,남,36세,상해없음,승용,남,67세,경상
2015051900100144,2015년 5월 19일 08시,화요일,충청남도 공주시 유구읍,중상사고,0,1,0,0,차대사람 - 차도통행중,보행자보호의무위반,건조,맑음,단일로 - 횡단보도상,승용,남,44세,기타불명,보행자,여,75세,중상
2015051900100191,2015년 5월 19일 09시,화요일,충청남도 논산시 강경읍,중상사고,0,1,0,0,차대차 - 측면직각충돌,교차로운행방법위반,건조,맑음,교차로 - 교차로안,승용,여,46세,중상,화물,남,52세,상해없음
2015051900100192,2015년 5월 19일 09시,화요일,충청남도 서천군 서천읍,중상사고,0,2,2,0,차대차 - 측면직각충돌,직진우회전진행방해,건조,맑음,교차로 - 교차로안,승용,남,72세,상해없음,화물,남,36세,경상
2015051900100193,2015년 5월 19일 09시,화요일,충청남도 공주시 산성동,중상사고,0,1,0,0,차대사람 - 차도통행중,안전운전불이행,건조,맑음,단일로 - 기타,승용,여,42세,상해없음,보행자,남,68세,중상
2015051900100246,2015년 5월 19일 11시,화요일,충청남도 보령시 동대동,경상사고,0,0,1,0,차대사람 - 기타,안전운전불이행,건조,맑음,교차로 - 교차로부근,승용,남,31세,상해없음,보행자,남,28세,경상
2015051900100247,2015년 5월 19일 11시,화요일,충청남도 부여군 규암면,중상사고,0,1,0,0,차대차 - 기타,직진우회전진행방해,건조,맑음,교차로 - 교차로부근,승용,여,31세,상해없음,농기계,남,52세,중상
2015051900100305,2015년 5월 19일 13시,화요일,충청남도 청양군 운곡면,경상사고,0,0,1,0,차대차 - 기타,안전운전불이행,건조,맑음,단일로 - 기타,농기계,남,65세,상해없음,농기계,남,71세,경상
2015051900100348,2015년 5월 19일 14시,화요일,충청남도 금산군 진산면,경상사고,0,0,1,0,차대차 - 측면직각충돌,안전운전불이행,건조,맑음,교차로 - 교차로안,화물,남,49세,상해없음,화물,남,57세,경상
2015051900100373,2015년 5월 19일 15시,화요일,충청남도 금산군 금산읍,경상사고,0,0,1,0,차대차 - 측면직각충돌,안전운전불이행,건조,맑음,단일로 - 기타,승용,남,34세,상해없음,자전거,남,49세,경상
2015051900100416,2015년 5월 19일 16시,화요일,충청남도 천안시 동남구 목천읍,중상사고,0,1,0,0,차대차 - 정면충돌,안전운전불이행,건조,맑음,교차로 - 교차로안,승용,남,61세,상해없음,이륜,남,81세,중상
2015051900100453,2015년 5월 19일 17시,화요일,충청남도 천안시 서북구 두정동,경상사고,0,0,1,0,차대사람 - 차도통행중,안전운전불이행,습기,비,단일로 - 기타,화물,남,36세,상해없음,보행자,여,27세,경상
2015051900100494,2015년 5월 19일 18시,화요일,충청남도 홍성군 광천읍,경상사고,0,0,1,0,차대사람 - 차도통행중,안전운전불이행,건조,맑음,단일로 - 기타,승용,남,46세,상해없음,보행자,여,46세,경상
2015051900100555,2015년 5월 19일 20시,화요일,충청남도 서산시 해미면,경상사고,0,0,1,0,차량단독 - 공작물충돌,안전운전불이행,건조,맑음,단일로 - 기타,승용,여,37세,경상,,,,
2015051900100556,2015년 5월 19일 20시,화요일,충청남도 계룡시 엄사면,중상사고,0,1,2,0,차대차 - 추돌 - 진행중,안전운전불이행,건조,맑음,단일로 - 기타,승용,여,48세,경상,농기계,남,77세,중상
2015051900100557,2015년 5월 19일 20시,화요일,충청남도 공주시 산성동,중상사고,0,1,0,0,차대차 - 측면직각충돌,안전운전불이행,건조,맑음,단일로 - 기타,승용,여,50세,상해없음,원동기,남,16세,중상
2015051900100558,2015년 5월 19일 20시,화요일,충청남도 예산군 삽교읍,중상사고,0,1,0,0,차대사람 - 횡단중,안전운전불이행,습기,비,기타 - 기타,승용,남,50세,상해없음,보행자,남,56세,중상
2015051900100617,2015년 5월 19일 22시,화요일,충청남도 천안시 서북구 불당동,중상사고,0,1,0,0,차대사람 - 횡단중,안전운전불이행,습기,흐림,단일로 - 기타,승합,여,53세,상해없음,보행자,남,12세,중상
2015052000100040,2015년 5월 20일 03시,수요일,충청남도 논산시 은진면,경상사고,0,0,1,0,차량단독 - 공작물충돌,안전운전불이행,건조,맑음,단일로 - 기타,승용,남,32세,경상,,,,
2015052000100076,2015년 5월 20일 06시,수요일,충청남도 태안군 태안읍,경상사고,0,0,1,0,차량단독 - 기타,안전운전불이행,건조,맑음,단일로 - 기타,건설기계,남,47세,경상,,,,
2015052000100077,2015년 5월 20일 06시,수요일,충청남도 아산시 송악면,사망사고,1,2,0,0,차대차 - 추돌 - 주정차중,안전운전불이행,습기,흐림,단일로 - 기타,화물,남,69세,중상,건설기계,남,56세,중상
2015052000100097,2015년 5월 20일 07시,수요일,충청남도 당진시 대호지면,경상사고,0,0,1,0,차대차 - 측면직각충돌,직진우회전진행방해,건조,맑음,교차로 - 교차로안,화물,남,59세,상해없음,승용,여,54세,경상
2015052000100180,2015년 5월 20일 09시,수요일,충청남도 논산시 노성면,중상사고,0,1,0,0,차대차 - 측면직각충돌,안전운전불이행,건조,맑음,교차로 - 교차로부근,화물,남,69세,상해없음,이륜,남,44세,중상
2015052000100181,2015년 5월 20일 09시,수요일,충청남도 당진시 송산면,경상사고,0,0,1,0,차대차 - 측면직각충돌,안전운전불이행,건조,맑음,단일로 - 기타,건설기계,남,54세,상해없음,화물,남,55세,경상
2015052000100210,2015년 5월 20일 10시,수요일,충청남도 서산시 예천동,중상사고,0,1,0,0,차대차 - 측면직각충돌,안전운전불이행,건조,맑음,교차로 - 교차로부근,승용,남,72세,상해없음,승용,여,56세,중상
2015052000100235,2015년 5월 20일 11시,수요일,충청남도 천안시 서북구 성환읍,중상사고,0,1,0,0,차대차 - 측면직각충돌,교차로운행방법위반,건조,맑음,교차로 - 교차로안,화물,남,60세,상해없음,자전거,남,26세,중상
2015052000100299,2015년 5월 20일 13시,수요일,충청남도 서산시 해미면,중상사고,0,1,0,0,차대사람 - 횡단중,안전운전불이행,건조,맑음,교차로 - 교차로부근,승용,남,25세,상해없음,보행자,남,23세,중상
2015052000100301,2015년 5월 20일 13시,수요일,충청남도 당진시 읍내리,중상사고,0,1,0,0,차대사람 - 횡단중,안전운전불이행,건조,맑음,단일로 - 기타,승용,여,54세,상해없음,보행자,여,68세,중상
2015052000100375,2015년 5월 20일 15시,수요일,충청남도 서산시 팔봉면,중상사고,0,1,0,0,차량단독 - 공작물충돌,안전운전불이행,건조,맑음,단일로 - 교량,승용,남,68세,중상,,,,
2015052000100376,2015년 5월 20일 15시,수요일,충청남도 천안시 동남구 신부동,경상사고,0,0,2,0,차대차 - 측면직각충돌,안전운전불이행,건조,맑음,단일로 - 기타,승용,남,41세,상해없음,승용,여,61세,경상
2015052000100416,2015년 5월 20일 16시,수요일,충청남도 서산시 예천동,중상사고,0,1,0,0,차대사람 - 횡단중,안전운전불이행,건조,맑음,단일로 - 횡단보도상,승용,여,49세,상해없음,보행자,여,67세,중상
2015052000100417,2015년 5월 20일 16시,수요일,충청남도 논산시 내동,중상사고,0,1,0,0,차대차 - 측면직각충돌,중앙선침범,건조,맑음,단일로 - 기타,승용,여,31세,상해없음,이륜,남,17세,중상
2015052000100418,2015년 5월 20일 16시,수요일,충청남도 당진시 사기소리,중상사고,0,1,0,0,차대차 - 측면직각충돌,안전운전불이행,건조,맑음,단일로 - 기타,이륜,남,71세,중상,화물,남,63세,상해없음
2015052000100465,2015년 5월 20일 17시,수요일,충청남도 홍성군 홍성읍,경상사고,0,0,1,0,차대차 - 추돌 - 진행중,차로위반,건조,맑음,단일로 - 기타,건설기계,남,42세,상해없음,승용,여,48세,경상
2015052000100511,2015년 5월 20일 18시,수요일,충청남도 예산군 예산읍,중상사고,0,1,0,0,차대사람 - 횡단중,안전운전불이행,건조,맑음,교차로 - 교차로부근,승용,여,61세,상해없음,보행자,남,62세,중상
2015052000100594,2015년 5월 20일 20시,수요일,충청남도 보령시 대천동,경상사고,0,0,5,0,차대차 - 추돌 - 진행중,직진우회전진행방해,건조,맑음,교차로 - 교차로안,승용,남,61세,상해없음,승용,여,23세,경상
2015052000100595,2015년 5월 20일 20시,수요일,충청남도 공주시 중학동,경상사고,0,0,1,0,차대사람 - 횡단중,안전운전불이행,건조,맑음,교차로 - 교차로부근,이륜,남,16세,상해없음,보행자,여,64세,경상
2015052000100630,2015년 5월 20일 21시,수요일,충청남도 논산시 강산동,경상사고,0,0,1,0,차대차 - 측면직각충돌,안전운전불이행,건조,맑음,교차로 - 교차로부근,승용,남,45세,경상,승용,남,41세,상해없음
2015052000100631,2015년 5월 20일 21시,수요일,충청남도 아산시 탕정면,경상사고,0,0,1,0,차대차 - 측면직각충돌,안전운전불이행,건조,맑음,단일로 - 기타,승용,남,45세,상해없음,승용,남,35세,경상
2015052000100632,2015년 5월 20일 21시,수요일,충청남도 천안시 동남구 구성동,경상사고,0,0,1,0,차대차 - 측면직각충돌,안전운전불이행,건조,맑음,단일로 - 기타,승용,남,24세,상해없음,승용,남,47세,기타불명
2015052000100664,2015년 5월 20일 22시,수요일,충청남도 아산시 권곡동,경상사고,0,0,1,0,차대차 - 추돌 - 주정차중,안전운전불이행,건조,맑음,기타 - 기타,승용,남,37세,상해없음,승용,남,37세,경상
2015052000100687,2015년 5월 20일 23시,수요일,충청남도 천안시 서북구 직산읍,경상사고,0,0,2,0,차대차 - 측면직각충돌,기타,건조,맑음,교차로 - 교차로안,승용,남,54세,상해없음,승용,남,29세,경상
2015052000100688,2015년 5월 20일 23시,수요일,충청남도 천안시 서북구 두정동,경상사고,0,0,1,0,차대차 - 측면직각충돌,안전운전불이행,건조,맑음,교차로 - 교차로안,승용,남,41세,상해없음,승용,남,25세,경상
2015052000100689,2015년 5월 20일 23시,수요일,충청남도 아산시 방축동,중상사고,0,1,0,0,차대사람 - 길가장자리구역통행중,안전운전불이행,건조,맑음,단일로 - 기타,승용,남,30세,상해없음,보행자,남,60세,중상
2015052100100044,2015년 5월 21일 02시,목요일,충청남도 부여군 규암면,중상사고,0,1,0,0,차대차 - 추돌 - 진행중,안전운전불이행,건조,맑음,단일로 - 터널,승용,남,37세,상해없음,화물,남,49세,중상
2015052100100053,2015년 5월 21일 03시,목요일,충청남도 천안시 서북구 성정동,경상사고,0,0,1,0,차대차 - 추돌 - 진행중,안전운전불이행,건조,맑음,단일로 - 기타,승용,남,28세,기타불명,승용,남,26세,경상
2015052100100064,2015년 5월 21일 04시,목요일,충청남도 아산시 풍기동,경상사고,0,0,1,0,차대차 - 추돌 - 진행중,안전운전불이행,건조,맑음,교차로 - 교차로부근,승용,남,21세,상해없음,승용,남,46세,경상
2015052100100073,2015년 5월 21일 05시,목요일,충청남도 천안시 서북구 성정동,경상사고,0,0,1,0,차대차 - 측면직각충돌,안전운전불이행,건조,맑음,교차로 - 교차로안,승용,남,32세,기타불명,승합,남,52세,상해없음
2015052100100074,2015년 5월 21일 05시,목요일,충청남도 서천군 마서면,사망사고,1,0,0,0,차대차 - 추돌 - 진행중,안전운전불이행,건조,맑음,단일로 - 기타,화물,남,54세,상해없음,자전거,남,80세,사망
2015052100100084,2015년 5월 21일 06시,목요일,충청남도 천안시 동남구 풍세면,경상사고,0,0,3,1,차대차 - 추돌 - 주정차중,안전거리미확보,건조,맑음,단일로 - 기타,승용,남,31세,부상신고,화물,남,41세,경상
2015052100100143,2015년 5월 21일 08시,목요일,충청남도 천안시 서북구 두정동,경상사고,0,0,1,0,차대차 - 기타,안전운전불이행,건조,맑음,교차로 - 교차로안,승용,남,28세,상해없음,승용,여,42세,경상
2015052100100144,2015년 5월 21일 08시,목요일,충청남도 보령시 동대동,중상사고,0,1,0,0,차대사람 - 횡단중,안전운전불이행,건조,맑음,단일로 - 기타,승용,남,50세,상해없음,보행자,남,51세,중상
2015052100100145,2015년 5월 21일 08시,목요일,충청남도 당진시 우강면,중상사고,0,1,0,0,차대사람 - 횡단중,안전운전불이행,건조,맑음,단일로 - 기타,승용,여,57세,상해없음,보행자,여,70세,중상
2015052100100146,2015년 5월 21일 08시,목요일,충청남도 천안시 동남구 신부동,중상사고,0,1,0,0,차대차 - 측면직각충돌,안전운전불이행,건조,맑음,기타 - 기타,승용,남,44세,상해없음,자전거,남,26세,중상
2015052100100191,2015년 5월 21일 09시,목요일,충청남도 태안군 태안읍,중상사고,0,1,1,0,차대차 - 추돌 - 진행중,안전거리미확보,건조,맑음,단일로 - 기타,건설기계,남,43세,상해없음,화물,여,55세,중상
2015052100100216,2015년 5월 21일 10시,목요일,충청남도 홍성군 갈산면,경상사고,0,0,1,0,차대차 - 기타,교차로운행방법위반,건조,맑음,교차로 - 교차로안,건설기계,남,43세,상해없음,화물,남,42세,경상
2015052100100217,2015년 5월 21일 10시,목요일,충청남도 부여군 세도면,중상사고,0,1,0,0,차대차 - 측면직각충돌,중앙선침범,건조,맑음,단일로 - 기타,승합,남,81세,상해없음,화물,남,59세,중상
2015052100100252,2015년 5월 21일 11시,목요일,충청남도 예산군 고덕면,경상사고,0,0,1,0,차대차 - 추돌 - 주정차중,안전거리미확보,건조,맑음,단일로 - 기타,승용,남,37세,기타불명,승용,남,47세,경상
2015052100100283,2015년 5월 21일 12시,목요일,충청남도 서산시 예천동,중상사고,0,1,0,0,차대차 - 측면직각충돌,안전운전불이행,건조,맑음,단일로 - 기타,승용,남,62세,상해없음,이륜,남,73세,중상
2015052100100284,2015년 5월 21일 12시,목요일,충청남도 서산시 팔봉면,중상사고,0,1,0,0,차대사람 - 차도통행중,안전운전불이행,건조,맑음,단일로 - 기타,승용,남,57세,상해없음,보행자,여,62세,중상
2015052100100285,2015년 5월 21일 12시,목요일,충청남도 아산시 기산동,경상사고,0,0,1,0,차대차 - 기타,불법유턴,건조,맑음,단일로 - 기타,자전거,남,74세,경상,승용,남,29세,상해없음
2015052100100287,2015년 5월 21일 12시,목요일,충청남도 금산군 추부면,경상사고,0,0,1,0,차대차 - 정면충돌,안전운전불이행,건조,맑음,단일로 - 기타,승용,남,24세,상해없음,이륜,남,23세,경상
2015052100100394,2015년 5월 21일 15시,목요일,충청남도 홍성군 홍성읍,중상사고,0,2,0,0,차대차 - 측면직각충돌,신호위반,건조,맑음,교차로 - 교차로안,승용,남,78세,상해없음,이륜,남,62세,중상
2015052100100395,2015년 5월 21일 15시,목요일,충청남도 당진시 원당리,경상사고,0,0,1,0,차대차 - 측면직각충돌,신호위반,건조,맑음,교차로 - 교차로안,승용,남,39세,상해없음,승용,남,27세,경상
2015052100100423,2015년 5월 21일 16시,목요일,충청남도 서천군 서면,경상사고,0,0,1,0,차대차 - 기타,중앙선침범,건조,맑음,단일로 - 기타,승합,남,42세,상해없음,건설기계,남,59세,경상
2015052100100467,2015년 5월 21일 17시,목요일,충청남도 아산시 용화동,중상사고,0,1,0,0,차대차 - 측면직각충돌,신호위반,건조,맑음,교차로 - 교차로안,승합,남,65세,상해없음,승용,남,54세,중상
2015052100100552,2015년 5월 21일 19시,목요일,충청남도 천안시 서북구 불당동,중상사고,0,1,0,0,차대차 - 기타,신호위반,건조,맑음,교차로 - 교차로부근,승용,여,30세,상해없음,자전거,남,12세,중상
2015052100100553,2015년 5월 21일 19시,목요일,충청남도 천안시 서북구 두정동,경상사고,0,0,1,0,차대차 - 측면직각충돌,안전운전불이행,건조,맑음,교차로 - 교차로안,승용,여,27세,상해없음,승합,여,49세,경상
2015052100100554,2015년 5월 21일 19시,목요일,충청남도 당진시 송악읍,경상사고,0,0,3,0,차대차 - 추돌 - 진행중,안전운전불이행,건조,맑음,교차로 - 교차로부근,화물,남,52세,상해없음,승용,남,32세,경상
2015052100100629,2015년 5월 21일 21시,목요일,충청남도 보령시 신흑동,경상사고,0,0,2,0,차대차 - 측면직각충돌,안전운전불이행,건조,맑음,교차로 - 교차로안,승용,남,56세,상해없음,승용,남,18세,경상
2015052100100631,2015년 5월 21일 21시,목요일,충청남도 천안시 동남구 안서동,경상사고,0,0,1,0,차대사람 - 길가장자리구역통행중,안전운전불이행,건조,맑음,단일로 - 기타,승용,남,54세,상해없음,보행자,남,23세,경상
2015052100100663,2015년 5월 21일 22시,목요일,충청남도 보령시 동대동,경상사고,0,0,1,0,차대사람 - 횡단중,안전운전불이행,건조,맑음,단일로 - 기타,이륜,남,17세,상해없음,보행자,남,34세,경상
2015052100100683,2015년 5월 21일 23시,목요일,충청남도 부여군 부여읍,경상사고,0,0,5,0,차대차 - 추돌 - 주정차중,안전운전불이행,건조,맑음,교차로 - 교차로부근,승용,남,57세,상해없음,승용,여,26세,경상
2015052200100009,2015년 5월 22일 00시,금요일,충청남도 천안시 서북구 성성동,경상사고,0,0,1,0,차대차 - 측면직각충돌,안전운전불이행,건조,맑음,단일로 - 기타,승용,남,38세,상해없음,승용,남,50세,상해없음
2015052200100010,2015년 5월 22일 00시,금요일,충청남도 천안시 서북구 성정동,중상사고,0,1,0,0,차대사람 - 횡단중,보행자보호의무위반,건조,맑음,단일로 - 기타,승용,남,35세,상해없음,보행자,남,22세,중상
2015052200100011,2015년 5월 22일 00시,금요일,충청남도 천안시 서북구 쌍용동,경상사고,0,0,1,0,차대사람 - 기타,안전운전불이행,건조,맑음,교차로 - 교차로안,승용,남,58세,상해없음,보행자,남,26세,경상
2015052200100012,2015년 5월 22일 00시,금요일,충청남도 아산시 신창면,경상사고,0,0,1,0,차대차 - 측면직각충돌,안전운전불이행,건조,맑음,교차로 - 교차로안,승용,남,34세,상해없음,승용,남,35세,경상
2015052200100030,2015년 5월 22일 01시,금요일,충청남도 천안시 서북구 두정동,경상사고,0,0,1,0,차대차 - 측면직각충돌,신호위반,건조,맑음,교차로 - 교차로안,승용,남,46세,상해없음,승용,여,50세,경상
2015052200100053,2015년 5월 22일 03시,금요일,충청남도 공주시 우성면,중상사고,0,3,0,0,차대차 - 기타,안전운전불이행,건조,맑음,단일로 - 기타,승용,여,39세,상해없음,화물,남,62세,중상
2015052200100112,2015년 5월 22일 07시,금요일,충청남도 천안시 서북구 불당동,중상사고,0,1,0,0,차량단독 - 공작물충돌,안전운전불이행,건조,맑음,교차로 - 교차로부근,승용,남,22세,상해없음,,,,
2015052200100113,2015년 5월 22일 07시,금요일,충청남도 아산시 둔포면,중상사고,0,1,0,0,차대차 - 측면직각충돌,신호위반,건조,맑음,교차로 - 교차로안,승용,남,26세,상해없음,자전거,남,67세,중상
2015052200100156,2015년 5월 22일 08시,금요일,충청남도 서산시 읍내동,중상사고,0,1,0,0,차대차 - 측면직각충돌,직진우회전진행방해,건조,맑음,교차로 - 교차로안,승용,남,34세,상해없음,승용,여,67세,중상
2015052200100157,2015년 5월 22일 08시,금요일,충청남도 논산시 연산면,경상사고,0,0,1,0,차대차 - 측면직각충돌,직진우회전진행방해,건조,맑음,교차로 - 교차로안,승용,남,42세,상해없음,승용,남,32세,경상
2015052200100158,2015년 5월 22일 08시,금요일,충청남도 서천군 장항읍,중상사고,0,1,0,0,차대차 - 기타,직진우회전진행방해,건조,맑음,교차로 - 교차로안,자전거,남,14세,중상,승용,여,39세,상해없음
2015052200100159,2015년 5월 22일 08시,금요일,충청남도 당진시 수청리,경상사고,0,0,2,0,차대차 - 측면직각충돌,안전운전불이행,건조,맑음,교차로 - 교차로부근,승용,남,70세,상해없음,승용,남,54세,경상
2015052200100198,2015년 5월 22일 09시,금요일,충청남도 천안시 서북구 성환읍,경상사고,0,0,5,0,차대차 - 추돌 - 진행중,안전운전불이행,건조,맑음,단일로 - 기타,화물,남,32세,상해없음,화물,남,19세,경상
2015052200100199,2015년 5월 22일 09시,금요일,충청남도 아산시 배방읍,경상사고,0,0,1,0,차대사람 - 차도통행중,안전운전불이행,건조,맑음,단일로 - 기타,승용,여,28세,상해없음,보행자,남,23세,경상
2015052200100229,2015년 5월 22일 10시,금요일,충청남도 천안시 서북구 두정동,경상사고,0,0,1,0,차대차 - 측면직각충돌,안전운전불이행,건조,맑음,단일로 - 기타,승용,남,46세,상해없음,이륜,남,42세,경상
2015052200100230,2015년 5월 22일 10시,금요일,충청남도 공주시 중동,중상사고,0,1,0,0,차대사람 - 횡단중,신호위반,건조,맑음,교차로 - 교차로부근,승용,남,75세,상해없음,보행자,남,66세,중상
2015052200100264,2015년 5월 22일 11시,금요일,충청남도 부여군 외산면,중상사고,0,1,0,0,차량단독 - 도로외이탈 - 추락,기타,건조,맑음,단일로 - 기타,건설기계,여,64세,중상,,,,
2015052200100295,2015년 5월 22일 12시,금요일,충청남도 보령시 대천동,중상사고,0,1,0,0,차대사람 - 횡단중,보행자보호의무위반,건조,맑음,교차로 - 교차로안,승용,남,32세,상해없음,보행자,여,70세,중상
2015052200100333,2015년 5월 22일 13시,금요일,충청남도 예산군 예산읍,경상사고,0,0,1,0,차대차 - 측면직각충돌,기타,건조,맑음,교차로 - 교차로안,이륜,남,47세,경상,승용,남,54세,상해없음