사고번호,사고일시,요일,시군구,사고내용,사망자수,중상자수,경상자수,부상신고자수,사고유형,법규위반,노면상태,기상상태,도로형태,가해운전자 차종,가해운전자 성별,가해운전자 연령,가해운전자 상해정도,피해운전자 차종,피해운전자 성별,피해운전자 연령,피해운전자 상해정도
2015052200100369,2015년 5월 22일 14시,금요일,충청남도 태안군 태안읍,중상사고,0,2,0,0,차대차 - 정면충돌,중앙선침범,건조,맑음,단일로 - 기타,승합,남,52세,상해없음,건설기계,남,46세,상해없음
2015052200100370,2015년 5월 22일 14시,금요일,충청남도 천안시 서북구 성환읍,중상사고,0,1,0,0,차대사람 - 횡단중,안전운전불이행,건조,맑음,단일로 - 기타,승용,여,49세,상해없음,보행자,여,89세,중상
2015052200100371,2015년 5월 22일 14시,금요일,충청남도 서천군 서천읍,중상사고,0,1,0,0,차대차 - 기타,직진우회전진행방해,건조,맑음,교차로 - 교차로안,화물,남,67세,상해없음,원동기,남,74세,중상
2015052200100372,2015년 5월 22일 14시,금요일,충청남도 보령시 주교면,경상사고,0,0,1,0,차대사람 - 기타,안전운전불이행,건조,맑음,교차로 - 교차로안,승용,남,60세,상해없음,보행자,여,58세,경상
2015052200100373,2015년 5월 22일 14시,금요일,충청남도 청양군 비봉면,경상사고,0,0,1,0,차대사람 - 차도통행중,안전운전불이행,건조,맑음,교차로 - 교차로안,화물,남,72세,상해없음,보행자,여,68세,경상
2015052200100416,2015년 5월 22일 15시,금요일,충청남도 태안군 남면,중상사고,0,1,0,0,차대차 - 측면직각충돌,안전운전불이행,건조,맑음,단일로 - 기타,승용,여,59세,상해없음,원동기,남,66세,중상
2015052200100417,2015년 5월 22일 15시,금요일,충청남도 천안시 서북구 쌍용동,부상신고사고,0,0,0,1,차대차 - 측면직각충돌,안전운전불이행,건조,맑음,단일로 - 기타,원동기,남,18세,부상신고,승용,남,62세,상해없음
2015052200100418,2015년 5월 22일 15시,금요일,충청남도 논산시 내동,경상사고,0,0,1,0,차대사람 - 보도통행중,기타,건조,맑음,단일로 - 횡단보도상,승용,남,57세,상해없음,보행자,남,12세,경상
2015052200100419,2015년 5월 22일 15시,금요일,충청남도 당진시 송악읍,중상사고,0,1,0,0,차대차 - 기타,안전운전불이행,건조,맑음,기타 - 기타,승용,여,31세,상해없음,자전거,남,7세,중상
2015052200100461,2015년 5월 22일 16시,금요일,충청남도 서천군 서천읍,경상사고,0,0,1,0,차대차 - 추돌 - 주정차중,안전거리미확보,건조,맑음,단일로 - 기타,농기계,남,50세,상해없음,승용,여,39세,경상
2015052200100462,2015년 5월 22일 16시,금요일,충청남도 금산군 남일면,중상사고,0,1,0,0,차대차 - 측면직각충돌,교차로운행방법위반,건조,맑음,교차로 - 교차로안,승용,남,73세,상해없음,원동기,남,60세,중상
2015052200100554,2015년 5월 22일 18시,금요일,충청남도 천안시 서북구 직산읍,경상사고,0,0,1,0,차대차 - 측면직각충돌,안전운전불이행,건조,맑음,단일로 - 기타,자전거,남,13세,경상,승용,남,46세,상해없음
2015052200100555,2015년 5월 22일 18시,금요일,충청남도 논산시 노성면,중상사고,0,1,0,0,차대차 - 정면충돌,중앙선침범,건조,맑음,단일로 - 기타,승용,남,55세,상해없음,화물,남,45세,중상
2015052200100556,2015년 5월 22일 18시,금요일,충청남도 홍성군 금마면,중상사고,0,1,0,0,차대차 - 측면직각충돌,안전운전불이행,건조,맑음,단일로 - 기타,승용,남,43세,상해없음,이륜,남,88세,중상
2015052200100557,2015년 5월 22일 18시,금요일,충청남도 아산시 신창면,사망사고,1,0,0,0,차량단독 - 도로외이탈 - 추락,안전운전불이행,건조,맑음,단일로 - 기타,농기계,남,76세,사망,,,,
2015052200100558,2015년 5월 22일 18시,금요일,충청남도 당진시 석문면,경상사고,0,0,5,0,차대차 - 측면직각충돌,안전운전불이행,건조,맑음,교차로 - 교차로안,승용,남,47세,상해없음,승용,여,37세,경상
2015052200100593,2015년 5월 22일 19시,금요일,충청남도 아산시 용화동,경상사고,0,0,1,0,차대차 - 측면직각충돌,안전운전불이행,건조,맑음,교차로 - 교차로안,승용,여,44세,상해없음,승용,여,29세,경상
2015052200100594,2015년 5월 22일 19시,금요일,충청남도 공주시 반포면,중상사고,0,1,2,0,차대차 - 추돌 - 주정차중,안전운전불이행,건조,맑음,단일로 - 터널,승용,여,46세,경상,승용,남,33세,경상
2015052200100630,2015년 5월 22일 20시,금요일,충청남도 아산시 읍내동,경상사고,0,0,1,0,차대차 - 기타,안전운전불이행,건조,맑음,단일로 - 기타,승용,남,46세,상해없음,농기계,남,61세,경상
2015052200100631,2015년 5월 22일 20시,금요일,충청남도 아산시 배미동,경상사고,0,0,1,0,차대사람 - 횡단중,보행자보호의무위반,건조,흐림,단일로 - 기타,승용,여,34세,상해없음,보행자,남,6세,경상
2015052200100632,2015년 5월 22일 20시,금요일,충청남도 예산군 예산읍,사망사고,1,0,0,0,차대사람 - 횡단중,안전운전불이행,건조,맑음,교차로 - 교차로안,승용,여,37세,상해없음,보행자,여,63세,사망
2015052200100633,2015년 5월 22일 20시,금요일,충청남도 당진시 석문면,중상사고,0,1,0,0,차량단독 - 전도전복,안전운전불이행,건조,맑음,단일로 - 기타,원동기,남,20세,상해없음,,,,
2015052200100670,2015년 5월 22일 21시,금요일,충청남도 천안시 동남구 봉명동,중상사고,0,1,0,0,차대차 - 추돌 - 주정차중,안전운전불이행,건조,맑음,단일로 - 기타,승용,남,52세,상해없음,승합,남,56세,상해없음
2015052200100746,2015년 5월 22일 23시,금요일,충청남도 천안시 서북구 성정동,경상사고,0,0,1,0,차대차 - 기타,교차로운행방법위반,건조,맑음,교차로 - 교차로안,원동기,남,41세,경상,승용,남,29세,상해없음
2015052200100747,2015년 5월 22일 23시,금요일,충청남도 천안시 동남구 목천읍,중상사고,0,1,0,0,차대차 - 추돌 - 진행중,안전운전불이행,건조,맑음,단일로 - 기타,승용,여,39세,상해없음,자전거,남,48세,중상
2015052300100120,2015년 5월 23일 06시,토요일,충청남도 공주시 우성면,중상사고,0,1,0,1,차대차 - 기타,안전운전불이행,건조,맑음,단일로 - 기타,승용,남,21세,부상신고,화물,남,42세,상해없음
2015052300100141,2015년 5월 23일 07시,토요일,충청남도 논산시 연무읍,경상사고,0,0,1,0,차대차 - 추돌 - 진행중,안전운전불이행,건조,맑음,교차로 - 교차로부근,승용,남,33세,상해없음,승용,남,61세,경상
2015052300100217,2015년 5월 23일 10시,토요일,충청남도 천안시 서북구 입장면,사망사고,1,1,0,0,차대차 - 추돌 - 진행중,안전운전불이행,건조,맑음,단일로 - 기타,승용,남,41세,상해없음,승용,남,68세,중상
2015052300100260,2015년 5월 23일 11시,토요일,충청남도 서산시 부석면,중상사고,0,1,0,0,차대차 - 측면직각충돌,중앙선침범,건조,맑음,단일로 - 기타,자전거,남,13세,중상,화물,남,63세,상해없음
2015052300100261,2015년 5월 23일 11시,토요일,충청남도 천안시 서북구 성환읍,경상사고,0,0,1,0,차대차 - 추돌 - 진행중,안전운전불이행,건조,맑음,단일로 - 기타,승용,남,25세,상해없음,승용,남,34세,경상
2015052300100262,2015년 5월 23일 11시,토요일,충청남도 천안시 서북구 두정동,경상사고,0,0,1,0,차대차 - 기타,안전운전불이행,건조,맑음,단일로 - 기타,승용,남,35세,경상,승용,남,30세,상해없음
2015052300100299,2015년 5월 23일 12시,토요일,충청남도 부여군 부여읍,경상사고,0,0,1,0,차대차 - 기타,직진우회전진행방해,건조,맑음,교차로 - 교차로안,이륜,남,52세,경상,화물,남,37세,상해없음
2015052300100300,2015년 5월 23일 12시,토요일,충청남도 당진시 합덕읍,경상사고,0,0,1,0,차대차 - 측면직각충돌,안전운전불이행,건조,맑음,교차로 - 교차로부근,승용,남,36세,경상,화물,남,45세,상해없음
2015052300100301,2015년 5월 23일 12시,토요일,충청남도 천안시 동남구 봉명동,중상사고,0,1,0,0,차대차 - 측면직각충돌,교차로운행방법위반,건조,맑음,교차로 - 교차로안,승용,남,44세,상해없음,자전거,남,12세,중상
2015052300100343,2015년 5월 23일 13시,토요일,충청남도 천안시 서북구 성거읍,경상사고,0,0,2,0,차대차 - 기타,안전운전불이행,건조,맑음,단일로 - 기타,승용,남,31세,상해없음,승용,여,43세,경상
2015052300100344,2015년 5월 23일 13시,토요일,충청남도 천안시 서북구 두정동,중상사고,0,1,0,0,차대차 - 추돌 - 진행중,안전운전불이행,건조,맑음,단일로 - 기타,승용,남,73세,상해없음,원동기,남,34세,중상
2015052300100345,2015년 5월 23일 13시,토요일,충청남도 논산시 취암동,경상사고,0,0,1,0,차대차 - 측면직각충돌,교차로운행방법위반,건조,맑음,교차로 - 교차로안,승용,여,38세,상해없음,승용,남,24세,경상
2015052300100346,2015년 5월 23일 13시,토요일,충청남도 아산시 모종동,경상사고,0,0,3,0,차대차 - 측면직각충돌,차로위반,건조,맑음,단일로 - 기타,승용,남,43세,상해없음,화물,남,46세,경상
2015052300100347,2015년 5월 23일 13시,토요일,충청남도 아산시 탕정면,중상사고,0,1,0,0,차대차 - 측면직각충돌,중앙선침범,건조,맑음,단일로 - 기타,승용,남,34세,상해없음,승용,남,41세,중상
2015052300100348,2015년 5월 23일 13시,토요일,충청남도 부여군 부여읍,중상사고,0,3,0,0,차대차 - 기타,안전운전불이행,건조,맑음,교차로 - 교차로부근,승용,남,64세,상해없음,이륜,남,27세,중상
2015052300100384,2015년 5월 23일 14시,토요일,충청남도 예산군 광시면,중상사고,0,2,0,0,차량단독 - 공작물충돌,안전운전불이행,건조,맑음,단일로 - 교량,승용,남,83세,중상,,,,
2015052300100412,2015년 5월 23일 15시,토요일,충청남도 당진시 송산면,중상사고,0,1,0,0,차대차 - 기타,안전운전불이행,건조,맑음,단일로 - 기타,승용,여,42세,상해없음,이륜,남,79세,중상
2015052300100458,2015년 5월 23일 16시,토요일,충청남도 부여군 규암면,경상사고,0,0,1,0,차대차 - 기타,안전운전불이행,건조,맑음,교차로 - 교차로안,이륜,여,53세,경상,승용,남,64세,상해없음
2015052300100459,2015년 5월 23일 16시,토요일,충청남도 당진시 읍내리,중상사고,0,1,0,0,차대차 - 기타,신호위반,건조,맑음,교차로 - 교차로안,승용,남,23세,상해없음,이륜,남,43세,중상
2015052300100547,2015년 5월 23일 18시,토요일,충청남도 홍성군 홍성읍,경상사고,0,0,1,0,차대사람 - 횡단중,보행자보호의무위반,건조,맑음,교차로 - 교차로안,승용,여,41세,상해없음,보행자,여,62세,경상
2015052300100579,2015년 5월 23일 19시,토요일,충청남도 청양군 비봉면,경상사고,0,0,2,0,차대차 - 기타,기타,건조,맑음,교차로 - 교차로안,승용,남,39세,상해없음,승용,남,74세,경상
2015052300100580,2015년 5월 23일 19시,토요일,충청남도 천안시 서북구 성거읍,경상사고,0,0,2,0,차대차 - 추돌 - 진행중,안전운전불이행,건조,맑음,단일로 - 기타,승용,남,48세,상해없음,승용,여,43세,경상
2015052300100638,2015년 5월 23일 21시,토요일,충청남도 천안시 동남구 봉명동,경상사고,0,0,1,0,차대차 - 측면직각충돌,중앙선침범,건조,맑음,단일로 - 기타,승용,남,50세,상해없음,승용,남,54세,경상
2015052300100640,2015년 5월 23일 21시,토요일,충청남도 보령시 남포면,중상사고,0,2,1,0,차대차 - 측면직각충돌,안전운전불이행,건조,맑음,단일로 - 기타,특수,남,50세,상해없음,승용,남,26세,중상
2015052300100666,2015년 5월 23일 22시,토요일,충청남도 태안군 안면읍,경상사고,0,0,3,0,차대차 - 측면직각충돌,직진우회전진행방해,건조,맑음,교차로 - 교차로안,승용,남,64세,상해없음,승합,여,27세,경상
2015052300100667,2015년 5월 23일 22시,토요일,충청남도 논산시 취암동,경상사고,0,0,1,0,차대사람 - 횡단중,안전운전불이행,건조,맑음,단일로 - 기타,승용,남,37세,상해없음,보행자,남,64세,경상
2015052400100027,2015년 5월 24일 01시,일요일,충청남도 천안시 서북구 두정동,중상사고,0,1,0,0,차대사람 - 기타,안전운전불이행,건조,맑음,단일로 - 기타,승용,남,28세,상해없음,보행자,여,23세,중상
2015052400100040,2015년 5월 24일 02시,일요일,충청남도 천안시 서북구 두정동,경상사고,0,0,2,0,차대차 - 기타,안전운전불이행,건조,맑음,교차로 - 교차로부근,승용,남,27세,상해없음,승용,남,25세,경상
2015052400100093,2015년 5월 24일 05시,일요일,충청남도 천안시 동남구 신부동,경상사고,0,0,1,0,차대사람 - 길가장자리구역통행중,기타,건조,맑음,단일로 - 기타,승용,남,42세,상해없음,보행자,여,45세,경상
2015052400100140,2015년 5월 24일 08시,일요일,충청남도 천안시 동남구 원성동,중상사고,0,7,1,0,차대차 - 기타,신호위반,건조,맑음,단일로 - 기타,승용,남,63세,상해없음,승합,남,52세,상해없음
2015052400100164,2015년 5월 24일 09시,일요일,충청남도 예산군 오가면,경상사고,0,0,2,0,차대차 - 측면직각충돌,신호위반,건조,맑음,교차로 - 교차로안,승용,여,38세,상해없음,화물,남,50세,경상
2015052400100212,2015년 5월 24일 11시,일요일,충청남도 아산시 남동,중상사고,0,1,3,0,차대차 - 추돌 - 진행중,안전운전불이행,건조,맑음,단일로 - 기타,승용,남,21세,상해없음,승용,여,30세,중상
2015052400100213,2015년 5월 24일 11시,일요일,충청남도 서천군 마서면,중상사고,0,1,0,0,차대사람 - 기타,안전운전불이행,건조,맑음,단일로 - 기타,승용,남,44세,상해없음,보행자,남,50세,중상
2015052400100263,2015년 5월 24일 13시,일요일,충청남도 홍성군 홍성읍,경상사고,0,0,1,0,차대차 - 기타,차로위반,건조,맑음,단일로 - 기타,승용,남,35세,상해없음,승용,여,25세,상해없음
2015052400100330,2015년 5월 24일 15시,일요일,충청남도 서산시 부석면,경상사고,0,0,1,0,차대차 - 추돌 - 진행중,안전운전불이행,건조,맑음,단일로 - 기타,이륜,남,26세,경상,승용,여,47세,상해없음
2015052400100331,2015년 5월 24일 15시,일요일,충청남도 서천군 마서면,경상사고,0,0,1,0,차대차 - 기타,안전운전불이행,건조,맑음,교차로 - 교차로부근,원동기,남,54세,경상,승용,남,43세,상해없음
2015052400100364,2015년 5월 24일 16시,일요일,충청남도 태안군 안면읍,경상사고,0,0,1,0,차대차 - 정면충돌,중앙선침범,건조,맑음,단일로 - 기타,승용,남,55세,상해없음,승용,남,34세,경상
2015052400100365,2015년 5월 24일 16시,일요일,충청남도 서천군 종천면,중상사고,0,1,0,0,차대사람 - 기타,보행자보호의무위반,건조,맑음,단일로 - 횡단보도상,화물,여,61세,상해없음,보행자,남,79세,중상
2015052400100366,2015년 5월 24일 16시,일요일,충청남도 당진시 고대면,중상사고,0,1,0,0,차대사람 - 길가장자리구역통행중,안전운전불이행,기타,맑음,단일로 - 기타,화물,남,52세,상해없음,보행자,남,63세,중상
2015052400100401,2015년 5월 24일 17시,일요일,충청남도 아산시 도고면,경상사고,0,0,1,0,차대차 - 추돌 - 주정차중,안전운전불이행,건조,맑음,단일로 - 기타,승용,남,43세,상해없음,승용,여,40세,경상
2015052400100439,2015년 5월 24일 18시,일요일,충청남도 서산시 읍내동,경상사고,0,0,1,0,차대차 - 측면직각충돌,신호위반,건조,맑음,교차로 - 교차로안,자전거,남,76세,경상,승용,남,47세,상해없음
2015052400100440,2015년 5월 24일 18시,일요일,충청남도 천안시 서북구 성정동,경상사고,0,0,3,0,차대차 - 측면직각충돌,신호위반,건조,맑음,교차로 - 교차로안,승용,남,45세,상해없음,승용,여,46세,경상
2015052400100441,2015년 5월 24일 18시,일요일,충청남도 아산시 도고면,경상사고,0,0,1,0,차대차 - 측면직각충돌,직진우회전진행방해,건조,맑음,교차로 - 교차로안,이륜,남,27세,경상,승용,남,25세,상해없음
2015052400100442,2015년 5월 24일 18시,일요일,충청남도 당진시 정미면,중상사고,0,1,0,0,차대차 - 기타,안전운전불이행,건조,맑음,단일로 - 교량,화물,남,58세,상해없음,원동기,남,80세,중상
2015052400100443,2015년 5월 24일 18시,일요일,충청남도 청양군 정산면,경상사고,0,0,1,0,차량단독 - 공작물충돌,안전운전불이행,건조,맑음,단일로 - 기타,화물,남,64세,경상,,,,
2015052400100466,2015년 5월 24일 19시,일요일,충청남도 서산시 인지면,중상사고,0,1,0,0,차대사람 - 길가장자리구역통행중,안전운전불이행,건조,맑음,단일로 - 기타,승용,남,49세,상해없음,보행자,여,58세,중상
2015052400100494,2015년 5월 24일 20시,일요일,충청남도 논산시 연산면,중상사고,0,2,1,0,차대차 - 추돌 - 진행중,안전운전불이행,건조,맑음,단일로 - 기타,승합,남,51세,중상,농기계,남,52세,경상
2015052400100527,2015년 5월 24일 21시,일요일,충청남도 보령시 웅천읍,중상사고,0,1,0,0,차대사람 - 횡단중,안전운전불이행,건조,흐림,단일로 - 기타,승용,여,31세,상해없음,보행자,여,80세,중상
2015052400100528,2015년 5월 24일 21시,일요일,충청남도 예산군 오가면,경상사고,0,0,2,0,차대차 - 추돌 - 진행중,안전운전불이행,건조,맑음,단일로 - 기타,승용,남,41세,상해없음,승용,남,29세,경상
2015052400100548,2015년 5월 24일 22시,일요일,충청남도 아산시 온천동,경상사고,0,0,2,0,차대차 - 측면직각충돌,안전운전불이행,건조,맑음,단일로 - 기타,승용,남,24세,상해없음,승용,남,24세,경상
2015052400100549,2015년 5월 24일 22시,일요일,충청남도 예산군 덕산면,경상사고,0,0,1,0,차대차 - 측면직각충돌,신호위반,건조,맑음,교차로 - 교차로안,승용,여,55세,상해없음,승용,여,62세,경상
2015052400100577,2015년 5월 24일 23시,일요일,충청남도 천안시 동남구 목천읍,사망사고,1,0,0,0,차량단독 - 기타,기타,건조,맑음,단일로 - 기타,승용,남,53세,사망,,,,
2015052500100056,2015년 5월 25일 04시,월요일,충청남도 천안시 서북구 성정동,경상사고,0,0,1,0,차대차 - 측면직각충돌,안전운전불이행,건조,맑음,교차로 - 교차로안,기타불명,기타불명,기타불명,기타불명,원동기,남,32세,경상
2015052500100089,2015년 5월 25일 06시,월요일,충청남도 천안시 동남구 구성동,중상사고,0,1,0,0,차대차 - 추돌 - 진행중,안전운전불이행,건조,맑음,단일로 - 기타,기타불명,기타불명,기타불명,기타불명,이륜,남,72세,중상
2015052500100102,2015년 5월 25일 07시,월요일,충청남도 태안군 태안읍,중상사고,0,2,0,0,차대차 - 측면직각충돌,안전운전불이행,건조,맑음,단일로 - 기타,화물,남,62세,상해없음,화물,남,54세,중상
2015052500100122,2015년 5월 25일 08시,월요일,충청남도 천안시 서북구 성성동,경상사고,0,0,1,0,차대차 - 측면직각충돌,안전운전불이행,건조,맑음,교차로 - 교차로안,승용,남,49세,상해없음,승용,남,35세,경상
2015052500100123,2015년 5월 25일 08시,월요일,충청남도 금산군 금산읍,경상사고,0,0,3,0,차대차 - 측면직각충돌,신호위반,건조,맑음,교차로 - 교차로안,화물,남,63세,상해없음,승용,남,29세,경상
2015052500100149,2015년 5월 25일 09시,월요일,충청남도 서산시 해미면,경상사고,0,0,1,0,차대차 - 측면직각충돌,교차로운행방법위반,건조,맑음,교차로 - 교차로안,농기계,남,78세,경상,승용,여,49세,상해없음
2015052500100150,2015년 5월 25일 09시,월요일,충청남도 부여군 부여읍,경상사고,0,0,4,0,차대차 - 추돌 - 주정차중,안전운전불이행,건조,맑음,교차로 - 교차로부근,화물,남,47세,상해없음,승용,남,56세,경상
2015052500100181,2015년 5월 25일 10시,월요일,충청남도 천안시 서북구 두정동,경상사고,0,0,2,2,차대차 - 측면직각충돌,중앙선침범,건조,맑음,교차로 - 교차로부근,승용,남,47세,상해없음,승용,남,57세,부상신고
2015052500100182,2015년 5월 25일 10시,월요일,충청남도 부여군 부여읍,중상사고,0,1,0,0,차대사람 - 횡단중,보행자보호의무위반,건조,맑음,단일로 - 횡단보도상,승용,남,68세,상해없음,보행자,여,67세,중상
2015052500100205,2015년 5월 25일 11시,월요일,충청남도 서산시 대산읍,중상사고,0,5,2,0,차대차 - 측면직각충돌,신호위반,건조,맑음,교차로 - 교차로안,특수,남,50세,상해없음,화물,남,20세,중상
2015052500100230,2015년 5월 25일 12시,월요일,충청남도 태안군 소원면,중상사고,0,1,0,0,차대사람 - 횡단중,안전운전불이행,건조,맑음,단일로 - 기타,승용,여,65세,상해없음,보행자,여,76세,중상
2015052500100294,2015년 5월 25일 14시,월요일,충청남도 논산시 양촌면,경상사고,0,0,2,0,차대차 - 정면충돌,중앙선침범,건조,맑음,단일로 - 기타,승용,남,35세,상해없음,승용,남,48세,경상
2015052500100295,2015년 5월 25일 14시,월요일,충청남도 아산시 인주면,중상사고,0,2,2,0,차대차 - 추돌 - 주정차중,안전운전불이행,건조,맑음,교차로 - 교차로부근,화물,남,40세,상해없음,승용,남,55세,중상
2015052500100296,2015년 5월 25일 14시,월요일,충청남도 부여군 임천면,중상사고,0,2,3,0,차대차 - 추돌 - 진행중,중앙선침범,건조,맑음,단일로 - 기타,승용,남,55세,상해없음,승용,남,25세,경상
2015052500100297,2015년 5월 25일 14시,월요일,충청남도 부여군 홍산면,중상사고,0,2,0,0,차대차 - 기타,안전운전불이행,건조,맑음,단일로 - 기타,승용,여,55세,상해없음,승용,여,59세,중상
2015052500100336,2015년 5월 25일 15시,월요일,충청남도 예산군 예산읍,경상사고,0,0,1,0,차대차 - 추돌 - 진행중,불법유턴,건조,맑음,단일로 - 기타,승용,남,53세,상해없음,승용,여,46세,경상
2015052500100379,2015년 5월 25일 16시,월요일,충청남도 서산시 예천동,경상사고,0,0,1,0,차대차 - 측면직각충돌,기타,건조,맑음,교차로 - 교차로안,이륜,남,18세,경상,승용,남,48세,상해없음
2015052500100380,2015년 5월 25일 16시,월요일,충청남도 당진시 신평면,경상사고,0,0,4,0,차대차 - 추돌 - 진행중,안전운전불이행,건조,맑음,단일로 - 기타,화물,남,46세,기타불명,승용,남,29세,경상
2015052500100413,2015년 5월 25일 17시,월요일,충청남도 보령시 대천동,중상사고,0,1,0,0,차대차 - 추돌 - 진행중,직진우회전진행방해,건조,맑음,교차로 - 교차로안,승용,남,55세,상해없음,이륜,남,61세,중상
2015052500100414,2015년 5월 25일 17시,월요일,충청남도 천안시 동남구 청당동,경상사고,0,0,2,0,차대차 - 추돌 - 진행중,안전운전불이행,건조,맑음,단일로 - 기타,승용,남,54세,상해없음,승용,남,31세,경상
2015052500100415,2015년 5월 25일 17시,월요일,충청남도 천안시 동남구 다가동,경상사고,0,0,1,0,차대사람 - 차도통행중,안전운전불이행,건조,맑음,단일로 - 기타,승용,여,28세,상해없음,보행자,여,63세,경상
2015052500100462,2015년 5월 25일 18시,월요일,충청남도 부여군 부여읍,경상사고,0,0,1,0,차대사람 - 보도통행중,안전운전불이행,건조,맑음,단일로 - 기타,화물,남,73세,상해없음,보행자,여,70세,경상
2015052500100481,2015년 5월 25일 19시,월요일,충청남도 태안군 원북면,경상사고,0,0,1,0,차대차 - 측면직각충돌,직진우회전진행방해,건조,맑음,교차로 - 교차로안,화물,남,65세,상해없음,이륜,남,58세,경상
2015052500100482,2015년 5월 25일 19시,월요일,충청남도 태안군 남면,중상사고,0,4,2,0,차대차 - 측면직각충돌,신호위반,습기,안개,교차로 - 교차로안,승용,남,53세,경상,승용,남,57세,중상
2015052500100539,2015년 5월 25일 21시,월요일,충청남도 천안시 동남구 풍세면,중상사고,0,2,0,0,차대차 - 추돌 - 진행중,안전운전불이행,건조,맑음,단일로 - 기타,화물,남,53세,상해없음,승용,여,47세,중상
2015052500100540,2015년 5월 25일 21시,월요일,충청남도 천안시 서북구 성거읍,중상사고,0,1,0,0,차대차 - 측면직각충돌,안전거리미확보,건조,맑음,단일로 - 기타,화물,남,51세,상해없음,승용,남,49세,중상
2015052500100570,2015년 5월 25일 22시,월요일,충청남도 아산시 권곡동,중상사고,0,1,1,0,차대차 - 측면직각충돌,신호위반,건조,맑음,교차로 - 교차로안,승용,여,42세,경상,화물,남,46세,중상
2015052500100591,2015년 5월 25일 23시,월요일,충청남도 천안시 동남구 청당동,경상사고,0,0,1,0,차대차 - 추돌 - 진행중,안전운전불이행,건조,맑음,교차로 - 교차로안,승용,남,47세,상해없음,승용,여,34세,경상
2015052600100005,2015년 5월 26일 00시,화요일,충청남도 천안시 동남구 신방동,사망사고,1,0,0,0,차대차 - 기타,차로위반,건조,맑음,단일로 - 기타,승용,남,33세,사망,화물,남,43세,상해없음
2015052600100022,2015년 5월 26일 01시,화요일,충청남도 서산시 석남동,중상사고,0,1,0,0,차량단독 - 공작물충돌,안전운전불이행,습기,안개,단일로 - 기타,승용,남,44세,중상,,,,
2015052600100046,2015년 5월 26일 05시,화요일,충청남도 서산시 해미면,중상사고,0,1,0,0,차대차 - 추돌 - 진행중,과속,건조,맑음,단일로 - 기타,승용,남,48세,상해없음,이륜,남,63세,중상
2015052600100058,2015년 5월 26일 06시,화요일,충청남도 논산시 강경읍,중상사고,0,1,0,0,차대차 - 측면직각충돌,중앙선침범,건조,맑음,단일로 - 기타,승용,남,53세,상해없음,이륜,남,61세,중상
2015052600100059,2015년 5월 26일 06시,화요일,충청남도 홍성군 홍북면,중상사고,0,1,2,0,차대차 - 측면직각충돌,신호위반,건조,맑음,교차로 - 교차로안,승용,남,73세,상해없음,승용,남,43세,경상
2015052600100091,2015년 5월 26일 07시,화요일,충청남도 당진시 시곡리,중상사고,0,1,1,0,차대차 - 측면직각충돌,차로위반,건조,맑음,단일로 - 기타,건설기계,남,48세,상해없음,승용,남,61세,경상
2015052600100124,2015년 5월 26일 08시,화요일,충청남도 논산시 양촌면,중상사고,0,1,1,0,차대차 - 정면충돌,중앙선침범,건조,맑음,단일로 - 기타,화물,남,58세,상해없음,승용,남,28세,중상
2015052600100162,2015년 5월 26일 09시,화요일,충청남도 공주시 신관동,중상사고,0,1,0,0,차대사람 - 횡단중,보행자보호의무위반,건조,맑음,단일로 - 횡단보도상,승용,여,54세,기타불명,보행자,남,78세,중상
2015052600100202,2015년 5월 26일 10시,화요일,충청남도 서산시 동문동,경상사고,0,0,3,0,차대차 - 측면직각충돌,안전거리미확보,건조,맑음,단일로 - 기타,승용,여,37세,상해없음,승용,여,43세,경상
2015052600100203,2015년 5월 26일 10시,화요일,충청남도 천안시 서북구 백석동,경상사고,0,0,1,0,차대차 - 측면직각충돌,안전운전불이행,건조,맑음,교차로 - 교차로안,승용,여,33세,상해없음,승용,여,48세,경상
2015052600100204,2015년 5월 26일 10시,화요일,충청남도 당진시 신평면,중상사고,0,1,0,0,차대사람 - 횡단중,안전운전불이행,건조,맑음,단일로 - 기타,승용,여,60세,상해없음,보행자,여,59세,중상
2015052600100239,2015년 5월 26일 11시,화요일,충청남도 아산시 음봉면,중상사고,0,2,1,0,차대차 - 측면직각충돌,안전운전불이행,건조,맑음,기타 - 기타,건설기계,남,48세,상해없음,화물,남,70세,중상
2015052600100269,2015년 5월 26일 12시,화요일,충청남도 보령시 주포면,중상사고,0,1,0,0,차대차 - 정면충돌,중앙선침범,건조,맑음,단일로 - 기타,농기계,남,66세,중상,승용,남,56세,상해없음
2015052600100308,2015년 5월 26일 13시,화요일,충청남도 논산시 지산동,중상사고,0,1,0,0,차대차 - 측면직각충돌,교차로운행방법위반,건조,맑음,교차로 - 교차로안,화물,남,53세,상해없음,이륜,남,47세,중상
2015052600100309,2015년 5월 26일 13시,화요일,충청남도 보령시 대천동,경상사고,0,0,1,0,차대사람 - 차도통행중,안전운전불이행,건조,맑음,단일로 - 기타,승용,남,45세,상해없음,보행자,남,44세,경상
2015052600100310,2015년 5월 26일 13시,화요일,충청남도 당진시 우강면,중상사고,0,2,1,0,차대차 - 측면직각충돌,교차로운행방법위반,건조,맑음,교차로 - 교차로안,승용,여,48세,경상,승용,여,48세,중상