사고번호,사고일시,요일,시군구,사고내용,사망자수,중상자수,경상자수,부상신고자수,사고유형,법규위반,노면상태,기상상태,도로형태,가해운전자 차종,가해운전자 성별,가해운전자 연령,가해운전자 상해정도,피해운전자 차종,피해운전자 성별,피해운전자 연령,피해운전자 상해정도
2015052600100350,2015년 5월 26일 14시,화요일,충청남도 서산시 성연면,경상사고,0,0,2,0,차대차 - 추돌 - 진행중,안전거리미확보,건조,맑음,단일로 - 기타,건설기계,남,45세,상해없음,승용,여,53세,경상
2015052600100351,2015년 5월 26일 14시,화요일,충청남도 홍성군 홍동면,중상사고,0,1,1,0,차대차 - 추돌 - 진행중,안전운전불이행,건조,맑음,단일로 - 기타,화물,여,60세,상해없음,원동기,남,80세,경상
2015052600100381,2015년 5월 26일 15시,화요일,충청남도 천안시 서북구 성성동,경상사고,0,0,1,0,차대차 - 기타,안전운전불이행,건조,맑음,단일로 - 기타,화물,남,54세,상해없음,승용,남,37세,경상
2015052600100429,2015년 5월 26일 16시,화요일,충청남도 아산시 용화동,경상사고,0,0,1,0,차대차 - 기타,안전운전불이행,건조,맑음,교차로 - 교차로부근,자전거,남,69세,경상,승용,여,34세,상해없음
2015052600100430,2015년 5월 26일 16시,화요일,충청남도 천안시 동남구 신부동,중상사고,0,4,7,1,차대차 - 측면직각충돌,차로위반,건조,맑음,단일로 - 기타,승용,남,46세,상해없음,승합,남,54세,경상
2015052600100431,2015년 5월 26일 16시,화요일,충청남도 천안시 동남구 신방동,중상사고,0,1,0,0,차대차 - 측면직각충돌,안전운전불이행,건조,맑음,교차로 - 교차로부근,자전거,남,19세,중상,화물,남,46세,상해없음
2015052600100432,2015년 5월 26일 16시,화요일,충청남도 천안시 서북구 성거읍,중상사고,0,2,5,1,차대차 - 기타,안전운전불이행,건조,맑음,단일로 - 기타,승합,남,59세,상해없음,승합,남,56세,상해없음
2015052600100495,2015년 5월 26일 17시,화요일,충청남도 논산시 연무읍,중상사고,0,1,0,0,차대사람 - 기타,안전운전불이행,건조,맑음,기타 - 기타,승용,여,44세,상해없음,보행자,여,54세,중상
2015052600100553,2015년 5월 26일 18시,화요일,충청남도 천안시 서북구 백석동,중상사고,0,1,0,0,차대사람 - 횡단중,안전운전불이행,건조,맑음,단일로 - 기타,승용,남,28세,상해없음,보행자,남,72세,중상
2015052600100554,2015년 5월 26일 18시,화요일,충청남도 천안시 서북구 성환읍,중상사고,0,1,0,0,차대차 - 측면직각충돌,교차로운행방법위반,건조,맑음,교차로 - 교차로부근,승용,남,32세,상해없음,자전거,남,67세,중상
2015052600100555,2015년 5월 26일 18시,화요일,충청남도 부여군 부여읍,부상신고사고,0,0,0,1,차대차 - 기타,안전운전불이행,건조,맑음,단일로 - 횡단보도상,자전거,남,7세,부상신고,승용,남,46세,상해없음
2015052600100596,2015년 5월 26일 19시,화요일,충청남도 천안시 동남구 원성동,중상사고,0,1,0,0,차대차 - 측면직각충돌,직진우회전진행방해,건조,맑음,교차로 - 교차로안,이륜,남,41세,중상,승용,남,47세,상해없음
2015052600100647,2015년 5월 26일 20시,화요일,충청남도 논산시 취암동,경상사고,0,0,1,0,차대차 - 추돌 - 진행중,안전운전불이행,건조,맑음,단일로 - 기타,승합,여,37세,상해없음,승용,남,25세,경상
2015052600100671,2015년 5월 26일 21시,화요일,충청남도 홍성군 홍성읍,경상사고,0,0,1,0,차대차 - 측면직각충돌,교차로운행방법위반,건조,맑음,교차로 - 교차로안,승용,여,30세,상해없음,화물,남,57세,경상
2015052600100697,2015년 5월 26일 22시,화요일,충청남도 서산시 읍내동,경상사고,0,0,1,0,차대차 - 추돌 - 진행중,안전운전불이행,건조,맑음,교차로 - 교차로부근,승용,남,50세,상해없음,승용,남,39세,경상
2015052600100699,2015년 5월 26일 22시,화요일,충청남도 천안시 동남구 목천읍,중상사고,0,2,0,0,차대차 - 추돌 - 진행중,안전운전불이행,건조,맑음,단일로 - 기타,승용,남,57세,상해없음,승용,남,32세,중상
2015052600100720,2015년 5월 26일 23시,화요일,충청남도 서산시 석남동,경상사고,0,0,1,0,차대차 - 측면직각충돌,신호위반,건조,맑음,교차로 - 교차로안,승용,남,40세,상해없음,승용,남,49세,경상
2015052600100721,2015년 5월 26일 23시,화요일,충청남도 보령시 동대동,경상사고,0,0,1,0,차대차 - 추돌 - 진행중,차로위반,건조,맑음,단일로 - 기타,승용,남,43세,상해없음,이륜,남,18세,경상
2015052700100013,2015년 5월 27일 00시,수요일,충청남도 아산시 둔포면,경상사고,0,0,1,0,차대차 - 측면직각충돌,안전운전불이행,건조,맑음,기타 - 기타,승용,남,43세,상해없음,승용,남,38세,경상
2015052700100034,2015년 5월 27일 02시,수요일,충청남도 서산시 석남동,경상사고,0,0,1,0,차대차 - 측면직각충돌,교차로운행방법위반,건조,맑음,교차로 - 교차로안,승용,남,33세,상해없음,승용,남,39세,경상
2015052700100068,2015년 5월 27일 05시,수요일,충청남도 논산시 연산면,경상사고,0,0,2,0,차대차 - 측면직각충돌,신호위반,건조,맑음,교차로 - 교차로안,화물,남,61세,경상,승용,남,65세,경상
2015052700100076,2015년 5월 27일 06시,수요일,충청남도 논산시 성동면,중상사고,0,3,0,0,차대차 - 측면직각충돌,교차로운행방법위반,건조,맑음,교차로 - 교차로안,승용,남,45세,중상,화물,남,30세,중상
2015052700100096,2015년 5월 27일 07시,수요일,충청남도 서산시 성연면,경상사고,0,0,2,0,차대차 - 추돌 - 진행중,안전거리미확보,건조,맑음,단일로 - 기타,승용,여,38세,상해없음,승용,남,34세,경상
2015052700100097,2015년 5월 27일 07시,수요일,충청남도 아산시 배방읍,경상사고,0,0,1,0,차대사람 - 횡단중,보행자보호의무위반,건조,맑음,교차로 - 교차로부근,승용,여,40세,상해없음,보행자,남,16세,경상
2015052700100176,2015년 5월 27일 09시,수요일,충청남도 예산군 예산읍,중상사고,0,2,1,0,차대차 - 추돌 - 진행중,안전운전불이행,건조,맑음,교차로 - 교차로부근,화물,남,64세,기타불명,승용,남,43세,중상
2015052700100177,2015년 5월 27일 09시,수요일,충청남도 부여군 홍산면,중상사고,0,1,0,0,차대차 - 기타,신호위반,건조,맑음,교차로 - 교차로부근,이륜,남,66세,중상,화물,남,73세,상해없음
2015052700100203,2015년 5월 27일 10시,수요일,충청남도 천안시 동남구 신부동,경상사고,0,0,2,0,차대차 - 측면직각충돌,차로위반,건조,맑음,단일로 - 기타,승용,남,50세,상해없음,승용,남,36세,경상
2015052700100229,2015년 5월 27일 11시,수요일,충청남도 보령시 남포면,경상사고,0,0,1,0,차대차 - 측면직각충돌,중앙선침범,건조,맑음,단일로 - 기타,화물,남,46세,상해없음,건설기계,남,66세,경상
2015052700100333,2015년 5월 27일 14시,수요일,충청남도 태안군 남면,사망사고,2,3,0,0,차대차 - 정면충돌,중앙선침범,건조,맑음,교차로 - 교차로부근,승용,여,58세,사망,건설기계,남,54세,중상
2015052700100334,2015년 5월 27일 14시,수요일,충청남도 태안군 태안읍,중상사고,0,1,0,0,차대사람 - 기타,안전운전불이행,건조,맑음,기타 - 기타,화물,남,49세,상해없음,보행자,여,87세,중상
2015052700100335,2015년 5월 27일 14시,수요일,충청남도 청양군 장평면,중상사고,0,1,0,0,차대차 - 측면직각충돌,중앙선침범,건조,맑음,단일로 - 기타,승합,남,61세,상해없음,원동기,남,76세,중상
2015052700100336,2015년 5월 27일 14시,수요일,충청남도 천안시 동남구 영성동,중상사고,0,1,0,0,차대사람 - 횡단중,안전운전불이행,건조,맑음,단일로 - 기타,화물,남,54세,상해없음,보행자,여,53세,중상
2015052700100377,2015년 5월 27일 15시,수요일,충청남도 천안시 동남구 대흥동,중상사고,0,1,0,0,차대사람 - 횡단중,안전운전불이행,건조,맑음,단일로 - 기타,승용,남,54세,상해없음,보행자,남,41세,중상
2015052700100417,2015년 5월 27일 16시,수요일,충청남도 천안시 서북구 백석동,경상사고,0,0,1,0,차대사람 - 횡단중,보행자보호의무위반,건조,맑음,교차로 - 교차로안,화물,남,63세,상해없음,보행자,여,9세,경상
2015052700100418,2015년 5월 27일 16시,수요일,충청남도 부여군 규암면,경상사고,0,0,1,0,차대차 - 기타,안전운전불이행,건조,맑음,교차로 - 교차로부근,이륜,남,75세,경상,화물,남,44세,상해없음
2015052700100419,2015년 5월 27일 16시,수요일,충청남도 금산군 부리면,중상사고,0,1,0,0,차대차 - 측면직각충돌,과속,건조,맑음,교차로 - 교차로안,화물,남,38세,상해없음,원동기,남,56세,중상
2015052700100420,2015년 5월 27일 16시,수요일,충청남도 천안시 동남구 대흥동,경상사고,0,0,1,0,차대차 - 정면충돌,중앙선침범,건조,맑음,단일로 - 터널,기타불명,기타불명,기타불명,기타불명,승용,남,47세,경상
2015052700100460,2015년 5월 27일 17시,수요일,충청남도 천안시 서북구 성정동,경상사고,0,0,2,0,차대차 - 추돌 - 주정차중,안전운전불이행,건조,맑음,교차로 - 교차로부근,화물,남,61세,상해없음,승용,남,43세,경상
2015052700100461,2015년 5월 27일 17시,수요일,충청남도 보령시 동대동,경상사고,0,0,1,0,차대차 - 측면직각충돌,안전운전불이행,건조,맑음,단일로 - 기타,이륜,남,16세,상해없음,화물,남,42세,상해없음
2015052700100522,2015년 5월 27일 18시,수요일,충청남도 아산시 음봉면,경상사고,0,0,1,0,차대차 - 기타,교차로운행방법위반,건조,맑음,교차로 - 교차로안,화물,남,62세,상해없음,승용,남,26세,경상
2015052700100523,2015년 5월 27일 18시,수요일,충청남도 예산군 예산읍,경상사고,0,0,1,0,차대차 - 측면직각충돌,직진우회전진행방해,건조,맑음,교차로 - 교차로안,승용,남,36세,기타불명,화물,남,33세,경상
2015052700100524,2015년 5월 27일 18시,수요일,충청남도 부여군 부여읍,중상사고,0,1,1,0,차대차 - 기타,교차로운행방법위반,건조,맑음,교차로 - 교차로부근,이륜,남,78세,경상,이륜,남,72세,중상
2015052700100525,2015년 5월 27일 18시,수요일,충청남도 금산군 금성면,사망사고,2,5,0,0,차대차 - 정면충돌,중앙선침범,건조,맑음,단일로 - 기타,승합,여,48세,중상,화물,남,60세,사망
2015052700100560,2015년 5월 27일 19시,수요일,충청남도 서천군 종천면,경상사고,0,0,1,0,차대차 - 추돌 - 진행중,안전거리미확보,건조,맑음,단일로 - 기타,화물,남,51세,상해없음,승용,남,73세,경상
2015052700100585,2015년 5월 27일 20시,수요일,충청남도 서산시 해미면,중상사고,0,1,0,0,차대차 - 추돌 - 주정차중,안전운전불이행,건조,맑음,단일로 - 기타,승합,남,25세,상해없음,이륜,남,73세,중상
2015052700100586,2015년 5월 27일 20시,수요일,충청남도 계룡시 엄사면,경상사고,0,0,1,0,차대차 - 추돌 - 주정차중,안전운전불이행,건조,맑음,단일로 - 기타,승용,남,46세,상해없음,승용,남,51세,경상
2015052700100587,2015년 5월 27일 20시,수요일,충청남도 예산군 삽교읍,경상사고,0,0,2,0,차대차 - 추돌 - 진행중,안전운전불이행,건조,맑음,단일로 - 기타,화물,남,47세,상해없음,승용,남,24세,기타불명
2015052700100588,2015년 5월 27일 20시,수요일,충청남도 당진시 신평면,중상사고,0,1,0,0,차대사람 - 횡단중,보행자보호의무위반,건조,맑음,단일로 - 횡단보도상,원동기,남,17세,상해없음,보행자,여,17세,중상
2015052700100653,2015년 5월 27일 22시,수요일,충청남도 논산시 강산동,중상사고,0,1,2,0,차대차 - 측면직각충돌,교차로운행방법위반,건조,맑음,교차로 - 교차로안,승용,남,41세,경상,화물,남,31세,중상
2015052700100654,2015년 5월 27일 22시,수요일,충청남도 천안시 동남구 청당동,중상사고,0,1,0,0,차대차 - 추돌 - 진행중,안전운전불이행,건조,맑음,단일로 - 기타,원동기,남,50세,상해없음,원동기,남,55세,중상
2015052800100019,2015년 5월 28일 01시,목요일,충청남도 보령시 남포면,경상사고,0,0,3,0,차대차 - 추돌 - 주정차중,안전운전불이행,건조,맑음,단일로 - 기타,승용,남,22세,상해없음,화물,남,52세,기타불명
2015052800100031,2015년 5월 28일 02시,목요일,충청남도 서산시 음암면,경상사고,0,0,9,0,차대차 - 추돌 - 진행중,안전거리미확보,건조,맑음,단일로 - 기타,승용,남,22세,경상,승합,남,40세,경상
2015052800100082,2015년 5월 28일 07시,목요일,충청남도 태안군 원북면,경상사고,0,0,1,0,차대차 - 추돌 - 진행중,안전거리미확보,건조,맑음,단일로 - 기타,승용,남,32세,상해없음,화물,남,48세,경상
2015052800100083,2015년 5월 28일 07시,목요일,충청남도 서천군 장항읍,중상사고,0,1,0,0,차대차 - 추돌 - 진행중,직진우회전진행방해,건조,맑음,기타 - 기타,화물,남,45세,상해없음,자전거,여,59세,중상
2015052800100128,2015년 5월 28일 08시,목요일,충청남도 금산군 금산읍,경상사고,0,0,3,0,차대차 - 측면직각충돌,교차로운행방법위반,건조,맑음,교차로 - 교차로안,화물,여,54세,상해없음,승용,여,49세,경상
2015052800100172,2015년 5월 28일 09시,목요일,충청남도 예산군 예산읍,경상사고,0,0,1,0,차대차 - 기타,차로위반,건조,맑음,단일로 - 기타,화물,남,77세,상해없음,승용,여,49세,경상
2015052800100173,2015년 5월 28일 09시,목요일,충청남도 부여군 규암면,중상사고,0,1,0,0,차대사람 - 길가장자리구역통행중,안전운전불이행,건조,맑음,교차로 - 교차로부근,승용,기타불명,기타불명,기타불명,보행자,남,20세,중상
2015052800100194,2015년 5월 28일 10시,목요일,충청남도 서천군 한산면,경상사고,0,0,1,0,차대차 - 기타,안전운전불이행,건조,맑음,단일로 - 기타,농기계,남,73세,경상,승합,남,54세,상해없음
2015052800100195,2015년 5월 28일 10시,목요일,충청남도 당진시 채운동,중상사고,0,1,0,0,차대차 - 추돌 - 진행중,안전운전불이행,건조,맑음,교차로 - 교차로안,승용,남,61세,상해없음,원동기,남,77세,중상
2015052800100263,2015년 5월 28일 12시,목요일,충청남도 예산군 예산읍,중상사고,0,1,0,0,차대사람 - 횡단중,안전운전불이행,건조,맑음,단일로 - 기타,화물,남,69세,상해없음,보행자,여,72세,중상
2015052800100264,2015년 5월 28일 12시,목요일,충청남도 당진시 신평면,중상사고,0,2,1,0,차량단독 - 전도전복,안전운전불이행,건조,맑음,단일로 - 기타,화물,남,73세,경상,,,,
2015052800100265,2015년 5월 28일 12시,목요일,충청남도 당진시 송악읍,중상사고,0,1,0,0,차대차 - 추돌 - 진행중,안전운전불이행,건조,맑음,단일로 - 기타,화물,남,34세,상해없음,원동기,남,83세,중상
2015052800100321,2015년 5월 28일 14시,목요일,충청남도 천안시 동남구 문화동,중상사고,0,2,0,0,차대사람 - 차도통행중,보행자보호의무위반,건조,맑음,단일로 - 기타,승용,여,58세,상해없음,보행자,남,40세,중상
2015052800100363,2015년 5월 28일 15시,목요일,충청남도 서산시 음암면,중상사고,0,1,1,0,차대차 - 추돌 - 진행중,안전거리미확보,건조,맑음,단일로 - 기타,건설기계,남,46세,상해없음,화물,남,51세,경상
2015052800100364,2015년 5월 28일 15시,목요일,충청남도 천안시 서북구 불당동,경상사고,0,0,3,0,차대차 - 측면직각충돌,안전운전불이행,건조,맑음,교차로 - 교차로안,승용,남,42세,상해없음,화물,남,46세,경상
2015052800100396,2015년 5월 28일 16시,목요일,충청남도 논산시 취암동,경상사고,0,0,1,0,차대차 - 측면직각충돌,안전운전불이행,건조,맑음,교차로 - 교차로부근,자전거,남,7세,경상,승용,여,48세,상해없음
2015052800100397,2015년 5월 28일 16시,목요일,충청남도 당진시 합덕읍,경상사고,0,0,1,0,차대차 - 추돌 - 진행중,안전운전불이행,건조,맑음,단일로 - 기타,자전거,여,66세,경상,승용,여,57세,상해없음
2015052800100441,2015년 5월 28일 17시,목요일,충청남도 아산시 둔포면,경상사고,0,0,1,0,차대차 - 추돌 - 진행중,안전운전불이행,건조,맑음,단일로 - 기타,화물,남,35세,상해없음,이륜,남,82세,경상
2015052800100442,2015년 5월 28일 17시,목요일,충청남도 예산군 삽교읍,중상사고,0,1,2,0,차대차 - 측면직각충돌,직진우회전진행방해,건조,맑음,교차로 - 교차로안,승합,남,62세,경상,승용,남,40세,중상
2015052800100485,2015년 5월 28일 18시,목요일,충청남도 천안시 서북구 백석동,경상사고,0,0,2,0,차대차 - 기타,신호위반,건조,맑음,교차로 - 교차로안,승용,여,48세,상해없음,승용,남,39세,경상
2015052800100486,2015년 5월 28일 18시,목요일,충청남도 천안시 동남구 신방동,중상사고,0,1,0,0,차대사람 - 길가장자리구역통행중,보행자보호의무위반,건조,맑음,단일로 - 횡단보도상,승용,여,50세,기타불명,보행자,남,7세,중상
2015052800100557,2015년 5월 28일 20시,목요일,충청남도 공주시 신관동,경상사고,0,0,1,0,차대차 - 측면직각충돌,신호위반,건조,맑음,교차로 - 교차로안,승용,남,68세,상해없음,이륜,남,44세,경상
2015052900100019,2015년 5월 29일 00시,금요일,충청남도 당진시 읍내리,경상사고,0,0,3,0,차대사람 - 횡단중,안전운전불이행,건조,맑음,단일로 - 기타,승용,남,50세,상해없음,보행자,남,29세,경상
2015052900100064,2015년 5월 29일 04시,금요일,충청남도 금산군 추부면,사망사고,1,1,0,0,차량단독 - 공작물충돌,안전운전불이행,건조,맑음,단일로 - 기타,화물,여,58세,사망,,,,
2015052900100151,2015년 5월 29일 08시,금요일,충청남도 서산시 갈산동,부상신고사고,0,0,0,1,차대차 - 측면직각충돌,안전운전불이행,건조,맑음,단일로 - 기타,승용,여,24세,부상신고,승용,남,33세,상해없음
2015052900100202,2015년 5월 29일 09시,금요일,충청남도 서산시 예천동,경상사고,0,0,1,0,차대차 - 측면직각충돌,직진우회전진행방해,건조,맑음,교차로 - 교차로안,승용,남,54세,상해없음,승용,남,63세,경상
2015052900100227,2015년 5월 29일 10시,금요일,충청남도 공주시 옥룡동,부상신고사고,0,0,0,1,차대차 - 측면직각충돌,안전운전불이행,건조,맑음,교차로 - 교차로부근,자전거,남,57세,부상신고,승용,남,44세,상해없음
2015052900100228,2015년 5월 29일 10시,금요일,충청남도 부여군 홍산면,중상사고,0,1,3,0,차대차 - 추돌 - 주정차중,안전운전불이행,건조,맑음,단일로 - 기타,승합,남,65세,상해없음,화물,남,29세,경상
2015052900100229,2015년 5월 29일 10시,금요일,충청남도 당진시 송악읍,경상사고,0,0,1,0,차대차 - 기타,교차로운행방법위반,건조,맑음,단일로 - 기타,화물,남,66세,상해없음,승합,남,60세,상해없음
2015052900100230,2015년 5월 29일 10시,금요일,충청남도 천안시 동남구 신부동,경상사고,0,0,1,0,차대차 - 측면직각충돌,안전운전불이행,건조,맑음,단일로 - 기타,자전거,남,85세,경상,화물,남,49세,상해없음
2015052900100259,2015년 5월 29일 11시,금요일,충청남도 태안군 안면읍,경상사고,0,0,1,0,차대사람 - 기타,안전운전불이행,건조,맑음,기타 - 기타,승용,남,63세,상해없음,보행자,여,49세,경상
2015052900100260,2015년 5월 29일 11시,금요일,충청남도 공주시 석장리동,경상사고,0,0,2,0,차대차 - 정면충돌,중앙선침범,건조,맑음,단일로 - 기타,승합,남,22세,상해없음,화물,남,50세,경상
2015052900100289,2015년 5월 29일 12시,금요일,충청남도 천안시 서북구 직산읍,경상사고,0,0,1,0,차대차 - 기타,안전운전불이행,건조,맑음,교차로 - 교차로부근,건설기계,남,66세,상해없음,승용,남,68세,경상
2015052900100291,2015년 5월 29일 12시,금요일,충청남도 천안시 동남구 삼룡동,경상사고,0,0,3,0,차대차 - 측면직각충돌,안전운전불이행,건조,맑음,단일로 - 기타,승용,남,35세,상해없음,승합,남,38세,상해없음
2015052900100324,2015년 5월 29일 13시,금요일,충청남도 서산시 부석면,중상사고,0,2,0,0,차대차 - 측면직각충돌,교차로운행방법위반,건조,맑음,단일로 - 기타,화물,남,68세,중상,승용,여,53세,중상
2015052900100325,2015년 5월 29일 13시,금요일,충청남도 아산시 온천동,중상사고,0,1,0,0,차대사람 - 기타,보행자보호의무위반,건조,맑음,교차로 - 교차로안,화물,남,37세,상해없음,보행자,여,71세,중상
2015052900100327,2015년 5월 29일 13시,금요일,충청남도 당진시 석문면,중상사고,0,1,0,0,차대차 - 정면충돌,중앙선침범,건조,맑음,단일로 - 기타,승용,남,75세,중상,특수,남,64세,상해없음
2015052900100387,2015년 5월 29일 15시,금요일,충청남도 논산시 연산면,중상사고,0,1,1,0,차량단독 - 전도전복,안전운전불이행,건조,맑음,단일로 - 기타,승용,남,64세,경상,,,,
2015052900100388,2015년 5월 29일 15시,금요일,충청남도 논산시 연산면,경상사고,0,0,2,0,차대차 - 측면직각충돌,차로위반,건조,맑음,단일로 - 기타,승용,남,56세,상해없음,승용,남,63세,경상
2015052900100389,2015년 5월 29일 15시,금요일,충청남도 공주시 신풍면,중상사고,0,1,0,0,차대차 - 측면직각충돌,안전운전불이행,건조,맑음,단일로 - 기타,화물,남,42세,상해없음,이륜,남,75세,중상
2015052900100390,2015년 5월 29일 15시,금요일,충청남도 예산군 덕산면,중상사고,0,1,0,0,차대사람 - 기타,안전운전불이행,건조,맑음,단일로 - 기타,화물,남,64세,상해없음,보행자,남,60세,중상
2015052900100391,2015년 5월 29일 15시,금요일,충청남도 당진시 송악읍,중상사고,0,1,0,0,차대차 - 측면직각충돌,신호위반,건조,맑음,교차로 - 교차로안,승용,남,28세,상해없음,이륜,남,85세,중상
2015052900100392,2015년 5월 29일 15시,금요일,충청남도 당진시 합덕읍,중상사고,0,1,1,0,차대차 - 측면직각충돌,교차로운행방법위반,건조,맑음,교차로 - 교차로안,승용,남,55세,상해없음,승용,여,39세,중상
2015052900100453,2015년 5월 29일 17시,금요일,충청남도 논산시 상월면,중상사고,0,2,4,1,차대차 - 정면충돌,중앙선침범,건조,맑음,단일로 - 기타,승합,남,67세,경상,승용,남,63세,경상
2015052900100497,2015년 5월 29일 18시,금요일,충청남도 홍성군 홍북면,경상사고,0,0,2,0,차대차 - 추돌 - 진행중,안전운전불이행,건조,맑음,교차로 - 교차로안,화물,남,59세,상해없음,승용,여,51세,경상
2015052900100576,2015년 5월 29일 20시,금요일,충청남도 천안시 서북구 두정동,경상사고,0,0,1,0,차대차 - 추돌 - 진행중,안전운전불이행,건조,맑음,단일로 - 기타,승용,남,49세,상해없음,승용,남,30세,경상
2015052900100577,2015년 5월 29일 20시,금요일,충청남도 아산시 실옥동,중상사고,0,2,4,0,차대차 - 추돌 - 주정차중,과속,건조,맑음,교차로 - 교차로부근,승용,남,61세,상해없음,승용,여,41세,중상
2015052900100578,2015년 5월 29일 20시,금요일,충청남도 아산시 좌부동,경상사고,0,0,1,0,차대차 - 측면직각충돌,안전운전불이행,건조,맑음,단일로 - 기타,승용,여,43세,상해없음,원동기,남,17세,경상
2015052900100622,2015년 5월 29일 21시,금요일,충청남도 아산시 염치읍,사망사고,1,0,0,0,차대사람 - 기타,안전운전불이행,건조,맑음,단일로 - 횡단보도상,승용,남,32세,상해없음,보행자,남,69세,사망
2015052900100679,2015년 5월 29일 23시,금요일,충청남도 천안시 서북구 두정동,경상사고,0,0,1,0,차대사람 - 기타,안전운전불이행,건조,맑음,단일로 - 기타,승용,남,31세,상해없음,보행자,여,25세,경상
2015052900100680,2015년 5월 29일 23시,금요일,충청남도 당진시 사기소리,사망사고,1,1,2,0,차량단독 - 공작물충돌,안전운전불이행,건조,맑음,교차로 - 교차로안,승용,남,18세,상해없음,,,,
2015053000100045,2015년 5월 30일 01시,토요일,충청남도 천안시 서북구 두정동,경상사고,0,0,1,0,차대차 - 추돌 - 주정차중,안전운전불이행,건조,맑음,교차로 - 교차로안,승용,남,20세,상해없음,승용,남,38세,경상
2015053000100067,2015년 5월 30일 02시,토요일,충청남도 당진시 송산면,중상사고,0,1,0,0,차대차 - 측면직각충돌,중앙선침범,건조,맑음,단일로 - 기타,승용,남,25세,상해없음,승용,남,32세,중상
2015053000100102,2015년 5월 30일 04시,토요일,충청남도 당진시 송악읍,경상사고,0,0,3,0,차대차 - 측면직각충돌,신호위반,건조,맑음,교차로 - 교차로안,승용,남,33세,상해없음,승용,여,54세,경상
2015053000100169,2015년 5월 30일 08시,토요일,충청남도 당진시 순성면,중상사고,0,1,0,0,차대차 - 기타,안전운전불이행,건조,흐림,교차로 - 교차로안,화물,남,57세,상해없음,농기계,남,72세,중상
2015053000100170,2015년 5월 30일 08시,토요일,충청남도 금산군 군북면,경상사고,0,0,2,0,차대차 - 추돌 - 진행중,안전거리미확보,습기,비,교차로 - 교차로부근,승용,남,58세,기타불명,승용,여,52세,경상
2015053000100228,2015년 5월 30일 10시,토요일,충청남도 서산시 팔봉면,중상사고,0,1,1,0,차대차 - 정면충돌,중앙선침범,습기,비,단일로 - 기타,화물,남,65세,중상,건설기계,남,50세,경상
2015053000100229,2015년 5월 30일 10시,토요일,충청남도 아산시 둔포면,경상사고,0,0,1,0,차대차 - 기타,안전운전불이행,건조,맑음,교차로 - 교차로부근,화물,남,42세,상해없음,승용,남,68세,경상
2015053000100292,2015년 5월 30일 12시,토요일,충청남도 보령시 대천동,중상사고,0,1,0,0,차대사람 - 기타,중앙선침범,습기,비,단일로 - 기타,승용,남,38세,상해없음,보행자,여,74세,중상
2015053000100293,2015년 5월 30일 12시,토요일,충청남도 보령시 대천동,중상사고,0,1,3,0,차대차 - 기타,직진우회전진행방해,습기,비,교차로 - 교차로안,승용,남,33세,중상,승용,남,46세,경상
2015053000100294,2015년 5월 30일 12시,토요일,충청남도 청양군 남양면,중상사고,0,1,1,0,차대차 - 측면직각충돌,안전운전불이행,습기,비,단일로 - 기타,화물,남,44세,상해없음,승용,남,40세,상해없음
2015053000100348,2015년 5월 30일 13시,토요일,충청남도 서산시 수석동,경상사고,0,0,2,0,차대차 - 측면직각충돌,신호위반,건조,맑음,교차로 - 교차로안,화물,남,48세,경상,건설기계,남,50세,경상
2015053000100389,2015년 5월 30일 14시,토요일,충청남도 당진시 석문면,경상사고,0,0,3,0,차대차 - 측면직각충돌,안전운전불이행,습기,비,단일로 - 기타,화물,남,66세,상해없음,승용,여,47세,경상
2015053000100422,2015년 5월 30일 15시,토요일,충청남도 서산시 석남동,경상사고,0,0,1,0,차대차 - 측면직각충돌,직진우회전진행방해,건조,맑음,교차로 - 교차로안,승용,여,29세,경상,승합,남,52세,상해없음
2015053000100423,2015년 5월 30일 15시,토요일,충청남도 천안시 서북구 성환읍,경상사고,0,0,2,0,차대차 - 측면직각충돌,신호위반,건조,맑음,교차로 - 교차로안,승용,여,35세,상해없음,승용,남,55세,경상
2015053000100424,2015년 5월 30일 15시,토요일,충청남도 홍성군 홍성읍,경상사고,0,0,1,0,차대사람 - 기타,안전운전불이행,습기,흐림,교차로 - 교차로안,승용,기타불명,기타불명,기타불명,보행자,여,17세,경상
2015053000100425,2015년 5월 30일 15시,토요일,충청남도 보령시 웅천읍,경상사고,0,0,2,0,차대차 - 기타,중앙선침범,건조,맑음,단일로 - 기타,승용,여,29세,상해없음,승합,남,19세,경상
2015053000100427,2015년 5월 30일 15시,토요일,충청남도 당진시 송산면,중상사고,0,1,0,0,차대사람 - 보도통행중,안전운전불이행,건조,맑음,단일로 - 기타,승합,남,39세,상해없음,보행자,남,5세,중상
2015053000100428,2015년 5월 30일 15시,토요일,충청남도 금산군 금산읍,경상사고,0,0,5,0,차대차 - 추돌 - 진행중,안전운전불이행,건조,맑음,단일로 - 기타,승용,여,50세,상해없음,승용,남,34세,경상
2015053000100461,2015년 5월 30일 16시,토요일,충청남도 태안군 소원면,중상사고,0,1,0,0,차대차 - 측면직각충돌,직진우회전진행방해,건조,맑음,교차로 - 교차로안,승용,남,47세,상해없음,원동기,남,39세,중상