사고번호,사고일시,요일,시군구,사고내용,사망자수,중상자수,경상자수,부상신고자수,사고유형,법규위반,노면상태,기상상태,도로형태,가해운전자 차종,가해운전자 성별,가해운전자 연령,가해운전자 상해정도,피해운전자 차종,피해운전자 성별,피해운전자 연령,피해운전자 상해정도
2015053000100462,2015년 5월 30일 16시,토요일,충청남도 아산시 배방읍,경상사고,0,0,1,0,차대차 - 정면충돌,안전운전불이행,건조,맑음,단일로 - 기타,승용,여,46세,상해없음,승용,남,56세,경상
2015053000100486,2015년 5월 30일 17시,토요일,충청남도 논산시 지산동,중상사고,0,1,0,0,차량단독 - 전도전복,안전운전불이행,건조,맑음,단일로 - 기타,이륜,남,19세,중상,,,,
2015053000100487,2015년 5월 30일 17시,토요일,충청남도 청양군 장평면,중상사고,0,1,0,0,차대사람 - 기타,안전운전불이행,습기,맑음,단일로 - 기타,화물,남,57세,상해없음,보행자,여,57세,중상
2015053000100521,2015년 5월 30일 18시,토요일,충청남도 천안시 동남구 신방동,경상사고,0,0,1,0,차대차 - 정면충돌,안전운전불이행,건조,맑음,단일로 - 기타,자전거,남,5세,경상,화물,남,54세,상해없음
2015053000100556,2015년 5월 30일 19시,토요일,충청남도 서천군 장항읍,경상사고,0,0,1,0,차대차 - 기타,안전운전불이행,건조,맑음,교차로 - 교차로부근,승용,남,46세,상해없음,자전거,남,9세,경상
2015053000100557,2015년 5월 30일 19시,토요일,충청남도 보령시 동대동,경상사고,0,0,4,0,차대차 - 기타,신호위반,건조,맑음,교차로 - 교차로안,승용,남,57세,경상,승용,여,33세,경상
2015053000100595,2015년 5월 30일 20시,토요일,충청남도 계룡시 엄사면,경상사고,0,0,2,0,차대차 - 측면직각충돌,안전운전불이행,건조,맑음,교차로 - 교차로부근,승용,남,36세,상해없음,승용,남,45세,경상
2015053000100596,2015년 5월 30일 20시,토요일,충청남도 당진시 채운동,중상사고,0,1,0,0,차대차 - 측면직각충돌,중앙선침범,건조,맑음,교차로 - 교차로안,승용,남,62세,상해없음,원동기,남,17세,중상
2015053000100597,2015년 5월 30일 20시,토요일,충청남도 예산군 봉산면,중상사고,0,2,0,0,차대차 - 기타,안전운전불이행,건조,맑음,단일로 - 기타,승용,남,42세,상해없음,화물,남,77세,중상
2015053000100632,2015년 5월 30일 21시,토요일,충청남도 보령시 명천동,경상사고,0,0,1,0,차대차 - 기타,안전운전불이행,건조,맑음,단일로 - 기타,승용,남,61세,상해없음,승용,남,54세,상해없음
2015053000100664,2015년 5월 30일 22시,토요일,충청남도 천안시 서북구 쌍용동,경상사고,0,0,2,0,차대차 - 추돌 - 주정차중,안전운전불이행,건조,맑음,단일로 - 기타,승용,남,47세,상해없음,화물,남,47세,경상
2015053000100698,2015년 5월 30일 23시,토요일,충청남도 논산시 부적면,중상사고,0,1,0,0,차대사람 - 길가장자리구역통행중,안전운전불이행,건조,맑음,단일로 - 기타,승용,남,37세,상해없음,보행자,남,53세,중상
2015053000100699,2015년 5월 30일 23시,토요일,충청남도 아산시 탕정면,중상사고,0,1,1,0,차대차 - 측면직각충돌,안전운전불이행,건조,맑음,교차로 - 교차로안,승용,남,21세,상해없음,승용,남,38세,경상
2015053000100700,2015년 5월 30일 23시,토요일,충청남도 보령시 신흑동,경상사고,0,0,2,0,차대차 - 기타,안전운전불이행,건조,맑음,단일로 - 기타,승용,남,23세,상해없음,이륜,남,39세,기타불명
2015053100100012,2015년 5월 31일 00시,일요일,충청남도 보령시 신흑동,경상사고,0,0,2,0,차대차 - 기타,안전운전불이행,건조,맑음,단일로 - 기타,승용,남,23세,상해없음,승용,여,47세,상해없음
2015053100100056,2015년 5월 31일 03시,일요일,충청남도 논산시 반월동,경상사고,0,0,1,0,차대사람 - 횡단중,안전운전불이행,건조,맑음,교차로 - 교차로부근,이륜,남,22세,상해없음,보행자,남,19세,경상
2015053100100075,2015년 5월 31일 05시,일요일,충청남도 천안시 서북구 두정동,경상사고,0,0,1,0,차대사람 - 길가장자리구역통행중,안전운전불이행,건조,맑음,단일로 - 기타,승용,남,20세,상해없음,보행자,남,22세,경상
2015053100100101,2015년 5월 31일 07시,일요일,충청남도 서산시 성연면,중상사고,0,2,0,0,차대차 - 정면충돌,중앙선침범,건조,맑음,단일로 - 기타,승용,남,23세,상해없음,승합,남,52세,중상
2015053100100119,2015년 5월 31일 08시,일요일,충청남도 보령시 남포면,경상사고,0,0,2,0,차대차 - 기타,직진우회전진행방해,건조,맑음,교차로 - 교차로안,농기계,남,78세,경상,승용,남,74세,경상
2015053100100240,2015년 5월 31일 13시,일요일,충청남도 당진시 송악읍,경상사고,0,0,1,0,차대차 - 측면직각충돌,교차로운행방법위반,건조,맑음,교차로 - 교차로안,승용,여,59세,상해없음,승용,남,55세,경상
2015053100100321,2015년 5월 31일 15시,일요일,충청남도 천안시 서북구 성환읍,경상사고,0,0,1,0,차대차 - 측면직각충돌,안전운전불이행,건조,맑음,교차로 - 교차로안,승용,남,69세,상해없음,승용,남,34세,경상
2015053100100322,2015년 5월 31일 15시,일요일,충청남도 당진시 신평면,중상사고,0,1,0,0,차대사람 - 횡단중,안전운전불이행,건조,맑음,단일로 - 기타,승용,남,53세,상해없음,보행자,여,41세,중상
2015053100100323,2015년 5월 31일 15시,일요일,충청남도 금산군 추부면,경상사고,0,0,1,0,차량단독 - 도로외이탈 - 기타,안전운전불이행,건조,맑음,단일로 - 기타,화물,남,64세,경상,,,,
2015053100100359,2015년 5월 31일 16시,일요일,충청남도 천안시 서북구 성정동,경상사고,0,0,2,0,차대차 - 추돌 - 주정차중,안전운전불이행,건조,맑음,단일로 - 기타,승용,남,45세,상해없음,승용,남,23세,경상
2015053100100394,2015년 5월 31일 17시,일요일,충청남도 천안시 동남구 신부동,경상사고,0,0,1,0,차대차 - 추돌 - 주정차중,안전운전불이행,건조,맑음,단일로 - 기타,승용,남,23세,상해없음,화물,남,45세,경상
2015053100100426,2015년 5월 31일 18시,일요일,충청남도 천안시 서북구 성성동,경상사고,0,0,2,0,차대차 - 측면직각충돌,안전운전불이행,건조,맑음,교차로 - 교차로안,승용,남,30세,상해없음,승용,남,43세,경상
2015053100100473,2015년 5월 31일 20시,일요일,충청남도 서산시 동문동,경상사고,0,0,4,0,차대차 - 측면직각충돌,신호위반,건조,맑음,교차로 - 교차로안,승용,여,43세,경상,승용,여,59세,경상
2015053100100474,2015년 5월 31일 20시,일요일,충청남도 공주시 신관동,중상사고,0,1,0,0,차대차 - 측면직각충돌,직진우회전진행방해,건조,맑음,교차로 - 교차로안,승용,남,54세,기타불명,이륜,남,20세,중상
2015053100100502,2015년 5월 31일 21시,일요일,충청남도 천안시 서북구 성정동,경상사고,0,0,1,0,차대차 - 추돌 - 주정차중,안전운전불이행,건조,맑음,교차로 - 교차로부근,승용,남,29세,상해없음,승용,여,31세,경상
2015053100100503,2015년 5월 31일 21시,일요일,충청남도 아산시 염치읍,중상사고,0,1,0,0,차대차 - 추돌 - 진행중,안전운전불이행,건조,맑음,단일로 - 기타,승용,남,30세,상해없음,농기계,남,69세,중상
2015053100100504,2015년 5월 31일 21시,일요일,충청남도 천안시 동남구 목천읍,경상사고,0,0,2,0,차대차 - 추돌 - 주정차중,안전운전불이행,건조,맑음,교차로 - 교차로부근,승용,남,57세,상해없음,승용,여,43세,경상
2015053100100538,2015년 5월 31일 22시,일요일,충청남도 천안시 서북구 불당동,중상사고,0,1,0,0,차대사람 - 기타,안전운전불이행,건조,맑음,단일로 - 기타,승용,남,42세,상해없음,보행자,남,53세,중상
2015053100100539,2015년 5월 31일 22시,일요일,충청남도 천안시 동남구 신방동,경상사고,0,0,1,0,차대차 - 추돌 - 주정차중,안전운전불이행,건조,맑음,교차로 - 교차로부근,승용,남,57세,상해없음,승용,여,37세,경상
2015060100100005,2015년 6월 1일 00시,월요일,충청남도 천안시 동남구 사직동,경상사고,0,0,1,0,차대차 - 추돌 - 주정차중,안전운전불이행,건조,맑음,교차로 - 교차로부근,승용,남,38세,상해없음,승용,남,49세,경상
2015060100100015,2015년 6월 1일 01시,월요일,충청남도 천안시 서북구 두정동,경상사고,0,0,2,1,차대차 - 기타,중앙선침범,건조,맑음,미분류 - 미분류,승용,남,49세,상해없음,승용,여,30세,경상
2015060100100016,2015년 6월 1일 01시,월요일,충청남도 아산시 신창면,사망사고,1,0,0,0,차대사람 - 차도통행중,안전운전불이행,건조,맑음,단일로 - 기타,화물,남,51세,상해없음,보행자,남,75세,사망
2015060100100017,2015년 6월 1일 01시,월요일,충청남도 당진시 읍내리,중상사고,0,1,1,0,차대차 - 추돌 - 주정차중,안전운전불이행,습기,맑음,단일로 - 기타,승용,남,25세,상해없음,이륜,남,43세,중상
2015060100100043,2015년 6월 1일 05시,월요일,충청남도 아산시 풍기동,중상사고,0,2,0,0,차대차 - 측면직각충돌,신호위반,건조,맑음,교차로 - 교차로안,승용,남,56세,중상,화물,남,48세,중상
2015060100100044,2015년 6월 1일 05시,월요일,충청남도 예산군 예산읍,경상사고,0,0,2,0,차대차 - 측면직각충돌,안전운전불이행,건조,맑음,교차로 - 교차로안,승용,남,23세,상해없음,승용,남,31세,경상
2015060100100045,2015년 6월 1일 05시,월요일,충청남도 당진시 대덕리,경상사고,0,0,1,0,차대차 - 측면직각충돌,교차로운행방법위반,건조,맑음,교차로 - 교차로안,승용,여,39세,경상,승용,남,19세,상해없음
2015060100100058,2015년 6월 1일 06시,월요일,충청남도 천안시 서북구 성성동,경상사고,0,0,1,0,차대차 - 기타,안전운전불이행,건조,흐림,교차로 - 교차로부근,승용,남,52세,상해없음,화물,남,37세,경상
2015060100100081,2015년 6월 1일 07시,월요일,충청남도 서산시 지곡면,경상사고,0,0,2,0,차대차 - 측면직각충돌,직진우회전진행방해,건조,맑음,교차로 - 교차로안,승용,여,45세,경상,화물,남,55세,경상
2015060100100082,2015년 6월 1일 07시,월요일,충청남도 홍성군 홍성읍,경상사고,0,0,2,0,차대차 - 기타,안전거리미확보,건조,맑음,단일로 - 기타,화물,남,52세,상해없음,승용,여,39세,경상
2015060100100083,2015년 6월 1일 07시,월요일,충청남도 공주시 금학동,중상사고,0,1,1,0,차대차 - 측면직각충돌,안전운전불이행,건조,맑음,단일로 - 기타,화물,남,59세,기타불명,화물,여,44세,중상
2015060100100084,2015년 6월 1일 07시,월요일,충청남도 금산군 금산읍,경상사고,0,0,2,0,차대차 - 추돌 - 주정차중,과속,건조,맑음,교차로 - 교차로부근,승용,남,48세,상해없음,승용,남,42세,경상
2015060100100132,2015년 6월 1일 08시,월요일,충청남도 서천군 시초면,중상사고,0,1,0,0,차대차 - 정면충돌,중앙선침범,건조,맑음,단일로 - 기타,승용,남,65세,상해없음,화물,남,63세,상해없음
2015060100100173,2015년 6월 1일 09시,월요일,충청남도 공주시 우성면,중상사고,0,1,2,0,차대차 - 정면충돌,신호위반,건조,맑음,교차로 - 교차로부근,화물,남,54세,상해없음,승합,남,50세,경상
2015060100100203,2015년 6월 1일 10시,월요일,충청남도 아산시 둔포면,경상사고,0,0,1,0,차대차 - 측면직각충돌,안전운전불이행,건조,맑음,단일로 - 기타,승용,여,45세,경상,승용,남,78세,상해없음
2015060100100204,2015년 6월 1일 10시,월요일,충청남도 보령시 미산면,중상사고,0,1,0,0,차대사람 - 기타,안전운전불이행,건조,맑음,기타 - 기타,화물,남,59세,상해없음,보행자,여,58세,중상
2015060100100265,2015년 6월 1일 12시,월요일,충청남도 천안시 서북구 백석동,경상사고,0,0,3,0,차대차 - 측면직각충돌,안전운전불이행,건조,맑음,교차로 - 교차로안,승용,여,65세,기타불명,승용,여,29세,경상
2015060100100266,2015년 6월 1일 12시,월요일,충청남도 논산시 관촉동,경상사고,0,0,1,0,차대사람 - 길가장자리구역통행중,안전운전불이행,건조,맑음,단일로 - 기타,화물,기타불명,기타불명,기타불명,보행자,남,19세,경상
2015060100100289,2015년 6월 1일 13시,월요일,충청남도 아산시 모종동,경상사고,0,0,1,0,차대사람 - 기타,안전운전불이행,건조,맑음,교차로 - 교차로안,승용,여,48세,상해없음,보행자,여,31세,경상
2015060100100290,2015년 6월 1일 13시,월요일,충청남도 아산시 온천동,중상사고,0,2,0,0,차대차 - 정면충돌,직진우회전진행방해,건조,맑음,교차로 - 교차로안,이륜,남,75세,중상,화물,여,61세,상해없음
2015060100100319,2015년 6월 1일 14시,월요일,충청남도 서산시 대산읍,중상사고,0,1,0,0,차대차 - 측면직각충돌,차로위반,건조,맑음,단일로 - 기타,원동기,남,76세,중상,화물,남,55세,상해없음
2015060100100320,2015년 6월 1일 14시,월요일,충청남도 금산군 금성면,중상사고,0,1,0,0,차대차 - 측면직각충돌,기타,건조,맑음,교차로 - 교차로안,화물,남,74세,상해없음,이륜,여,74세,중상
2015060100100321,2015년 6월 1일 14시,월요일,충청남도 천안시 동남구 목천읍,경상사고,0,0,4,0,차대차 - 추돌 - 주정차중,안전운전불이행,건조,맑음,단일로 - 기타,승용,남,30세,경상,화물,남,63세,상해없음
2015060100100394,2015년 6월 1일 16시,월요일,충청남도 홍성군 구항면,중상사고,0,1,0,0,차대차 - 기타,교차로운행방법위반,건조,맑음,교차로 - 교차로안,원동기,남,55세,중상,승합,남,34세,상해없음
2015060100100395,2015년 6월 1일 16시,월요일,충청남도 서천군 서면,경상사고,0,0,1,0,차대차 - 정면충돌,중앙선침범,건조,맑음,단일로 - 기타,건설기계,남,53세,상해없음,승용,남,84세,경상
2015060100100437,2015년 6월 1일 17시,월요일,충청남도 천안시 서북구 성정동,경상사고,0,0,2,0,차대차 - 기타,안전운전불이행,건조,맑음,교차로 - 교차로부근,승용,남,26세,상해없음,승용,남,27세,경상
2015060100100438,2015년 6월 1일 17시,월요일,충청남도 공주시 산성동,경상사고,0,0,1,0,차대차 - 측면직각충돌,안전운전불이행,건조,맑음,교차로 - 교차로안,이륜,여,59세,경상,승용,남,44세,상해없음
2015060100100439,2015년 6월 1일 17시,월요일,충청남도 예산군 광시면,경상사고,0,0,1,0,차대차 - 측면직각충돌,직진우회전진행방해,건조,맑음,교차로 - 교차로안,이륜,남,71세,경상,화물,남,49세,상해없음
2015060100100440,2015년 6월 1일 17시,월요일,충청남도 부여군 부여읍,경상사고,0,0,1,0,차대사람 - 횡단중,안전운전불이행,건조,맑음,단일로 - 기타,승용,남,61세,상해없음,보행자,남,31세,경상
2015060100100489,2015년 6월 1일 18시,월요일,충청남도 아산시 남동,경상사고,0,0,1,0,차대차 - 추돌 - 주정차중,안전운전불이행,건조,맑음,단일로 - 기타,승용,여,48세,상해없음,승용,남,56세,경상
2015060100100490,2015년 6월 1일 18시,월요일,충청남도 서천군 장항읍,중상사고,0,1,0,0,차대차 - 측면직각충돌,안전운전불이행,건조,맑음,단일로 - 기타,이륜,남,70세,중상,승용,여,50세,상해없음
2015060100100568,2015년 6월 1일 20시,월요일,충청남도 아산시 배방읍,경상사고,0,0,2,0,차대차 - 측면직각충돌,안전운전불이행,건조,맑음,단일로 - 기타,화물,남,37세,상해없음,승용,남,53세,경상
2015060100100613,2015년 6월 1일 21시,월요일,충청남도 아산시 음봉면,경상사고,0,0,1,0,차대차 - 추돌 - 주정차중,안전운전불이행,건조,맑음,교차로 - 교차로부근,승용,남,38세,상해없음,승용,남,29세,경상
2015060100100614,2015년 6월 1일 21시,월요일,충청남도 공주시 봉정동,부상신고사고,0,0,0,1,차량단독 - 공작물충돌,안전운전불이행,건조,맑음,단일로 - 기타,승용,여,50세,부상신고,,,,
2015060100100653,2015년 6월 1일 22시,월요일,충청남도 천안시 동남구 사직동,경상사고,0,0,1,0,차대차 - 측면직각충돌,교차로운행방법위반,건조,맑음,교차로 - 교차로부근,승용,여,25세,상해없음,자전거,여,52세,경상
2015060100100674,2015년 6월 1일 23시,월요일,충청남도 홍성군 홍성읍,중상사고,0,1,0,0,차대차 - 추돌 - 주정차중,안전운전불이행,건조,맑음,단일로 - 기타,화물,남,58세,기타불명,원동기,남,17세,중상
2015060100100675,2015년 6월 1일 23시,월요일,충청남도 당진시 송악읍,경상사고,0,0,1,0,차대사람 - 기타,안전운전불이행,건조,맑음,단일로 - 기타,승용,여,43세,상해없음,보행자,남,65세,경상
2015060200100011,2015년 6월 2일 00시,화요일,충청남도 아산시 둔포면,경상사고,0,0,2,0,차대차 - 측면직각충돌,직진우회전진행방해,건조,맑음,교차로 - 교차로안,승용,남,35세,상해없음,승용,남,32세,경상
2015060200100063,2015년 6월 2일 05시,화요일,충청남도 공주시 신관동,경상사고,0,0,1,0,차대차 - 정면충돌,안전운전불이행,건조,맑음,단일로 - 기타,승용,남,41세,상해없음,승용,남,51세,경상
2015060200100075,2015년 6월 2일 06시,화요일,충청남도 아산시 배방읍,경상사고,0,0,1,0,차대차 - 기타,안전운전불이행,건조,맑음,교차로 - 교차로부근,승용,남,23세,상해없음,승용,남,38세,경상
2015060200100090,2015년 6월 2일 07시,화요일,충청남도 당진시 합덕읍,경상사고,0,0,1,0,차대차 - 추돌 - 진행중,안전운전불이행,건조,맑음,단일로 - 기타,화물,남,56세,상해없음,승용,남,46세,경상
2015060200100125,2015년 6월 2일 08시,화요일,충청남도 천안시 서북구 쌍용동,중상사고,0,1,1,0,차대차 - 기타,안전운전불이행,건조,맑음,단일로 - 기타,승용,남,75세,상해없음,승용,여,47세,중상
2015060200100126,2015년 6월 2일 08시,화요일,충청남도 천안시 서북구 성성동,경상사고,0,0,1,0,차대차 - 측면직각충돌,안전운전불이행,건조,맑음,단일로 - 기타,화물,남,50세,상해없음,승용,남,29세,경상
2015060200100127,2015년 6월 2일 08시,화요일,충청남도 보령시 대천동,경상사고,0,0,3,0,차대차 - 측면직각충돌,안전운전불이행,건조,맑음,교차로 - 교차로부근,화물,남,53세,상해없음,승용,여,39세,경상
2015060200100128,2015년 6월 2일 08시,화요일,충청남도 예산군 삽교읍,중상사고,0,1,1,0,차대차 - 정면충돌,중앙선침범,건조,맑음,단일로 - 기타,화물,남,23세,기타불명,화물,남,49세,경상
2015060200100155,2015년 6월 2일 09시,화요일,충청남도 보령시 주포면,중상사고,0,1,0,0,차대차 - 측면직각충돌,신호위반,건조,맑음,교차로 - 교차로안,승용,여,45세,상해없음,원동기,남,40세,중상
2015060200100173,2015년 6월 2일 10시,화요일,충청남도 천안시 서북구 불당동,부상신고사고,0,0,0,1,차대차 - 측면직각충돌,안전운전불이행,건조,맑음,교차로 - 교차로부근,승용,여,34세,상해없음,자전거,남,6세,부상신고
2015060200100222,2015년 6월 2일 12시,화요일,충청남도 태안군 태안읍,경상사고,0,0,5,0,차대차 - 측면직각충돌,직진우회전진행방해,건조,맑음,교차로 - 교차로안,승용,여,57세,경상,승용,남,36세,경상
2015060200100244,2015년 6월 2일 13시,화요일,충청남도 서산시 팔봉면,경상사고,0,0,2,0,차대차 - 측면직각충돌,교차로운행방법위반,건조,맑음,교차로 - 교차로안,승용,남,52세,경상,승용,남,61세,경상
2015060200100273,2015년 6월 2일 14시,화요일,충청남도 태안군 태안읍,중상사고,0,1,0,0,차량단독 - 공작물충돌,안전운전불이행,건조,맑음,단일로 - 기타,승용,남,65세,상해없음,,,,
2015060200100304,2015년 6월 2일 15시,화요일,충청남도 홍성군 홍동면,사망사고,1,0,1,0,차대차 - 측면직각충돌,교차로운행방법위반,건조,맑음,교차로 - 교차로안,승용,여,53세,경상,이륜,남,79세,사망
2015060200100305,2015년 6월 2일 15시,화요일,충청남도 서천군 종천면,경상사고,0,0,1,0,차대차 - 기타,신호위반,건조,맑음,교차로 - 교차로안,승용,여,62세,상해없음,화물,남,51세,경상
2015060200100306,2015년 6월 2일 15시,화요일,충청남도 천안시 동남구 신부동,경상사고,0,0,1,0,차대차 - 측면직각충돌,신호위반,건조,맑음,교차로 - 교차로부근,승용,남,23세,상해없음,승용,여,42세,경상
2015060200100381,2015년 6월 2일 17시,화요일,충청남도 천안시 서북구 백석동,사망사고,1,0,0,0,차대차 - 기타,안전거리미확보,건조,맑음,단일로 - 기타,승용,여,60세,상해없음,건설기계,남,63세,상해없음
2015060200100382,2015년 6월 2일 17시,화요일,충청남도 논산시 관촉동,중상사고,0,1,0,0,차대사람 - 차도통행중,안전운전불이행,건조,맑음,단일로 - 기타,승용,남,41세,상해없음,보행자,여,82세,중상
2015060200100383,2015년 6월 2일 17시,화요일,충청남도 서천군 장항읍,중상사고,0,1,0,0,차량단독 - 기타,안전운전불이행,건조,맑음,단일로 - 기타,승용,여,70세,중상,,,,
2015060200100384,2015년 6월 2일 17시,화요일,충청남도 공주시 신관동,중상사고,0,1,0,0,차대사람 - 보도통행중,기타,건조,맑음,단일로 - 기타,화물,남,40세,상해없음,보행자,남,66세,중상
2015060200100385,2015년 6월 2일 17시,화요일,충청남도 공주시 유구읍,중상사고,0,1,0,0,차대사람 - 기타,안전운전불이행,건조,맑음,단일로 - 기타,화물,남,53세,상해없음,보행자,남,42세,중상
2015060200100441,2015년 6월 2일 18시,화요일,충청남도 천안시 서북구 불당동,경상사고,0,0,2,0,차대차 - 기타,안전운전불이행,건조,맑음,교차로 - 교차로부근,승용,남,46세,상해없음,원동기,남,17세,경상
2015060200100443,2015년 6월 2일 18시,화요일,충청남도 예산군 고덕면,중상사고,0,1,1,0,차대차 - 정면충돌,중앙선침범,건조,맑음,단일로 - 기타,화물,남,57세,중상,승용,남,58세,경상
2015060200100471,2015년 6월 2일 19시,화요일,충청남도 논산시 연무읍,경상사고,0,0,1,0,차대차 - 측면직각충돌,교차로운행방법위반,건조,맑음,교차로 - 교차로안,자전거,여,75세,경상,승용,여,36세,상해없음
2015060200100505,2015년 6월 2일 20시,화요일,충청남도 서산시 석림동,중상사고,0,2,0,0,차대차 - 측면직각충돌,교차로운행방법위반,건조,맑음,교차로 - 교차로안,승용,남,53세,상해없음,이륜,남,66세,중상
2015060200100506,2015년 6월 2일 20시,화요일,충청남도 아산시 용화동,경상사고,0,0,1,0,차대사람 - 길가장자리구역통행중,안전운전불이행,건조,맑음,교차로 - 교차로안,승용,남,21세,상해없음,보행자,남,59세,경상
2015060200100507,2015년 6월 2일 20시,화요일,충청남도 아산시 온천동,중상사고,0,1,0,0,차대사람 - 횡단중,안전운전불이행,건조,맑음,단일로 - 횡단보도상,승합,남,61세,상해없음,보행자,여,42세,중상
2015060200100508,2015년 6월 2일 20시,화요일,충청남도 당진시 원당리,중상사고,0,1,0,0,차대사람 - 횡단중,보행자보호의무위반,건조,맑음,교차로 - 교차로안,화물,남,37세,상해없음,보행자,여,18세,중상
2015060200100535,2015년 6월 2일 21시,화요일,충청남도 천안시 서북구 입장면,경상사고,0,0,1,0,차대사람 - 길가장자리구역통행중,안전운전불이행,건조,맑음,단일로 - 기타,승용,남,52세,상해없음,보행자,여,22세,경상
2015060200100536,2015년 6월 2일 21시,화요일,충청남도 아산시 용화동,부상신고사고,0,0,0,1,차대사람 - 횡단중,안전운전불이행,건조,맑음,단일로 - 기타,이륜,남,17세,상해없음,보행자,남,22세,부상신고
2015060200100537,2015년 6월 2일 21시,화요일,충청남도 아산시 권곡동,중상사고,0,1,0,0,차대차 - 추돌 - 진행중,안전운전불이행,건조,맑음,단일로 - 기타,승용,남,44세,상해없음,자전거,남,59세,중상
2015060200100588,2015년 6월 2일 23시,화요일,충청남도 아산시 배방읍,경상사고,0,0,1,0,차대차 - 추돌 - 주정차중,안전운전불이행,건조,맑음,교차로 - 교차로부근,승용,남,43세,상해없음,화물,남,45세,경상
2015060200100589,2015년 6월 2일 23시,화요일,충청남도 당진시 원당리,경상사고,0,0,1,0,차대사람 - 횡단중,안전운전불이행,건조,맑음,교차로 - 교차로안,승합,남,49세,상해없음,보행자,남,28세,경상
2015060300100039,2015년 6월 3일 02시,수요일,충청남도 아산시 온천동,경상사고,0,0,5,0,차대차 - 측면직각충돌,직진우회전진행방해,건조,맑음,교차로 - 교차로안,승합,남,49세,상해없음,승용,남,59세,상해없음
2015060300100040,2015년 6월 3일 02시,수요일,충청남도 아산시 모종동,경상사고,0,0,1,0,차량단독 - 도로외이탈 - 추락,안전운전불이행,건조,맑음,교차로 - 교차로부근,승용,남,30세,경상,,,,
2015060300100101,2015년 6월 3일 07시,수요일,충청남도 태안군 원북면,중상사고,0,1,0,0,차대차 - 측면직각충돌,안전운전불이행,건조,맑음,교차로 - 교차로안,화물,남,56세,상해없음,자전거,남,71세,중상
2015060300100134,2015년 6월 3일 08시,수요일,충청남도 서산시 대산읍,중상사고,0,1,0,0,차대차 - 측면직각충돌,교차로운행방법위반,건조,맑음,교차로 - 교차로안,화물,남,57세,상해없음,승용,여,45세,중상
2015060300100135,2015년 6월 3일 08시,수요일,충청남도 부여군 구룡면,경상사고,0,0,1,0,차대차 - 측면직각충돌,안전운전불이행,건조,맑음,교차로 - 교차로안,이륜,남,50세,경상,승용,여,39세,상해없음
2015060300100220,2015년 6월 3일 10시,수요일,충청남도 홍성군 홍동면,경상사고,0,0,1,0,차대사람 - 보도통행중,안전운전불이행,건조,맑음,단일로 - 기타,승용,여,30세,상해없음,보행자,여,41세,경상
2015060300100221,2015년 6월 3일 10시,수요일,충청남도 당진시 송악읍,중상사고,0,1,0,0,차대사람 - 차도통행중,안전운전불이행,건조,맑음,단일로 - 기타,승용,여,36세,기타불명,보행자,여,79세,중상
2015060300100252,2015년 6월 3일 11시,수요일,충청남도 부여군 장암면,중상사고,0,1,0,0,차대차 - 기타,안전운전불이행,건조,맑음,교차로 - 교차로안,승용,여,36세,상해없음,자전거,여,69세,중상
2015060300100307,2015년 6월 3일 13시,수요일,충청남도 공주시 우성면,경상사고,0,0,1,0,차량단독 - 공작물충돌,안전운전불이행,건조,맑음,단일로 - 기타,승용,여,59세,경상,,,,
2015060300100335,2015년 6월 3일 14시,수요일,충청남도 홍성군 홍북면,중상사고,0,1,0,0,차량단독 - 공작물충돌,안전운전불이행,건조,맑음,단일로 - 기타,승용,남,44세,상해없음,,,,
2015060300100336,2015년 6월 3일 14시,수요일,충청남도 천안시 동남구 신방동,경상사고,0,0,1,0,차대차 - 추돌 - 진행중,차로위반,건조,맑음,단일로 - 기타,건설기계,남,65세,상해없음,승용,여,47세,경상
2015060300100367,2015년 6월 3일 15시,수요일,충청남도 논산시 취암동,중상사고,0,1,1,0,차대차 - 측면직각충돌,신호위반,건조,맑음,교차로 - 교차로안,승용,남,23세,경상,이륜,남,40세,중상
2015060300100408,2015년 6월 3일 16시,수요일,충청남도 아산시 선장면,사망사고,1,0,0,0,차대차 - 측면직각충돌,직진우회전진행방해,건조,맑음,교차로 - 교차로안,화물,남,38세,상해없음,원동기,남,78세,사망
2015060300100409,2015년 6월 3일 16시,수요일,충청남도 아산시 권곡동,경상사고,0,0,1,0,차대사람 - 기타,안전운전불이행,건조,맑음,교차로 - 교차로안,승용,남,55세,상해없음,보행자,여,10세,경상
2015060300100469,2015년 6월 3일 17시,수요일,충청남도 아산시 온천동,경상사고,0,0,2,0,차대차 - 기타,안전운전불이행,건조,맑음,기타 - 기타,승합,여,51세,경상,승용,여,56세,경상
2015060300100530,2015년 6월 3일 18시,수요일,충청남도 보령시 주교면,경상사고,0,0,2,0,차대차 - 측면직각충돌,직진우회전진행방해,건조,맑음,교차로 - 교차로안,화물,남,60세,경상,화물,남,41세,경상
2015060300100531,2015년 6월 3일 18시,수요일,충청남도 당진시 정미면,중상사고,0,2,1,0,차대차 - 정면충돌,안전운전불이행,건조,맑음,단일로 - 기타,이륜,남,70세,경상,이륜,남,68세,중상
2015060300100532,2015년 6월 3일 18시,수요일,충청남도 금산군 금산읍,경상사고,0,0,1,0,차대차 - 측면직각충돌,안전운전불이행,건조,맑음,교차로 - 교차로안,승용,여,44세,상해없음,자전거,남,40세,경상