사고번호,사고일시,요일,시군구,사고내용,사망자수,중상자수,경상자수,부상신고자수,사고유형,법규위반,노면상태,기상상태,도로형태,가해운전자 차종,가해운전자 성별,가해운전자 연령,가해운전자 상해정도,피해운전자 차종,피해운전자 성별,피해운전자 연령,피해운전자 상해정도
2015060300100567,2015년 6월 3일 19시,수요일,충청남도 천안시 서북구 성정동,경상사고,0,0,1,0,차대차 - 측면직각충돌,안전운전불이행,건조,맑음,단일로 - 기타,승용,남,44세,상해없음,원동기,남,33세,경상
2015060300100568,2015년 6월 3일 19시,수요일,충청남도 당진시 석문면,중상사고,0,1,2,1,차대차 - 정면충돌,교차로운행방법위반,건조,맑음,교차로 - 교차로안,화물,여,32세,상해없음,승용,남,38세,경상
2015060300100601,2015년 6월 3일 20시,수요일,충청남도 천안시 서북구 두정동,경상사고,0,0,3,0,차대차 - 측면직각충돌,중앙선침범,건조,맑음,단일로 - 기타,승용,남,60세,상해없음,승합,남,56세,경상
2015060300100629,2015년 6월 3일 21시,수요일,충청남도 천안시 서북구 쌍용동,경상사고,0,0,1,0,차대차 - 기타,안전운전불이행,건조,맑음,교차로 - 교차로부근,승용,남,32세,상해없음,화물,여,26세,경상
2015060300100630,2015년 6월 3일 21시,수요일,충청남도 아산시 온천동,중상사고,0,1,0,0,차대사람 - 횡단중,안전운전불이행,건조,맑음,교차로 - 교차로안,승합,남,50세,상해없음,보행자,남,56세,중상
2015060300100631,2015년 6월 3일 21시,수요일,충청남도 보령시 동대동,경상사고,0,0,1,0,차대사람 - 횡단중,안전운전불이행,건조,맑음,단일로 - 기타,승용,여,28세,상해없음,보행자,남,56세,경상
2015060300100686,2015년 6월 3일 23시,수요일,충청남도 태안군 태안읍,중상사고,0,1,0,0,차대차 - 추돌 - 주정차중,안전운전불이행,건조,맑음,단일로 - 기타,승용,남,66세,중상,승용,남,46세,기타불명
2015060400100011,2015년 6월 4일 00시,목요일,충청남도 아산시 배방읍,중상사고,0,1,0,0,차대사람 - 횡단중,보행자보호의무위반,건조,맑음,교차로 - 교차로부근,승용,여,41세,상해없음,보행자,남,59세,중상
2015060400100012,2015년 6월 4일 00시,목요일,충청남도 예산군 응봉면,중상사고,0,1,1,0,차대차 - 기타,직진우회전진행방해,건조,맑음,교차로 - 교차로안,승용,남,51세,상해없음,승용,남,52세,중상
2015060400100032,2015년 6월 4일 01시,목요일,충청남도 아산시 배방읍,경상사고,0,0,1,0,차대차 - 기타,안전운전불이행,건조,맑음,기타 - 기타,승용,남,29세,상해없음,승용,남,34세,경상
2015060400100078,2015년 6월 4일 06시,목요일,충청남도 당진시 석문면,경상사고,0,0,1,0,차량단독 - 공작물충돌,안전운전불이행,건조,맑음,교차로 - 교차로안,승용,남,46세,경상,,,,
2015060400100109,2015년 6월 4일 07시,목요일,충청남도 서산시 대산읍,중상사고,0,1,3,0,차대차 - 측면직각충돌,신호위반,건조,맑음,교차로 - 교차로안,승용,남,35세,경상,승용,남,29세,중상
2015060400100111,2015년 6월 4일 07시,목요일,충청남도 천안시 동남구 구성동,중상사고,0,1,0,0,차대사람 - 횡단중,보행자보호의무위반,건조,맑음,단일로 - 기타,승용,남,24세,상해없음,보행자,여,53세,중상
2015060400100182,2015년 6월 4일 09시,목요일,충청남도 태안군 근흥면,중상사고,0,1,0,0,차대차 - 정면충돌,중앙선침범,건조,맑음,단일로 - 기타,승용,남,62세,상해없음,승용,여,56세,중상
2015060400100211,2015년 6월 4일 10시,목요일,충청남도 서산시 석남동,중상사고,0,1,0,0,차대사람 - 횡단중,보행자보호의무위반,건조,맑음,교차로 - 교차로안,승용,남,42세,상해없음,보행자,여,37세,중상
2015060400100212,2015년 6월 4일 10시,목요일,충청남도 예산군 예산읍,경상사고,0,0,2,0,차대차 - 추돌 - 주정차중,안전운전불이행,건조,맑음,단일로 - 기타,승용,남,25세,상해없음,승용,남,65세,경상
2015060400100213,2015년 6월 4일 10시,목요일,충청남도 당진시 우강면,중상사고,0,1,0,0,차대차 - 측면직각충돌,교차로운행방법위반,건조,맑음,교차로 - 교차로안,승용,남,76세,상해없음,화물,남,71세,중상
2015060400100272,2015년 6월 4일 12시,목요일,충청남도 서산시 음암면,사망사고,1,0,1,0,차대차 - 측면직각충돌,신호위반,건조,맑음,교차로 - 교차로안,승용,남,58세,사망,화물,남,39세,경상
2015060400100273,2015년 6월 4일 12시,목요일,충청남도 아산시 염치읍,경상사고,0,0,1,0,차대차 - 기타,안전운전불이행,건조,맑음,교차로 - 교차로부근,건설기계,남,52세,상해없음,승용,남,24세,경상
2015060400100274,2015년 6월 4일 12시,목요일,충청남도 부여군 부여읍,경상사고,0,0,1,0,차대차 - 기타,안전운전불이행,건조,맑음,기타 - 기타,이륜,남,25세,경상,승용,남,46세,상해없음
2015060400100311,2015년 6월 4일 13시,목요일,충청남도 당진시 석문면,경상사고,0,0,1,0,차대사람 - 횡단중,안전운전불이행,건조,맑음,단일로 - 기타,승용,여,54세,상해없음,보행자,남,39세,경상
2015060400100344,2015년 6월 4일 14시,목요일,충청남도 공주시 신관동,경상사고,0,0,2,0,차대차 - 기타,안전운전불이행,건조,맑음,단일로 - 기타,승용,남,63세,상해없음,승용,여,44세,경상
2015060400100345,2015년 6월 4일 14시,목요일,충청남도 당진시 행정리,경상사고,0,0,1,0,차대차 - 측면직각충돌,교차로운행방법위반,건조,맑음,교차로 - 교차로안,승용,남,61세,경상,화물,남,54세,상해없음
2015060400100377,2015년 6월 4일 15시,목요일,충청남도 당진시 고대면,중상사고,0,1,2,0,차대차 - 추돌 - 주정차중,안전운전불이행,건조,맑음,단일로 - 기타,건설기계,남,58세,상해없음,승합,남,48세,경상
2015060400100378,2015년 6월 4일 15시,목요일,충청남도 청양군 정산면,경상사고,0,0,1,0,차대차 - 기타,교차로운행방법위반,건조,맑음,교차로 - 교차로안,승용,남,29세,상해없음,이륜,남,75세,경상
2015060400100415,2015년 6월 4일 16시,목요일,충청남도 보령시 내항동,중상사고,0,1,0,0,차량단독 - 공작물충돌,안전운전불이행,건조,맑음,단일로 - 기타,승용,남,73세,중상,,,,
2015060400100416,2015년 6월 4일 16시,목요일,충청남도 부여군 규암면,경상사고,0,0,1,0,차대차 - 기타,안전운전불이행,건조,맑음,교차로 - 교차로안,승용,남,56세,상해없음,승용,여,70세,경상
2015060400100417,2015년 6월 4일 16시,목요일,충청남도 당진시 시곡리,경상사고,0,0,2,0,차대차 - 측면직각충돌,안전운전불이행,건조,맑음,단일로 - 기타,승용,여,72세,경상,승용,여,41세,경상
2015060400100502,2015년 6월 4일 18시,목요일,충청남도 예산군 예산읍,중상사고,0,1,0,0,차대사람 - 횡단중,안전운전불이행,건조,맑음,단일로 - 기타,승용,남,46세,상해없음,보행자,여,72세,중상
2015060400100569,2015년 6월 4일 20시,목요일,충청남도 논산시 연무읍,중상사고,0,1,1,0,차대사람 - 길가장자리구역통행중,안전운전불이행,건조,맑음,단일로 - 기타,이륜,남,72세,경상,보행자,여,62세,중상
2015060400100570,2015년 6월 4일 20시,목요일,충청남도 서천군 마서면,경상사고,0,0,1,0,차량단독 - 공작물충돌,안전운전불이행,건조,맑음,단일로 - 기타,승용,남,34세,경상,,,,
2015060400100636,2015년 6월 4일 22시,목요일,충청남도 천안시 동남구 목천읍,중상사고,0,1,0,0,차량단독 - 전도전복,안전운전불이행,건조,맑음,단일로 - 기타,자전거,남,37세,중상,,,,
2015060400100661,2015년 6월 4일 23시,목요일,충청남도 서산시 지곡면,경상사고,0,0,4,0,차대차 - 추돌 - 주정차중,안전운전불이행,건조,흐림,교차로 - 교차로부근,승용,남,47세,상해없음,승용,남,43세,경상
2015060500100031,2015년 6월 5일 01시,금요일,충청남도 천안시 서북구 성정동,경상사고,0,0,1,0,차대차 - 정면충돌,중앙선침범,건조,맑음,교차로 - 교차로부근,승용,남,36세,상해없음,승용,남,33세,경상
2015060500100032,2015년 6월 5일 01시,금요일,충청남도 천안시 동남구 신부동,경상사고,0,0,3,0,차대차 - 추돌 - 진행중,교차로운행방법위반,건조,맑음,교차로 - 교차로안,승용,남,61세,상해없음,승용,여,56세,경상
2015060500100034,2015년 6월 5일 01시,금요일,충청남도 천안시 동남구 수신면,경상사고,0,0,1,0,차대차 - 기타,안전운전불이행,건조,맑음,단일로 - 기타,승용,남,30세,경상,승용,남,35세,상해없음
2015060500100059,2015년 6월 5일 03시,금요일,충청남도 천안시 서북구 성거읍,중상사고,0,1,0,0,차량단독 - 공작물충돌,안전운전불이행,습기,비,단일로 - 기타,승용,남,26세,중상,,,,
2015060500100079,2015년 6월 5일 05시,금요일,충청남도 보령시 웅천읍,중상사고,0,1,0,0,차대차 - 정면충돌,중앙선침범,건조,흐림,단일로 - 기타,승용,남,27세,상해없음,화물,남,65세,중상
2015060500100125,2015년 6월 5일 07시,금요일,충청남도 보령시 웅천읍,중상사고,0,1,0,0,차대차 - 측면직각충돌,안전운전불이행,습기,비,단일로 - 기타,승용,남,41세,상해없음,화물,남,58세,중상
2015060500100164,2015년 6월 5일 08시,금요일,충청남도 홍성군 금마면,중상사고,0,1,1,0,차대차 - 측면직각충돌,안전운전불이행,건조,맑음,단일로 - 기타,승용,여,61세,상해없음,화물,남,54세,경상
2015060500100165,2015년 6월 5일 08시,금요일,충청남도 천안시 동남구 구성동,경상사고,0,0,1,0,차대차 - 추돌 - 진행중,차로위반,건조,맑음,단일로 - 기타,승용,남,27세,상해없음,승용,여,35세,경상
2015060500100213,2015년 6월 5일 09시,금요일,충청남도 홍성군 구항면,중상사고,0,1,0,0,차대차 - 측면직각충돌,교차로운행방법위반,건조,맑음,교차로 - 교차로부근,이륜,여,58세,중상,승용,남,53세,상해없음
2015060500100214,2015년 6월 5일 09시,금요일,충청남도 예산군 덕산면,중상사고,0,1,1,0,차대차 - 추돌 - 진행중,안전운전불이행,건조,맑음,단일로 - 기타,건설기계,남,52세,상해없음,승용,남,78세,상해없음
2015060500100244,2015년 6월 5일 10시,금요일,충청남도 천안시 서북구 두정동,경상사고,0,0,1,0,차대차 - 기타,안전운전불이행,건조,맑음,단일로 - 기타,승용,남,58세,상해없음,승용,남,23세,경상
2015060500100277,2015년 6월 5일 11시,금요일,충청남도 천안시 서북구 성거읍,경상사고,0,0,1,0,차대차 - 기타,안전운전불이행,건조,맑음,단일로 - 기타,화물,남,37세,상해없음,이륜,남,53세,경상
2015060500100278,2015년 6월 5일 11시,금요일,충청남도 아산시 모종동,중상사고,0,1,0,0,차대차 - 기타,불법유턴,건조,맑음,교차로 - 교차로안,승용,남,46세,상해없음,원동기,남,18세,중상
2015060500100307,2015년 6월 5일 12시,금요일,충청남도 당진시 읍내리,경상사고,0,0,2,0,차대차 - 추돌 - 진행중,안전운전불이행,건조,맑음,교차로 - 교차로안,승용,남,75세,상해없음,승용,남,31세,경상
2015060500100458,2015년 6월 5일 17시,금요일,충청남도 부여군 규암면,중상사고,0,1,4,0,차대차 - 기타,신호위반,건조,맑음,교차로 - 교차로안,승용,남,50세,상해없음,승용,남,60세,경상
2015060500100459,2015년 6월 5일 17시,금요일,충청남도 금산군 금산읍,사망사고,1,0,0,0,차대차 - 측면직각충돌,안전운전불이행,건조,맑음,교차로 - 교차로안,화물,남,52세,상해없음,자전거,여,71세,사망
2015060500100502,2015년 6월 5일 18시,금요일,충청남도 아산시 남동,중상사고,0,1,0,0,차대차 - 측면직각충돌,안전운전불이행,건조,맑음,교차로 - 교차로안,승용,남,60세,상해없음,승용,여,58세,중상
2015060500100503,2015년 6월 5일 18시,금요일,충청남도 보령시 웅천읍,경상사고,0,0,1,0,차대차 - 기타,중앙선침범,건조,맑음,단일로 - 기타,화물,남,49세,상해없음,원동기,남,32세,경상
2015060500100536,2015년 6월 5일 19시,금요일,충청남도 서산시 예천동,중상사고,0,1,0,0,차대사람 - 기타,안전운전불이행,건조,맑음,기타 - 기타,화물,남,48세,상해없음,보행자,여,63세,중상
2015060500100537,2015년 6월 5일 19시,금요일,충청남도 논산시 강산동,경상사고,0,0,1,0,차대차 - 측면직각충돌,차로위반,건조,맑음,교차로 - 교차로부근,승용,여,41세,상해없음,승용,남,40세,경상
2015060500100538,2015년 6월 5일 19시,금요일,충청남도 아산시 신창면,경상사고,0,0,2,0,차대차 - 추돌 - 진행중,안전운전불이행,건조,맑음,단일로 - 기타,승용,남,35세,상해없음,승용,남,42세,경상
2015060500100569,2015년 6월 5일 20시,금요일,충청남도 논산시 연무읍,중상사고,0,1,0,0,차대차 - 정면충돌,중앙선침범,건조,맑음,단일로 - 기타,승용,남,49세,상해없음,이륜,남,58세,중상
2015060500100570,2015년 6월 5일 20시,금요일,충청남도 홍성군 홍성읍,경상사고,0,0,1,0,차대사람 - 길가장자리구역통행중,안전운전불이행,건조,맑음,단일로 - 기타,승용,기타불명,기타불명,기타불명,보행자,남,60세,경상
2015060500100571,2015년 6월 5일 20시,금요일,충청남도 공주시 옥룡동,경상사고,0,0,1,0,차대차 - 측면직각충돌,중앙선침범,건조,맑음,단일로 - 기타,화물,남,58세,기타불명,이륜,남,17세,경상
2015060500100607,2015년 6월 5일 21시,금요일,충청남도 아산시 탕정면,중상사고,0,2,0,0,차대차 - 기타,직진우회전진행방해,건조,맑음,교차로 - 교차로안,승용,남,59세,중상,승용,남,25세,중상
2015060500100608,2015년 6월 5일 21시,금요일,충청남도 천안시 동남구 성황동,중상사고,0,1,0,0,차대차 - 추돌 - 주정차중,신호위반,건조,맑음,교차로 - 교차로안,자전거,남,57세,중상,승용,남,34세,상해없음
2015060500100647,2015년 6월 5일 22시,금요일,충청남도 서산시 예천동,중상사고,0,1,1,0,차대사람 - 횡단중,신호위반,건조,맑음,교차로 - 교차로부근,승용,남,46세,상해없음,보행자,여,15세,경상
2015060500100672,2015년 6월 5일 23시,금요일,충청남도 아산시 배방읍,경상사고,0,0,1,0,차대차 - 측면직각충돌,안전운전불이행,건조,맑음,교차로 - 교차로부근,승용,남,36세,상해없음,승용,남,57세,경상
2015060500100673,2015년 6월 5일 23시,금요일,충청남도 아산시 용화동,중상사고,0,1,0,0,차량단독 - 공작물충돌,안전운전불이행,건조,맑음,교차로 - 교차로부근,승용,여,43세,중상,,,,
2015060600100075,2015년 6월 6일 02시,토요일,충청남도 아산시 풍기동,중상사고,0,1,0,0,차대차 - 추돌 - 진행중,안전운전불이행,건조,맑음,교차로 - 교차로부근,승용,남,39세,기타불명,자전거,남,62세,중상
2015060600100101,2015년 6월 6일 04시,토요일,충청남도 아산시 온천동,중상사고,0,1,4,0,차대차 - 측면직각충돌,직진우회전진행방해,건조,맑음,교차로 - 교차로안,승용,남,31세,경상,승용,남,54세,경상
2015060600100155,2015년 6월 6일 08시,토요일,충청남도 공주시 우성면,중상사고,0,1,0,0,차대차 - 측면직각충돌,신호위반,건조,맑음,교차로 - 교차로안,승용,여,31세,기타불명,승용,남,65세,중상
2015060600100208,2015년 6월 6일 10시,토요일,충청남도 부여군 외산면,중상사고,0,1,0,0,차대차 - 측면직각충돌,교차로운행방법위반,건조,맑음,교차로 - 교차로안,건설기계,남,44세,상해없음,이륜,남,42세,중상
2015060600100233,2015년 6월 6일 11시,토요일,충청남도 천안시 동남구 북면,중상사고,0,1,0,0,차량단독 - 전도전복,안전운전불이행,건조,맑음,단일로 - 기타,이륜,남,53세,중상,,,,
2015060600100273,2015년 6월 6일 12시,토요일,충청남도 서산시 예천동,부상신고사고,0,0,0,1,차대차 - 측면직각충돌,안전운전불이행,건조,맑음,교차로 - 교차로부근,원동기,남,64세,부상신고,승용,여,32세,상해없음
2015060600100274,2015년 6월 6일 12시,토요일,충청남도 서산시 동문동,부상신고사고,0,0,0,1,차대사람 - 횡단중,안전운전불이행,건조,맑음,교차로 - 교차로안,기타불명,기타불명,기타불명,기타불명,보행자,남,60세,부상신고
2015060600100275,2015년 6월 6일 12시,토요일,충청남도 서산시 고북면,부상신고사고,0,0,0,1,차대차 - 추돌 - 진행중,안전운전불이행,건조,맑음,교차로 - 교차로부근,자전거,남,15세,부상신고,승용,남,62세,상해없음
2015060600100276,2015년 6월 6일 12시,토요일,충청남도 천안시 서북구 성정동,경상사고,0,0,1,0,차대차 - 측면직각충돌,교차로운행방법위반,건조,맑음,교차로 - 교차로안,승용,여,46세,상해없음,원동기,남,58세,경상
2015060600100301,2015년 6월 6일 13시,토요일,충청남도 서산시 예천동,중상사고,0,1,0,0,차대차 - 추돌 - 주정차중,안전운전불이행,건조,맑음,교차로 - 교차로안,승용,남,39세,상해없음,승용,여,54세,중상
2015060600100341,2015년 6월 6일 14시,토요일,충청남도 천안시 동남구 삼룡동,중상사고,0,2,0,0,차대차 - 추돌 - 주정차중,기타,건조,맑음,교차로 - 교차로부근,승용,남,38세,상해없음,승용,남,57세,중상
2015060600100373,2015년 6월 6일 15시,토요일,충청남도 공주시 유구읍,경상사고,0,0,4,0,차대차 - 측면직각충돌,안전운전불이행,건조,맑음,교차로 - 교차로안,농기계,남,58세,기타불명,승용,여,32세,경상
2015060600100459,2015년 6월 6일 17시,토요일,충청남도 서산시 석남동,경상사고,0,0,1,0,차대사람 - 횡단중,안전운전불이행,건조,맑음,단일로 - 기타,화물,남,46세,상해없음,보행자,남,50세,경상
2015060600100493,2015년 6월 6일 18시,토요일,충청남도 태안군 소원면,부상신고사고,0,0,0,1,차대차 - 측면직각충돌,안전운전불이행,건조,맑음,교차로 - 교차로안,원동기,남,67세,부상신고,승용,여,39세,상해없음
2015060600100494,2015년 6월 6일 18시,토요일,충청남도 천안시 서북구 입장면,경상사고,0,0,2,0,차대차 - 정면충돌,중앙선침범,건조,맑음,단일로 - 기타,승용,남,70세,상해없음,승용,여,43세,경상
2015060600100584,2015년 6월 6일 21시,토요일,충청남도 청양군 청남면,경상사고,0,0,1,0,차량단독 - 전도전복,안전운전불이행,건조,맑음,단일로 - 기타,화물,남,47세,경상,,,,
2015060600100607,2015년 6월 6일 22시,토요일,충청남도 서천군 장항읍,경상사고,0,0,1,0,차량단독 - 전도전복,안전운전불이행,건조,맑음,교차로 - 교차로안,승용,여,51세,경상,,,,
2015060600100634,2015년 6월 6일 23시,토요일,충청남도 홍성군 금마면,경상사고,0,0,1,0,차대차 - 추돌 - 진행중,안전거리미확보,건조,맑음,단일로 - 기타,화물,남,54세,상해없음,승용,남,22세,경상
2015060600100635,2015년 6월 6일 23시,토요일,충청남도 부여군 내산면,중상사고,0,1,0,0,차대차 - 정면충돌,중앙선침범,건조,맑음,단일로 - 기타,승용,남,41세,상해없음,승용,여,47세,중상
2015060700100010,2015년 6월 7일 00시,일요일,충청남도 천안시 서북구 두정동,경상사고,0,0,1,0,차대사람 - 차도통행중,안전운전불이행,건조,맑음,교차로 - 교차로부근,승용,남,27세,상해없음,보행자,남,20세,경상
2015060700100031,2015년 6월 7일 01시,일요일,충청남도 서산시 예천동,경상사고,0,0,1,0,차대사람 - 차도통행중,안전운전불이행,건조,맑음,단일로 - 기타,승용,남,19세,상해없음,보행자,남,24세,경상
2015060700100032,2015년 6월 7일 01시,일요일,충청남도 보령시 신흑동,경상사고,0,0,2,0,차량단독 - 공작물충돌,안전운전불이행,건조,맑음,교차로 - 교차로부근,승용,여,19세,상해없음,,,,
2015060700100085,2015년 6월 7일 06시,일요일,충청남도 아산시 권곡동,중상사고,0,1,0,0,차대차 - 기타,신호위반,건조,맑음,교차로 - 교차로안,승용,남,54세,상해없음,승용,남,44세,중상
2015060700100086,2015년 6월 7일 06시,일요일,충청남도 아산시 배방읍,경상사고,0,0,1,0,차대차 - 추돌 - 주정차중,안전운전불이행,건조,흐림,기타 - 기타,화물,남,55세,상해없음,승용,남,47세,경상
2015060700100118,2015년 6월 7일 09시,일요일,충청남도 보령시 웅천읍,중상사고,0,1,1,0,차대차 - 측면직각충돌,안전운전불이행,건조,맑음,교차로 - 교차로안,이륜,남,79세,경상,이륜,남,85세,중상
2015060700100216,2015년 6월 7일 13시,일요일,충청남도 보령시 요암동,경상사고,0,0,3,0,차대차 - 측면직각충돌,안전운전불이행,건조,맑음,단일로 - 기타,승용,남,21세,상해없음,승용,남,28세,경상
2015060700100240,2015년 6월 7일 14시,일요일,충청남도 서산시 대산읍,중상사고,0,1,0,0,차대차 - 측면직각충돌,안전운전불이행,건조,맑음,교차로 - 교차로부근,승용,남,24세,상해없음,원동기,남,51세,중상
2015060700100241,2015년 6월 7일 14시,일요일,충청남도 부여군 홍산면,중상사고,0,1,1,0,차대차 - 측면직각충돌,신호위반,건조,맑음,교차로 - 교차로안,승용,남,26세,경상,화물,남,46세,중상
2015060700100242,2015년 6월 7일 14시,일요일,충청남도 청양군 장평면,중상사고,0,1,2,0,차량단독 - 공작물충돌,안전운전불이행,건조,맑음,단일로 - 기타,승용,남,22세,경상,,,,
2015060700100281,2015년 6월 7일 15시,일요일,충청남도 논산시 채운면,중상사고,0,2,1,0,차대차 - 정면충돌,중앙선침범,건조,맑음,단일로 - 기타,승용,여,25세,상해없음,화물,남,66세,중상
2015060700100282,2015년 6월 7일 15시,일요일,충청남도 논산시 성동면,사망사고,2,0,0,0,차량단독 - 전도전복,안전운전불이행,건조,맑음,단일로 - 기타,이륜,남,76세,사망,,,,
2015060700100304,2015년 6월 7일 16시,일요일,충청남도 서산시 부석면,중상사고,0,1,0,0,차대차 - 측면직각충돌,안전운전불이행,건조,맑음,단일로 - 기타,농기계,남,50세,상해없음,자전거,남,56세,중상
2015060700100305,2015년 6월 7일 16시,일요일,충청남도 홍성군 홍성읍,경상사고,0,0,4,0,차대차 - 측면직각충돌,직진우회전진행방해,건조,맑음,교차로 - 교차로안,승용,여,39세,상해없음,승용,여,39세,경상
2015060700100306,2015년 6월 7일 16시,일요일,충청남도 당진시 신평면,경상사고,0,0,1,0,차대차 - 측면직각충돌,안전운전불이행,건조,맑음,교차로 - 교차로안,승용,여,50세,상해없음,승용,남,35세,경상
2015060700100343,2015년 6월 7일 17시,일요일,충청남도 서산시 석남동,중상사고,0,1,0,0,차대차 - 측면직각충돌,직진우회전진행방해,건조,맑음,교차로 - 교차로안,자전거,남,10세,중상,승용,남,53세,상해없음
2015060700100344,2015년 6월 7일 17시,일요일,충청남도 공주시 의당면,사망사고,1,0,0,0,차량단독 - 공작물충돌,안전운전불이행,건조,맑음,단일로 - 기타,화물,남,72세,사망,,,,
2015060700100375,2015년 6월 7일 18시,일요일,충청남도 태안군 원북면,경상사고,0,0,1,0,차량단독 - 기타,안전운전불이행,건조,맑음,단일로 - 기타,원동기,남,59세,경상,,,,
2015060700100376,2015년 6월 7일 18시,일요일,충청남도 서천군 문산면,경상사고,0,0,3,0,차대차 - 기타,직진우회전진행방해,건조,맑음,교차로 - 교차로부근,승용,여,55세,경상,승용,남,49세,경상
2015060700100377,2015년 6월 7일 18시,일요일,충청남도 당진시 송악읍,경상사고,0,0,1,0,차대차 - 측면직각충돌,안전운전불이행,건조,맑음,교차로 - 교차로안,승합,남,50세,상해없음,승용,남,25세,상해없음
2015060700100403,2015년 6월 7일 19시,일요일,충청남도 홍성군 홍북면,경상사고,0,0,1,0,차대차 - 정면충돌,중앙선침범,건조,맑음,단일로 - 기타,승용,남,54세,상해없음,승용,남,30세,경상
2015060700100432,2015년 6월 7일 20시,일요일,충청남도 청양군 청양읍,경상사고,0,0,1,0,차대차 - 측면직각충돌,안전운전불이행,건조,맑음,교차로 - 교차로안,기타불명,기타불명,기타불명,기타불명,자전거,남,62세,경상
2015060700100467,2015년 6월 7일 21시,일요일,충청남도 천안시 동남구 안서동,중상사고,0,1,0,0,차대차 - 측면직각충돌,안전운전불이행,건조,맑음,교차로 - 교차로안,승용,남,21세,상해없음,이륜,남,48세,중상
2015060700100493,2015년 6월 7일 22시,일요일,충청남도 서산시 동문동,중상사고,0,1,0,0,차대차 - 정면충돌,중앙선침범,건조,맑음,단일로 - 기타,승용,여,29세,상해없음,원동기,남,32세,중상
2015060700100514,2015년 6월 7일 23시,일요일,충청남도 보령시 동대동,중상사고,0,1,0,0,차대차 - 추돌 - 진행중,안전운전불이행,건조,맑음,교차로 - 교차로안,승용,남,34세,상해없음,승용,남,58세,중상
2015060800100069,2015년 6월 8일 07시,월요일,충청남도 부여군 규암면,경상사고,0,0,3,0,차대차 - 기타,기타,건조,맑음,교차로 - 교차로안,화물,남,37세,상해없음,승용,남,65세,경상
2015060800100105,2015년 6월 8일 08시,월요일,충청남도 천안시 서북구 두정동,경상사고,0,0,1,0,차대차 - 측면직각충돌,안전운전불이행,건조,맑음,단일로 - 기타,승용,남,26세,상해없음,승용,남,48세,경상
2015060800100106,2015년 6월 8일 08시,월요일,충청남도 논산시 강산동,경상사고,0,0,1,0,차대사람 - 길가장자리구역통행중,안전운전불이행,건조,맑음,단일로 - 기타,승용,남,24세,기타불명,보행자,여,11세,경상
2015060800100107,2015년 6월 8일 08시,월요일,충청남도 아산시 탕정면,경상사고,0,0,1,0,차대차 - 추돌 - 진행중,안전운전불이행,건조,맑음,교차로 - 교차로부근,승용,남,55세,상해없음,승용,남,28세,경상
2015060800100144,2015년 6월 8일 09시,월요일,충청남도 천안시 서북구 성거읍,경상사고,0,0,1,0,차대차 - 측면직각충돌,안전운전불이행,건조,맑음,교차로 - 교차로안,승용,여,30세,상해없음,화물,남,57세,경상
2015060800100145,2015년 6월 8일 09시,월요일,충청남도 당진시 합덕읍,중상사고,0,1,0,0,차대차 - 기타,안전운전불이행,건조,맑음,단일로 - 기타,화물,남,48세,상해없음,자전거,남,82세,중상
2015060800100183,2015년 6월 8일 10시,월요일,충청남도 금산군 금산읍,중상사고,0,1,0,0,차대차 - 측면직각충돌,교차로운행방법위반,건조,맑음,교차로 - 교차로안,승용,여,49세,상해없음,이륜,남,76세,중상
2015060800100208,2015년 6월 8일 11시,월요일,충청남도 예산군 오가면,경상사고,0,0,3,0,차대차 - 추돌 - 주정차중,안전운전불이행,건조,맑음,교차로 - 교차로안,승용,남,72세,상해없음,승용,남,75세,경상
2015060800100234,2015년 6월 8일 12시,월요일,충청남도 금산군 진산면,중상사고,0,1,0,0,차대차 - 측면직각충돌,중앙선침범,건조,맑음,단일로 - 기타,승용,남,66세,상해없음,이륜,남,31세,중상
2015060800100264,2015년 6월 8일 13시,월요일,충청남도 서천군 장항읍,경상사고,0,0,1,0,차대차 - 측면직각충돌,안전운전불이행,건조,맑음,교차로 - 교차로부근,승용,남,63세,상해없음,승용,남,25세,경상
2015060800100291,2015년 6월 8일 14시,월요일,충청남도 홍성군 구항면,중상사고,0,1,0,0,차량단독 - 도로외이탈 - 추락,안전운전불이행,건조,맑음,단일로 - 기타,이륜,남,73세,중상,,,,
2015060800100292,2015년 6월 8일 14시,월요일,충청남도 예산군 예산읍,중상사고,0,1,0,0,차대사람 - 횡단중,안전운전불이행,건조,맑음,교차로 - 교차로안,화물,남,25세,상해없음,보행자,남,11세,중상
2015060800100328,2015년 6월 8일 15시,월요일,충청남도 논산시 취암동,중상사고,0,1,0,0,차대사람 - 차도통행중,안전운전불이행,건조,맑음,단일로 - 기타,승용,여,29세,상해없음,보행자,여,59세,중상
2015060800100329,2015년 6월 8일 15시,월요일,충청남도 아산시 배방읍,경상사고,0,0,1,0,차대차 - 측면직각충돌,안전운전불이행,건조,맑음,교차로 - 교차로안,승용,남,41세,상해없음,승용,남,26세,경상
2015060800100362,2015년 6월 8일 16시,월요일,충청남도 아산시 방축동,중상사고,0,1,0,0,차대차 - 측면직각충돌,신호위반,건조,맑음,교차로 - 교차로안,승합,남,54세,상해없음,원동기,남,33세,중상
2015060800100363,2015년 6월 8일 16시,월요일,충청남도 서천군 화양면,경상사고,0,0,2,0,차대차 - 기타,중앙선침범,건조,맑음,단일로 - 기타,화물,남,50세,상해없음,화물,남,37세,경상
2015060800100402,2015년 6월 8일 17시,월요일,충청남도 예산군 삽교읍,경상사고,0,0,1,0,차대차 - 측면직각충돌,직진우회전진행방해,건조,맑음,교차로 - 교차로안,승용,남,30세,상해없음,원동기,남,82세,경상