사고번호,사고일시,요일,시군구,사고내용,사망자수,중상자수,경상자수,부상신고자수,사고유형,법규위반,노면상태,기상상태,도로형태,가해운전자 차종,가해운전자 성별,가해운전자 연령,가해운전자 상해정도,피해운전자 차종,피해운전자 성별,피해운전자 연령,피해운전자 상해정도
2015061300100103,2015년 6월 13일 04시,토요일,충청남도 서산시 석림동,경상사고,0,0,1,0,차량단독 - 공작물충돌,기타,건조,맑음,교차로 - 교차로부근,이륜,남,46세,경상,,,,
2015061300100110,2015년 6월 13일 05시,토요일,충청남도 천안시 서북구 불당동,중상사고,0,1,4,0,차대차 - 측면직각충돌,안전운전불이행,건조,맑음,교차로 - 교차로안,승용,남,46세,상해없음,승용,여,25세,중상
2015061300100125,2015년 6월 13일 06시,토요일,충청남도 보령시 신흑동,중상사고,0,1,0,0,차량단독 - 전도전복,안전운전불이행,건조,맑음,교차로 - 교차로부근,이륜,남,67세,중상,,,,
2015061300100126,2015년 6월 13일 06시,토요일,충청남도 부여군 남면,중상사고,0,1,0,0,차대사람 - 기타,안전운전불이행,건조,맑음,교차로 - 교차로부근,화물,남,73세,상해없음,보행자,남,49세,중상
2015061300100127,2015년 6월 13일 06시,토요일,충청남도 천안시 동남구 안서동,경상사고,0,0,2,0,차대차 - 추돌 - 주정차중,안전운전불이행,건조,맑음,단일로 - 기타,승용,남,30세,상해없음,승용,남,60세,경상
2015061300100208,2015년 6월 13일 10시,토요일,충청남도 아산시 탕정면,경상사고,0,0,1,0,차대차 - 기타,안전운전불이행,건조,맑음,교차로 - 교차로안,승합,남,48세,상해없음,승용,남,39세,경상
2015061300100234,2015년 6월 13일 11시,토요일,충청남도 서산시 운산면,부상신고사고,0,0,0,1,차량단독 - 도로외이탈 - 기타,안전거리미확보,건조,맑음,교차로 - 교차로부근,이륜,남,62세,부상신고,,,,
2015061300100235,2015년 6월 13일 11시,토요일,충청남도 천안시 서북구 불당동,중상사고,0,1,0,0,차대사람 - 횡단중,보행자보호의무위반,건조,맑음,교차로 - 교차로부근,승용,여,47세,상해없음,보행자,여,72세,중상
2015061300100236,2015년 6월 13일 11시,토요일,충청남도 아산시 배방읍,경상사고,0,0,2,0,차대차 - 측면직각충돌,안전운전불이행,건조,맑음,단일로 - 기타,화물,남,64세,경상,승용,남,45세,경상
2015061300100237,2015년 6월 13일 11시,토요일,충청남도 예산군 예산읍,중상사고,0,2,1,0,차대차 - 정면충돌,안전운전불이행,건조,맑음,교차로 - 교차로안,승용,여,27세,기타불명,승용,남,23세,중상
2015061300100270,2015년 6월 13일 12시,토요일,충청남도 보령시 명천동,경상사고,0,0,1,0,차대차 - 추돌 - 주정차중,안전운전불이행,건조,맑음,기타 - 기타,화물,남,36세,상해없음,이륜,남,21세,경상
2015061300100271,2015년 6월 13일 12시,토요일,충청남도 당진시 읍내리,경상사고,0,0,4,0,차대차 - 추돌 - 진행중,안전운전불이행,건조,맑음,단일로 - 기타,화물,남,49세,상해없음,승용,남,63세,경상
2015061300100272,2015년 6월 13일 12시,토요일,충청남도 금산군 부리면,중상사고,0,1,0,0,차량단독 - 전도전복,안전운전불이행,건조,맑음,단일로 - 기타,이륜,남,63세,중상,,,,
2015061300100273,2015년 6월 13일 12시,토요일,충청남도 천안시 서북구 입장면,경상사고,0,0,2,0,차대차 - 측면직각충돌,안전거리미확보,건조,맑음,단일로 - 기타,승용,남,51세,상해없음,승용,남,34세,경상
2015061300100298,2015년 6월 13일 13시,토요일,충청남도 논산시 강경읍,경상사고,0,0,1,0,차대차 - 측면직각충돌,안전운전불이행,건조,맑음,교차로 - 교차로안,자전거,남,14세,경상,승용,남,43세,상해없음
2015061300100327,2015년 6월 13일 14시,토요일,충청남도 청양군 정산면,중상사고,0,1,0,0,차대차 - 추돌 - 주정차중,안전운전불이행,건조,맑음,교차로 - 교차로부근,이륜,여,57세,중상,승용,남,56세,상해없음
2015061300100355,2015년 6월 13일 15시,토요일,충청남도 태안군 태안읍,중상사고,0,3,1,0,차량단독 - 공작물충돌,안전운전불이행,건조,맑음,단일로 - 기타,승용,남,45세,상해없음,,,,
2015061300100356,2015년 6월 13일 15시,토요일,충청남도 천안시 동남구 원성동,경상사고,0,0,1,0,차대차 - 측면직각충돌,직진우회전진행방해,건조,맑음,교차로 - 교차로안,화물,남,66세,상해없음,원동기,남,60세,경상
2015061300100398,2015년 6월 13일 16시,토요일,충청남도 태안군 고남면,중상사고,0,1,0,0,차대차 - 기타,직진우회전진행방해,건조,맑음,교차로 - 교차로안,승용,남,49세,상해없음,이륜,여,59세,중상
2015061300100451,2015년 6월 13일 17시,토요일,충청남도 아산시 송악면,사망사고,1,0,0,0,차대사람 - 횡단중,보행자보호의무위반,건조,맑음,단일로 - 기타,화물,남,59세,상해없음,보행자,여,80세,사망
2015061300100452,2015년 6월 13일 17시,토요일,충청남도 천안시 동남구 삼룡동,중상사고,0,3,1,0,차대차 - 추돌 - 주정차중,안전거리미확보,건조,맑음,단일로 - 기타,승용,여,70세,상해없음,승합,남,36세,중상
2015061300100453,2015년 6월 13일 17시,토요일,충청남도 천안시 동남구 광덕면,중상사고,0,1,0,0,차대차 - 측면직각충돌,안전운전불이행,건조,맑음,교차로 - 교차로안,승용,남,29세,상해없음,승용,여,61세,상해없음
2015061300100487,2015년 6월 13일 18시,토요일,충청남도 보령시 명천동,경상사고,0,0,1,0,차대차 - 추돌 - 주정차중,안전운전불이행,건조,맑음,단일로 - 기타,화물,남,68세,상해없음,승용,남,44세,상해없음
2015061300100546,2015년 6월 13일 20시,토요일,충청남도 서산시 예천동,중상사고,0,1,0,0,차대사람 - 횡단중,안전운전불이행,건조,맑음,교차로 - 교차로부근,승용,남,50세,상해없음,보행자,남,55세,중상
2015061300100547,2015년 6월 13일 20시,토요일,충청남도 논산시 연산면,경상사고,0,0,1,0,차대차 - 추돌 - 주정차중,안전운전불이행,건조,맑음,교차로 - 교차로부근,화물,남,61세,상해없음,승용,남,49세,경상
2015061300100548,2015년 6월 13일 20시,토요일,충청남도 공주시 금학동,경상사고,0,0,2,0,차대차 - 추돌 - 주정차중,안전운전불이행,건조,맑음,교차로 - 교차로부근,승용,여,47세,상해없음,승용,남,55세,경상
2015061300100549,2015년 6월 13일 20시,토요일,충청남도 부여군 구룡면,중상사고,0,1,0,0,차대차 - 기타,중앙선침범,건조,맑음,단일로 - 기타,이륜,남,55세,중상,화물,남,65세,상해없음
2015061300100579,2015년 6월 13일 21시,토요일,충청남도 공주시 우성면,사망사고,1,1,0,0,차대차 - 정면충돌,중앙선침범,건조,맑음,단일로 - 기타,원동기,남,66세,사망,승용,남,37세,중상
2015061300100614,2015년 6월 13일 22시,토요일,충청남도 태안군 태안읍,중상사고,0,1,1,0,차대차 - 측면직각충돌,안전운전불이행,건조,맑음,단일로 - 기타,승용,여,45세,상해없음,승용,남,67세,경상
2015061300100615,2015년 6월 13일 22시,토요일,충청남도 보령시 신흑동,경상사고,0,0,1,0,차대사람 - 기타,안전운전불이행,건조,맑음,단일로 - 기타,승용,남,21세,상해없음,보행자,남,49세,경상
2015061300100616,2015년 6월 13일 22시,토요일,충청남도 예산군 봉산면,경상사고,0,0,1,0,차량단독 - 공작물충돌,안전운전불이행,건조,맑음,단일로 - 기타,승용,남,47세,경상,,,,
2015061300100617,2015년 6월 13일 22시,토요일,충청남도 청양군 청양읍,경상사고,0,0,1,0,차대차 - 측면직각충돌,중앙선침범,건조,맑음,단일로 - 기타,승용,남,54세,상해없음,승용,남,54세,경상
2015061300100618,2015년 6월 13일 22시,토요일,충청남도 천안시 동남구 봉명동,경상사고,0,0,1,0,차대사람 - 차도통행중,안전운전불이행,건조,맑음,단일로 - 기타,원동기,남,16세,상해없음,보행자,여,45세,경상
2015061300100620,2015년 6월 13일 22시,토요일,충청남도 서산시 운산면,경상사고,0,0,1,0,차대차 - 추돌 - 진행중,과속,건조,맑음,단일로 - 기타,승용,남,34세,상해없음,승용,여,37세,경상
2015061300100653,2015년 6월 13일 23시,토요일,충청남도 천안시 서북구 성정동,경상사고,0,0,2,0,차대차 - 추돌 - 진행중,안전운전불이행,건조,맑음,교차로 - 교차로부근,승용,여,23세,상해없음,승용,남,28세,경상
2015061300100654,2015년 6월 13일 23시,토요일,충청남도 천안시 동남구 병천면,중상사고,0,1,0,0,차대사람 - 길가장자리구역통행중,안전운전불이행,건조,맑음,단일로 - 기타,승용,남,29세,상해없음,보행자,남,25세,중상
2015061400100011,2015년 6월 14일 00시,일요일,충청남도 당진시 송산면,경상사고,0,0,2,0,차대차 - 정면충돌,안전운전불이행,건조,맑음,단일로 - 기타,승용,남,46세,상해없음,승용,남,40세,상해없음
2015061400100042,2015년 6월 14일 01시,일요일,충청남도 서산시 예천동,중상사고,0,1,0,0,차대차 - 기타,교차로운행방법위반,건조,맑음,교차로 - 교차로안,승용,남,36세,상해없음,이륜,남,16세,중상
2015061400100043,2015년 6월 14일 01시,일요일,충청남도 천안시 서북구 두정동,경상사고,0,0,1,0,차대사람 - 길가장자리구역통행중,안전운전불이행,건조,맑음,단일로 - 기타,승용,남,34세,상해없음,보행자,남,34세,경상
2015061400100044,2015년 6월 14일 01시,일요일,충청남도 당진시 신평면,경상사고,0,0,1,0,차대차 - 추돌 - 진행중,안전운전불이행,건조,맑음,단일로 - 기타,승용,남,28세,상해없음,승용,여,39세,경상
2015061400100055,2015년 6월 14일 02시,일요일,충청남도 홍성군 홍성읍,중상사고,0,1,0,0,차대차 - 측면직각충돌,직진우회전진행방해,건조,맑음,교차로 - 교차로안,승용,여,35세,상해없음,원동기,남,27세,중상
2015061400100125,2015년 6월 14일 06시,일요일,충청남도 예산군 예산읍,사망사고,1,0,0,0,차량단독 - 공작물충돌,안전운전불이행,습기,비,단일로 - 기타,승용,남,31세,사망,,,,
2015061400100166,2015년 6월 14일 09시,일요일,충청남도 천안시 동남구 봉명동,경상사고,0,0,3,0,차대차 - 정면충돌,중앙선침범,건조,맑음,단일로 - 기타,승용,남,50세,상해없음,승용,남,46세,경상
2015061400100187,2015년 6월 14일 10시,일요일,충청남도 당진시 순성면,경상사고,0,0,1,0,차대차 - 측면직각충돌,중앙선침범,건조,맑음,단일로 - 기타,승용,여,56세,상해없음,승용,여,70세,경상
2015061400100204,2015년 6월 14일 11시,일요일,충청남도 천안시 서북구 불당동,경상사고,0,0,1,0,차대차 - 측면직각충돌,신호위반,건조,맑음,교차로 - 교차로부근,승합,남,55세,상해없음,승용,여,46세,경상
2015061400100226,2015년 6월 14일 12시,일요일,충청남도 아산시 도고면,경상사고,0,0,1,0,차대차 - 기타,안전운전불이행,건조,맑음,교차로 - 교차로안,승용,남,52세,상해없음,승용,여,45세,경상
2015061400100277,2015년 6월 14일 14시,일요일,충청남도 천안시 서북구 입장면,중상사고,0,2,1,0,차대사람 - 차도통행중,안전운전불이행,건조,맑음,단일로 - 기타,원동기,남,54세,중상,보행자,여,84세,중상
2015061400100278,2015년 6월 14일 14시,일요일,충청남도 서천군 한산면,중상사고,0,1,0,0,차대차 - 기타,중앙선침범,건조,맑음,단일로 - 기타,승용,남,39세,상해없음,자전거,남,8세,중상
2015061400100329,2015년 6월 14일 16시,일요일,충청남도 홍성군 홍성읍,경상사고,0,0,1,0,차대차 - 측면직각충돌,신호위반,건조,맑음,교차로 - 교차로안,승용,여,65세,상해없음,승용,남,34세,상해없음
2015061400100330,2015년 6월 14일 16시,일요일,충청남도 금산군 금성면,중상사고,0,1,0,0,차대차 - 기타,안전운전불이행,건조,맑음,단일로 - 기타,기타불명,기타불명,기타불명,기타불명,이륜,남,51세,중상
2015061400100331,2015년 6월 14일 16시,일요일,충청남도 천안시 동남구 광덕면,경상사고,0,0,3,0,차대차 - 추돌 - 주정차중,안전운전불이행,건조,맑음,단일로 - 기타,승용,남,55세,상해없음,승용,남,45세,경상
2015061400100360,2015년 6월 14일 17시,일요일,충청남도 청양군 장평면,경상사고,0,0,2,0,차대차 - 측면직각충돌,안전운전불이행,건조,맑음,교차로 - 교차로안,화물,남,58세,상해없음,승용,남,51세,경상
2015061400100394,2015년 6월 14일 18시,일요일,충청남도 홍성군 홍북면,중상사고,0,2,1,0,차대차 - 측면직각충돌,교차로운행방법위반,건조,맑음,교차로 - 교차로안,승용,여,49세,중상,승용,남,46세,경상
2015061400100395,2015년 6월 14일 18시,일요일,충청남도 천안시 동남구 봉명동,경상사고,0,0,1,0,차대차 - 측면직각충돌,신호위반,건조,맑음,교차로 - 교차로부근,승용,여,35세,상해없음,승용,남,34세,경상
2015061400100430,2015년 6월 14일 19시,일요일,충청남도 당진시 대덕리,경상사고,0,0,1,0,차대차 - 기타,안전운전불이행,건조,맑음,기타 - 기타,기타불명,기타불명,기타불명,기타불명,승용,남,30세,경상
2015061400100457,2015년 6월 14일 20시,일요일,충청남도 천안시 동남구 다가동,중상사고,0,1,0,0,차대사람 - 횡단중,안전운전불이행,건조,맑음,교차로 - 교차로부근,원동기,남,43세,상해없음,보행자,여,72세,중상
2015061400100493,2015년 6월 14일 21시,일요일,충청남도 논산시 취암동,경상사고,0,0,1,0,차대차 - 측면직각충돌,신호위반,건조,맑음,교차로 - 교차로안,이륜,남,33세,경상,승용,남,42세,상해없음
2015061400100520,2015년 6월 14일 22시,일요일,충청남도 천안시 서북구 두정동,경상사고,0,0,1,0,차대사람 - 기타,안전운전불이행,건조,맑음,단일로 - 기타,승용,남,32세,상해없음,보행자,남,22세,경상
2015061500100049,2015년 6월 15일 06시,월요일,충청남도 천안시 서북구 성정동,경상사고,0,0,1,0,차대차 - 추돌 - 주정차중,안전운전불이행,건조,흐림,교차로 - 교차로부근,승용,남,26세,상해없음,승용,남,27세,경상
2015061500100064,2015년 6월 15일 07시,월요일,충청남도 홍성군 홍성읍,경상사고,0,0,1,0,차대차 - 측면직각충돌,교차로운행방법위반,건조,맑음,교차로 - 교차로안,이륜,남,58세,경상,승용,남,31세,상해없음
2015061500100065,2015년 6월 15일 07시,월요일,충청남도 아산시 신창면,중상사고,0,1,2,0,차대차 - 추돌 - 주정차중,안전운전불이행,건조,맑음,단일로 - 기타,화물,남,39세,상해없음,승용,여,22세,중상
2015061500100119,2015년 6월 15일 08시,월요일,충청남도 서산시 석남동,경상사고,0,0,1,0,차대차 - 측면직각충돌,중앙선침범,건조,맑음,단일로 - 기타,원동기,남,80세,경상,화물,남,43세,상해없음
2015061500100120,2015년 6월 15일 08시,월요일,충청남도 천안시 서북구 쌍용동,경상사고,0,0,1,0,차대차 - 추돌 - 진행중,안전거리미확보,건조,맑음,단일로 - 기타,승용,남,52세,상해없음,승용,남,44세,경상
2015061500100177,2015년 6월 15일 10시,월요일,충청남도 서산시 부석면,사망사고,1,3,0,0,차량단독 - 도로외이탈 - 기타,안전운전불이행,건조,맑음,단일로 - 기타,화물,남,69세,중상,,,,
2015061500100209,2015년 6월 15일 11시,월요일,충청남도 서천군 판교면,중상사고,0,1,0,0,차량단독 - 기타,안전운전불이행,건조,맑음,기타 - 기타,농기계,남,72세,중상,,,,
2015061500100230,2015년 6월 15일 12시,월요일,충청남도 보령시 웅천읍,중상사고,0,1,0,0,차대사람 - 차도통행중,안전운전불이행,건조,맑음,단일로 - 기타,승용,남,40세,상해없음,보행자,남,59세,중상
2015061500100250,2015년 6월 15일 13시,월요일,충청남도 당진시 합덕읍,경상사고,0,0,1,0,차대사람 - 보도통행중,안전운전불이행,건조,맑음,단일로 - 기타,화물,남,37세,상해없음,보행자,남,30세,경상
2015061500100319,2015년 6월 15일 15시,월요일,충청남도 서산시 동문동,중상사고,0,1,0,0,차대사람 - 횡단중,안전운전불이행,건조,맑음,단일로 - 기타,화물,남,46세,상해없음,보행자,여,86세,중상
2015061500100320,2015년 6월 15일 15시,월요일,충청남도 태안군 안면읍,경상사고,0,0,1,0,차대차 - 측면직각충돌,교차로운행방법위반,건조,맑음,교차로 - 교차로안,승용,남,56세,상해없음,승용,여,45세,경상
2015061500100353,2015년 6월 15일 16시,월요일,충청남도 보령시 명천동,경상사고,0,0,1,0,차량단독 - 공작물충돌,안전운전불이행,건조,흐림,단일로 - 기타,건설기계,남,46세,경상,,,,
2015061500100354,2015년 6월 15일 16시,월요일,충청남도 보령시 대천동,경상사고,0,0,1,0,차대차 - 기타,불법유턴,건조,맑음,단일로 - 기타,화물,남,23세,상해없음,화물,남,45세,경상
2015061500100356,2015년 6월 15일 16시,월요일,충청남도 청양군 청양읍,중상사고,0,1,0,0,차대사람 - 횡단중,안전운전불이행,건조,맑음,교차로 - 교차로안,화물,남,36세,상해없음,보행자,여,7세,중상
2015061500100387,2015년 6월 15일 17시,월요일,충청남도 천안시 서북구 성거읍,경상사고,0,0,1,0,차대차 - 기타,안전운전불이행,건조,맑음,교차로 - 교차로부근,건설기계,남,40세,상해없음,이륜,남,27세,경상
2015061500100419,2015년 6월 15일 18시,월요일,충청남도 천안시 서북구 불당동,중상사고,0,1,3,0,차대차 - 측면직각충돌,안전운전불이행,건조,맑음,단일로 - 기타,승용,여,44세,경상,건설기계,남,55세,상해없음
2015061500100475,2015년 6월 15일 20시,월요일,충청남도 보령시 웅천읍,중상사고,0,1,0,0,차대차 - 추돌 - 진행중,안전운전불이행,건조,맑음,단일로 - 기타,승용,남,56세,상해없음,자전거,남,34세,중상
2015061500100521,2015년 6월 15일 21시,월요일,충청남도 천안시 동남구 쌍용동,사망사고,1,0,1,0,차대차 - 추돌 - 주정차중,안전운전불이행,건조,맑음,기타 - 기타,승용,남,51세,사망,승용,남,49세,경상
2015061600100113,2015년 6월 16일 08시,화요일,충청남도 서산시 부석면,사망사고,1,3,1,0,차대차 - 정면충돌,중앙선침범,건조,맑음,단일로 - 기타,승용,남,63세,사망,승합,남,41세,중상
2015061600100114,2015년 6월 16일 08시,화요일,충청남도 공주시 옥룡동,부상신고사고,0,0,0,1,차대차 - 측면직각충돌,안전운전불이행,건조,맑음,교차로 - 교차로안,자전거,남,74세,부상신고,이륜,남,58세,상해없음
2015061600100165,2015년 6월 16일 10시,화요일,충청남도 서산시 대산읍,경상사고,0,0,1,0,차대차 - 측면직각충돌,직진우회전진행방해,건조,맑음,교차로 - 교차로안,승용,남,39세,상해없음,승용,여,46세,경상
2015061600100166,2015년 6월 16일 10시,화요일,충청남도 논산시 내동,중상사고,0,2,0,0,차대차 - 측면직각충돌,신호위반,건조,맑음,교차로 - 교차로안,승용,남,49세,상해없음,승용,남,45세,중상
2015061600100167,2015년 6월 16일 10시,화요일,충청남도 서천군 서천읍,중상사고,0,1,0,0,차대차 - 추돌 - 진행중,안전거리미확보,건조,맑음,단일로 - 기타,이륜,남,64세,중상,승용,남,66세,상해없음
2015061600100193,2015년 6월 16일 11시,화요일,충청남도 공주시 탄천면,중상사고,0,1,0,0,차대차 - 정면충돌,안전운전불이행,건조,맑음,단일로 - 기타,화물,남,66세,중상,화물,남,60세,상해없음
2015061600100250,2015년 6월 16일 13시,화요일,충청남도 천안시 서북구 성성동,경상사고,0,0,1,0,차대차 - 측면직각충돌,안전거리미확보,건조,맑음,단일로 - 기타,승용,남,47세,기타불명,화물,남,43세,경상
2015061600100277,2015년 6월 16일 14시,화요일,충청남도 천안시 동남구 목천읍,경상사고,0,0,1,0,차대차 - 기타,안전거리미확보,건조,맑음,단일로 - 기타,승용,남,45세,상해없음,승용,여,39세,경상
2015061600100311,2015년 6월 16일 15시,화요일,충청남도 당진시 수청리,경상사고,0,0,1,0,차대차 - 기타,차로위반,건조,맑음,단일로 - 기타,승용,여,59세,상해없음,승용,여,41세,경상
2015061600100350,2015년 6월 16일 16시,화요일,충청남도 태안군 태안읍,경상사고,0,0,1,0,차대차 - 측면직각충돌,안전운전불이행,건조,맑음,단일로 - 기타,승용,여,54세,상해없음,원동기,남,83세,경상
2015061600100351,2015년 6월 16일 16시,화요일,충청남도 서산시 운산면,중상사고,0,1,0,0,차대차 - 정면충돌,안전운전불이행,건조,맑음,단일로 - 기타,화물,남,61세,상해없음,이륜,남,85세,중상
2015061600100352,2015년 6월 16일 16시,화요일,충청남도 당진시 원당리,경상사고,0,0,2,0,차대차 - 기타,안전운전불이행,건조,맑음,단일로 - 기타,승용,남,68세,상해없음,승합,남,59세,경상
2015061600100354,2015년 6월 16일 16시,화요일,충청남도 당진시 신평면,경상사고,0,0,2,0,차대차 - 추돌 - 진행중,안전운전불이행,건조,맑음,단일로 - 기타,승용,남,47세,상해없음,승용,남,47세,경상
2015061600100398,2015년 6월 16일 17시,화요일,충청남도 당진시 송악읍,중상사고,0,1,0,0,차대사람 - 횡단중,안전운전불이행,건조,맑음,교차로 - 교차로안,승용,여,43세,상해없음,보행자,여,88세,중상
2015061600100435,2015년 6월 16일 18시,화요일,충청남도 당진시 대덕리,경상사고,0,0,1,0,차대차 - 기타,교차로운행방법위반,건조,맑음,교차로 - 교차로안,이륜,여,78세,경상,승용,남,38세,상해없음
2015061600100512,2015년 6월 16일 20시,화요일,충청남도 천안시 서북구 두정동,경상사고,0,0,1,0,차대차 - 측면직각충돌,신호위반,건조,맑음,단일로 - 기타,승합,남,48세,상해없음,승용,남,63세,경상
2015061600100607,2015년 6월 16일 23시,화요일,충청남도 천안시 서북구 백석동,경상사고,0,0,1,0,차대사람 - 기타,안전운전불이행,건조,맑음,단일로 - 기타,승용,남,45세,상해없음,보행자,여,29세,경상
2015061600100608,2015년 6월 16일 23시,화요일,충청남도 홍성군 홍성읍,중상사고,0,1,0,0,차대사람 - 횡단중,보행자보호의무위반,건조,맑음,교차로 - 교차로부근,승용,여,45세,상해없음,보행자,남,45세,중상
2015061600100609,2015년 6월 16일 23시,화요일,충청남도 당진시 송산면,경상사고,0,0,1,0,차대차 - 추돌 - 진행중,안전운전불이행,건조,맑음,교차로 - 교차로부근,승용,남,36세,경상,화물,남,47세,상해없음
2015061700100027,2015년 6월 17일 01시,수요일,충청남도 천안시 서북구 성정동,경상사고,0,0,1,0,차대사람 - 횡단중,안전운전불이행,습기,비,교차로 - 교차로부근,승용,남,24세,상해없음,보행자,남,42세,경상
2015061700100070,2015년 6월 17일 06시,수요일,충청남도 당진시 면천면,경상사고,0,0,1,0,차대차 - 기타,안전운전불이행,건조,맑음,교차로 - 교차로안,농기계,남,72세,경상,승용,남,56세,상해없음
2015061700100121,2015년 6월 17일 08시,수요일,충청남도 천안시 서북구 성거읍,중상사고,0,1,0,0,차대사람 - 기타,신호위반,건조,맑음,단일로 - 기타,승합,남,54세,상해없음,보행자,여,45세,중상
2015061700100176,2015년 6월 17일 10시,수요일,충청남도 아산시 선장면,중상사고,0,1,0,0,차대차 - 측면직각충돌,안전운전불이행,건조,맑음,단일로 - 기타,화물,남,57세,상해없음,이륜,남,86세,중상
2015061700100177,2015년 6월 17일 10시,수요일,충청남도 서천군 비인면,경상사고,0,0,1,0,차대차 - 기타,안전운전불이행,건조,맑음,교차로 - 교차로부근,원동기,남,69세,경상,승용,남,51세,상해없음
2015061700100212,2015년 6월 17일 11시,수요일,충청남도 보령시 웅천읍,경상사고,0,0,1,0,차대차 - 추돌 - 진행중,안전거리미확보,건조,맑음,단일로 - 기타,승용,기타불명,기타불명,기타불명,승용,여,43세,경상
2015061700100337,2015년 6월 17일 16시,수요일,충청남도 서산시 예천동,경상사고,0,0,3,0,차대차 - 측면직각충돌,안전운전불이행,건조,맑음,교차로 - 교차로부근,승용,여,19세,경상,화물,남,53세,경상
2015061700100339,2015년 6월 17일 16시,수요일,충청남도 예산군 예산읍,경상사고,0,0,2,0,차대차 - 측면직각충돌,직진우회전진행방해,건조,맑음,교차로 - 교차로안,승용,남,64세,상해없음,이륜,남,77세,경상
2015061700100412,2015년 6월 17일 18시,수요일,충청남도 논산시 취암동,중상사고,0,1,0,0,차대사람 - 횡단중,안전운전불이행,습기,비,교차로 - 교차로안,이륜,남,33세,상해없음,보행자,여,14세,중상
2015061700100413,2015년 6월 17일 18시,수요일,충청남도 홍성군 홍성읍,중상사고,0,1,0,0,차대차 - 측면직각충돌,안전운전불이행,건조,맑음,단일로 - 횡단보도상,원동기,여,58세,중상,승용,여,56세,상해없음
2015061700100414,2015년 6월 17일 18시,수요일,충청남도 천안시 동남구 신방동,경상사고,0,0,1,0,차대차 - 측면직각충돌,안전운전불이행,습기,비,교차로 - 교차로안,화물,남,60세,상해없음,이륜,남,36세,경상
2015061700100485,2015년 6월 17일 20시,수요일,충청남도 보령시 궁촌동,경상사고,0,0,1,0,차대차 - 추돌 - 진행중,안전거리미확보,건조,맑음,교차로 - 교차로부근,승용,여,43세,상해없음,화물,남,58세,상해없음
2015061700100516,2015년 6월 17일 21시,수요일,충청남도 천안시 동남구 신방동,경상사고,0,0,1,0,차대차 - 측면직각충돌,신호위반,건조,맑음,교차로 - 교차로안,승용,남,31세,상해없음,이륜,남,18세,경상
2015061700100571,2015년 6월 17일 23시,수요일,충청남도 아산시 모종동,사망사고,1,1,0,0,차대차 - 측면직각충돌,신호위반,건조,흐림,교차로 - 교차로안,이륜,남,54세,중상,승용,남,27세,상해없음
2015061800100019,2015년 6월 18일 00시,목요일,충청남도 공주시 반포면,중상사고,0,2,0,0,차대차 - 정면충돌,중앙선침범,건조,맑음,단일로 - 터널,승용,남,59세,중상,화물,남,53세,중상
2015061800100043,2015년 6월 18일 01시,목요일,충청남도 홍성군 홍성읍,경상사고,0,0,1,0,차량단독 - 공작물충돌,안전운전불이행,건조,맑음,교차로 - 교차로안,승용,남,28세,상해없음,,,,
2015061800100044,2015년 6월 18일 01시,목요일,충청남도 아산시 탕정면,중상사고,0,1,0,0,차량단독 - 공작물충돌,안전운전불이행,습기,비,단일로 - 기타,이륜,남,33세,중상,,,,
2015061800100063,2015년 6월 18일 03시,목요일,충청남도 아산시 둔포면,중상사고,0,1,0,0,차량단독 - 공작물충돌,안전운전불이행,건조,맑음,단일로 - 기타,승용,여,31세,중상,,,,
2015061800100080,2015년 6월 18일 05시,목요일,충청남도 서산시 동문동,경상사고,0,0,1,0,차대차 - 측면직각충돌,신호위반,건조,맑음,교차로 - 교차로안,승용,남,35세,상해없음,화물,남,70세,경상
2015061800100081,2015년 6월 18일 05시,목요일,충청남도 부여군 석성면,중상사고,0,1,0,0,차대차 - 기타,중앙선침범,건조,맑음,단일로 - 기타,건설기계,남,35세,상해없음,화물,남,35세,중상
2015061800100082,2015년 6월 18일 05시,목요일,충청남도 천안시 동남구 구룡동,중상사고,0,2,0,0,차대차 - 측면직각충돌,안전운전불이행,건조,맑음,단일로 - 기타,건설기계,남,37세,상해없음,승용,남,24세,중상
2015061800100088,2015년 6월 18일 06시,목요일,충청남도 홍성군 홍북면,중상사고,0,1,1,0,차대차 - 기타,중앙선침범,건조,맑음,단일로 - 기타,승용,남,35세,상해없음,승용,남,47세,경상
2015061800100111,2015년 6월 18일 07시,목요일,충청남도 당진시 송악읍,경상사고,0,0,1,0,차대차 - 추돌 - 진행중,안전운전불이행,건조,맑음,단일로 - 기타,승용,남,25세,상해없음,화물,남,44세,경상
2015061800100148,2015년 6월 18일 08시,목요일,충청남도 공주시 유구읍,중상사고,0,2,0,0,차대차 - 정면충돌,안전운전불이행,건조,맑음,단일로 - 기타,승용,여,47세,상해없음,승용,여,51세,중상
2015061800100149,2015년 6월 18일 08시,목요일,충청남도 천안시 동남구 봉명동,경상사고,0,0,1,0,차대사람 - 차도통행중,안전운전불이행,건조,맑음,단일로 - 기타,화물,남,54세,상해없음,보행자,남,11세,경상
2015061800100185,2015년 6월 18일 09시,목요일,충청남도 부여군 부여읍,중상사고,0,1,0,0,차대차 - 측면직각충돌,교차로운행방법위반,건조,맑음,교차로 - 교차로안,승용,남,46세,상해없음,자전거,남,73세,중상