사고번호,사고일시,요일,시군구,사고내용,사망자수,중상자수,경상자수,부상신고자수,사고유형,법규위반,노면상태,기상상태,도로형태,가해운전자 차종,가해운전자 성별,가해운전자 연령,가해운전자 상해정도,피해운전자 차종,피해운전자 성별,피해운전자 연령,피해운전자 상해정도
2015062200100280,2015년 6월 22일 13시,월요일,충청남도 서천군 서천읍,사망사고,1,0,0,0,차대차 - 기타,직진우회전진행방해,건조,맑음,교차로 - 교차로안,원동기,남,85세,사망,화물,남,41세,상해없음
2015062200100310,2015년 6월 22일 14시,월요일,충청남도 서산시 예천동,중상사고,0,1,0,0,차대차 - 측면직각충돌,안전운전불이행,건조,맑음,단일로 - 기타,자전거,여,48세,중상,승용,여,57세,상해없음
2015062200100311,2015년 6월 22일 14시,월요일,충청남도 천안시 동남구 삼룡동,중상사고,0,1,1,0,차대차 - 정면충돌,중앙선침범,건조,맑음,교차로 - 교차로부근,승용,남,58세,상해없음,원동기,남,26세,경상
2015062200100355,2015년 6월 22일 15시,월요일,충청남도 서산시 음암면,중상사고,0,1,0,0,차대차 - 측면직각충돌,신호위반,건조,맑음,교차로 - 교차로안,승용,여,55세,중상,건설기계,남,54세,상해없음
2015062200100356,2015년 6월 22일 15시,월요일,충청남도 천안시 서북구 두정동,중상사고,0,1,0,0,차대차 - 측면직각충돌,신호위반,건조,맑음,교차로 - 교차로안,승용,남,40세,상해없음,이륜,남,21세,중상
2015062200100398,2015년 6월 22일 16시,월요일,충청남도 천안시 동남구 풍세면,경상사고,0,0,3,0,차대차 - 기타,안전거리미확보,건조,맑음,단일로 - 기타,승용,남,35세,상해없음,승용,남,23세,경상
2015062200100438,2015년 6월 22일 17시,월요일,충청남도 태안군 태안읍,중상사고,0,1,0,0,차량단독 - 전도전복,안전운전불이행,건조,맑음,단일로 - 기타,농기계,남,38세,중상,,,,
2015062200100439,2015년 6월 22일 17시,월요일,충청남도 태안군 소원면,경상사고,0,0,1,0,차대차 - 측면직각충돌,안전운전불이행,건조,흐림,교차로 - 교차로안,승용,남,72세,상해없음,승용,남,58세,경상
2015062200100440,2015년 6월 22일 17시,월요일,충청남도 논산시 지산동,중상사고,0,1,0,0,차대차 - 정면충돌,안전운전불이행,건조,맑음,단일로 - 기타,자전거,남,13세,상해없음,자전거,여,82세,중상
2015062200100489,2015년 6월 22일 18시,월요일,충청남도 서산시 부석면,중상사고,0,1,0,0,차대차 - 측면직각충돌,불법유턴,건조,맑음,교차로 - 교차로안,승용,남,40세,상해없음,승용,남,55세,중상
2015062200100526,2015년 6월 22일 19시,월요일,충청남도 보령시 명천동,중상사고,0,1,0,0,차대차 - 기타,안전운전불이행,건조,맑음,단일로 - 기타,승용,여,61세,상해없음,자전거,남,15세,중상
2015062200100529,2015년 6월 22일 19시,월요일,충청남도 보령시 주교면,경상사고,0,0,1,0,차대차 - 측면직각충돌,안전거리미확보,건조,맑음,단일로 - 기타,화물,남,57세,경상,승용,남,28세,상해없음
2015062200100557,2015년 6월 22일 20시,월요일,충청남도 공주시 신관동,중상사고,0,1,0,0,차대차 - 측면직각충돌,교차로운행방법위반,건조,맑음,교차로 - 교차로안,자전거,남,15세,중상,승용,여,44세,상해없음
2015062200100581,2015년 6월 22일 21시,월요일,충청남도 청양군 청양읍,부상신고사고,0,0,0,1,차량단독 - 도로외이탈 - 기타,안전운전불이행,건조,맑음,단일로 - 기타,이륜,남,67세,부상신고,,,,
2015062300100030,2015년 6월 23일 01시,화요일,충청남도 천안시 서북구 성정동,중상사고,0,1,0,0,차대차 - 측면직각충돌,신호위반,건조,맑음,교차로 - 교차로안,승용,남,24세,상해없음,승용,남,59세,중상
2015062300100042,2015년 6월 23일 02시,화요일,충청남도 아산시 득산동,중상사고,0,1,1,0,차대차 - 측면직각충돌,안전운전불이행,건조,맑음,교차로 - 교차로안,승용,남,47세,상해없음,승용,여,44세,중상
2015062300100068,2015년 6월 23일 05시,화요일,충청남도 홍성군 홍성읍,중상사고,0,1,0,0,차대차 - 정면충돌,안전운전불이행,건조,맑음,교차로 - 교차로안,승용,여,41세,기타불명,승용,남,66세,중상
2015062300100069,2015년 6월 23일 05시,화요일,충청남도 공주시 신관동,경상사고,0,0,1,0,차대차 - 측면직각충돌,신호위반,건조,맑음,교차로 - 교차로안,화물,남,45세,기타불명,승용,남,46세,경상
2015062300100101,2015년 6월 23일 07시,화요일,충청남도 예산군 오가면,경상사고,0,0,1,0,차대차 - 기타,안전운전불이행,건조,맑음,단일로 - 기타,승용,남,23세,상해없음,화물,여,48세,경상
2015062300100102,2015년 6월 23일 07시,화요일,충청남도 서천군 기산면,경상사고,0,0,2,0,차대차 - 기타,안전거리미확보,건조,맑음,단일로 - 기타,화물,남,59세,상해없음,승용,남,40세,경상
2015062300100132,2015년 6월 23일 08시,화요일,충청남도 보령시 대천동,경상사고,0,0,1,0,차대차 - 기타,직진우회전진행방해,건조,맑음,교차로 - 교차로안,화물,남,44세,상해없음,원동기,남,80세,경상
2015062300100134,2015년 6월 23일 08시,화요일,충청남도 당진시 시곡리,경상사고,0,0,1,0,차대차 - 추돌 - 진행중,안전운전불이행,건조,맑음,단일로 - 기타,승용,남,27세,상해없음,승용,여,31세,상해없음
2015062300100161,2015년 6월 23일 09시,화요일,충청남도 서산시 동문동,중상사고,0,1,0,0,차대차 - 측면직각충돌,안전운전불이행,건조,맑음,교차로 - 교차로부근,화물,남,55세,상해없음,자전거,여,59세,중상
2015062300100162,2015년 6월 23일 09시,화요일,충청남도 당진시 송악읍,경상사고,0,0,1,0,차대차 - 측면직각충돌,안전운전불이행,건조,맑음,교차로 - 교차로안,승합,여,42세,상해없음,승용,남,64세,경상
2015062300100187,2015년 6월 23일 10시,화요일,충청남도 천안시 서북구 와촌동,중상사고,0,1,0,0,차대차 - 기타,안전운전불이행,건조,맑음,단일로 - 기타,승용,남,58세,상해없음,자전거,남,73세,중상
2015062300100188,2015년 6월 23일 10시,화요일,충청남도 계룡시 엄사면,경상사고,0,0,1,0,차대차 - 측면직각충돌,신호위반,건조,맑음,교차로 - 교차로안,화물,남,64세,상해없음,승용,여,56세,경상
2015062300100189,2015년 6월 23일 10시,화요일,충청남도 보령시 대천동,중상사고,0,1,0,0,차대사람 - 횡단중,안전운전불이행,건조,맑음,단일로 - 기타,승합,남,42세,상해없음,보행자,여,77세,중상
2015062300100213,2015년 6월 23일 11시,화요일,충청남도 홍성군 광천읍,경상사고,0,0,1,0,차대사람 - 차도통행중,안전운전불이행,건조,맑음,단일로 - 기타,이륜,남,72세,상해없음,보행자,여,76세,경상
2015062300100214,2015년 6월 23일 11시,화요일,충청남도 서천군 서천읍,경상사고,0,0,2,0,차대차 - 기타,불법유턴,건조,맑음,단일로 - 횡단보도부근,승용,남,54세,상해없음,승용,남,28세,경상
2015062300100262,2015년 6월 23일 13시,화요일,충청남도 금산군 금산읍,경상사고,0,0,1,0,차대차 - 측면직각충돌,교차로운행방법위반,건조,맑음,교차로 - 교차로안,승용,여,51세,상해없음,승용,남,56세,경상
2015062300100280,2015년 6월 23일 14시,화요일,충청남도 홍성군 광천읍,경상사고,0,0,1,0,차대차 - 기타,안전운전불이행,건조,맑음,단일로 - 기타,화물,남,39세,상해없음,승용,여,31세,상해없음
2015062300100281,2015년 6월 23일 14시,화요일,충청남도 아산시 배방읍,경상사고,0,0,1,0,차대차 - 기타,중앙선침범,건조,맑음,단일로 - 기타,승용,여,54세,상해없음,승용,남,41세,경상
2015062300100318,2015년 6월 23일 15시,화요일,충청남도 천안시 동남구 삼룡동,경상사고,0,0,2,0,차대차 - 추돌 - 진행중,안전거리미확보,건조,맑음,교차로 - 교차로부근,승용,남,46세,상해없음,승용,남,62세,경상
2015062300100388,2015년 6월 23일 17시,화요일,충청남도 서산시 수석동,경상사고,0,0,1,0,차대차 - 측면직각충돌,안전운전불이행,건조,맑음,교차로 - 교차로부근,승용,여,35세,상해없음,원동기,남,53세,경상
2015062300100389,2015년 6월 23일 17시,화요일,충청남도 보령시 동대동,중상사고,0,1,0,0,차대차 - 기타,기타,건조,맑음,단일로 - 기타,승용,여,40세,상해없음,자전거,남,11세,중상
2015062300100390,2015년 6월 23일 17시,화요일,충청남도 부여군 부여읍,중상사고,0,1,0,0,차대차 - 측면직각충돌,안전운전불이행,건조,맑음,단일로 - 기타,원동기,남,62세,상해없음,자전거,여,66세,중상
2015062300100435,2015년 6월 23일 18시,화요일,충청남도 예산군 오가면,중상사고,0,1,0,0,차대사람 - 길가장자리구역통행중,안전운전불이행,건조,맑음,단일로 - 기타,화물,남,63세,상해없음,보행자,여,52세,중상
2015062300100491,2015년 6월 23일 20시,화요일,충청남도 서산시 동문동,중상사고,0,1,0,0,차대사람 - 횡단중,보행자보호의무위반,건조,맑음,단일로 - 횡단보도상,원동기,남,16세,상해없음,보행자,남,69세,중상
2015062300100492,2015년 6월 23일 20시,화요일,충청남도 금산군 금산읍,부상신고사고,0,0,0,1,차대사람 - 횡단중,안전운전불이행,건조,맑음,교차로 - 교차로안,승용,여,54세,상해없음,보행자,여,70세,부상신고
2015062300100493,2015년 6월 23일 20시,화요일,충청남도 금산군 부리면,사망사고,1,3,1,1,차대차 - 기타,안전운전불이행,건조,맑음,단일로 - 기타,화물,남,47세,부상신고,승합,남,45세,상해없음
2015062300100521,2015년 6월 23일 21시,화요일,충청남도 서산시 석림동,경상사고,0,0,1,0,차대차 - 추돌 - 진행중,안전운전불이행,건조,맑음,단일로 - 기타,원동기,남,50세,상해없음,승용,남,29세,경상
2015062300100522,2015년 6월 23일 21시,화요일,충청남도 서산시 해미면,중상사고,0,1,0,0,차대차 - 정면충돌,중앙선침범,건조,맑음,단일로 - 기타,승용,남,52세,상해없음,원동기,남,41세,중상
2015062300100523,2015년 6월 23일 21시,화요일,충청남도 논산시 강경읍,사망사고,1,0,0,0,차대사람 - 길가장자리구역통행중,안전운전불이행,건조,맑음,단일로 - 기타,승용,남,52세,기타불명,보행자,남,63세,사망
2015062300100525,2015년 6월 23일 21시,화요일,충청남도 부여군 부여읍,중상사고,0,1,0,0,차량단독 - 공작물충돌,안전운전불이행,건조,맑음,단일로 - 기타,이륜,남,59세,중상,,,,
2015062300100553,2015년 6월 23일 22시,화요일,충청남도 서산시 대산읍,중상사고,0,1,1,0,차대차 - 추돌 - 주정차중,안전운전불이행,건조,맑음,교차로 - 교차로부근,승용,여,60세,경상,승용,남,29세,중상
2015062300100555,2015년 6월 23일 22시,화요일,충청남도 논산시 부적면,중상사고,0,1,0,0,차대사람 - 횡단중,안전운전불이행,건조,맑음,교차로 - 교차로안,승용,남,57세,상해없음,보행자,남,35세,중상
2015062300100556,2015년 6월 23일 22시,화요일,충청남도 부여군 장암면,경상사고,0,0,1,0,차대차 - 측면직각충돌,안전운전불이행,건조,맑음,교차로 - 교차로부근,화물,남,58세,상해없음,이륜,남,58세,경상
2015062300100557,2015년 6월 23일 22시,화요일,충청남도 당진시 송악읍,중상사고,0,1,1,0,차대차 - 측면직각충돌,안전운전불이행,건조,맑음,단일로 - 기타,승용,여,35세,중상,화물,남,44세,상해없음
2015062300100558,2015년 6월 23일 22시,화요일,충청남도 금산군 금산읍,중상사고,0,1,1,0,차대차 - 추돌 - 주정차중,안전운전불이행,건조,맑음,단일로 - 기타,승용,남,46세,기타불명,화물,남,46세,상해없음
2015062300100587,2015년 6월 23일 23시,화요일,충청남도 홍성군 홍북면,경상사고,0,0,2,0,차대차 - 기타,안전운전불이행,건조,맑음,단일로 - 기타,승용,남,32세,상해없음,승용,남,29세,경상
2015062400100014,2015년 6월 24일 00시,수요일,충청남도 서산시 읍내동,경상사고,0,0,1,0,차대차 - 추돌 - 주정차중,안전운전불이행,건조,맑음,단일로 - 기타,기타불명,기타불명,기타불명,기타불명,화물,남,42세,경상
2015062400100015,2015년 6월 24일 00시,수요일,충청남도 계룡시 엄사면,경상사고,0,0,2,0,차대차 - 측면직각충돌,교차로운행방법위반,건조,맑음,교차로 - 교차로안,승용,남,53세,기타불명,화물,남,57세,경상
2015062400100016,2015년 6월 24일 00시,수요일,충청남도 천안시 동남구 신부동,경상사고,0,0,1,0,차대차 - 추돌 - 주정차중,안전운전불이행,건조,맑음,단일로 - 기타,승용,남,26세,상해없음,승용,남,32세,경상
2015062400100069,2015년 6월 24일 05시,수요일,충청남도 보령시 내항동,중상사고,0,1,1,0,차대차 - 추돌 - 진행중,교차로운행방법위반,건조,맑음,교차로 - 교차로안,화물,남,72세,기타불명,승용,남,37세,중상
2015062400100070,2015년 6월 24일 05시,수요일,충청남도 천안시 동남구 구성동,중상사고,0,1,0,0,차대차 - 측면직각충돌,교차로운행방법위반,건조,맑음,교차로 - 교차로안,승용,남,54세,상해없음,원동기,남,59세,중상
2015062400100084,2015년 6월 24일 06시,수요일,충청남도 당진시 대덕리,중상사고,0,2,0,0,차대차 - 측면직각충돌,신호위반,건조,맑음,교차로 - 교차로안,승용,남,61세,상해없음,승용,남,58세,중상
2015062400100138,2015년 6월 24일 08시,수요일,충청남도 홍성군 홍성읍,경상사고,0,0,1,0,차대차 - 기타,교차로운행방법위반,건조,맑음,교차로 - 교차로안,승합,남,64세,상해없음,승용,여,26세,경상
2015062400100139,2015년 6월 24일 08시,수요일,충청남도 홍성군 홍성읍,경상사고,0,0,1,0,차대차 - 기타,교차로운행방법위반,건조,맑음,교차로 - 교차로안,화물,남,71세,상해없음,화물,남,57세,경상
2015062400100140,2015년 6월 24일 08시,수요일,충청남도 아산시 배방읍,경상사고,0,0,2,0,차대차 - 기타,신호위반,건조,맑음,교차로 - 교차로안,승용,여,59세,상해없음,승용,남,60세,경상
2015062400100143,2015년 6월 24일 08시,수요일,충청남도 서산시 운산면,중상사고,0,1,9,0,차대차 - 기타,안전운전불이행,건조,맑음,단일로 - 기타,화물,남,57세,상해없음,승합,남,61세,경상
2015062400100180,2015년 6월 24일 09시,수요일,충청남도 태안군 소원면,중상사고,0,1,0,0,차대사람 - 횡단중,안전운전불이행,건조,맑음,단일로 - 기타,승합,남,62세,상해없음,보행자,여,78세,중상
2015062400100182,2015년 6월 24일 09시,수요일,충청남도 당진시 읍내리,경상사고,0,0,1,0,차대차 - 측면직각충돌,교차로운행방법위반,건조,맑음,교차로 - 교차로안,화물,남,65세,상해없음,승용,여,31세,경상
2015062400100183,2015년 6월 24일 09시,수요일,충청남도 천안시 동남구 원성동,경상사고,0,0,1,0,차대차 - 추돌 - 주정차중,안전운전불이행,건조,맑음,교차로 - 교차로부근,승용,남,47세,기타불명,승용,여,52세,경상
2015062400100256,2015년 6월 24일 12시,수요일,충청남도 논산시 화지동,경상사고,0,0,1,0,차대차 - 측면직각충돌,안전운전불이행,건조,맑음,교차로 - 교차로안,이륜,남,81세,경상,승용,남,47세,상해없음
2015062400100257,2015년 6월 24일 12시,수요일,충청남도 예산군 예산읍,중상사고,0,1,0,0,차대차 - 기타,불법유턴,건조,맑음,단일로 - 기타,승용,남,65세,상해없음,원동기,남,71세,중상
2015062400100258,2015년 6월 24일 12시,수요일,충청남도 천안시 동남구 신방동,경상사고,0,0,2,0,차대차 - 추돌 - 진행중,안전운전불이행,건조,맑음,교차로 - 교차로안,승용,여,44세,상해없음,승용,여,56세,경상
2015062400100259,2015년 6월 24일 12시,수요일,충청남도 천안시 동남구 북면,중상사고,0,1,0,0,차대사람 - 기타,안전운전불이행,건조,맑음,기타 - 기타,승용,남,53세,상해없음,보행자,남,46세,중상
2015062400100317,2015년 6월 24일 14시,수요일,충청남도 당진시 원당리,경상사고,0,0,1,0,차대차 - 기타,안전운전불이행,건조,맑음,교차로 - 교차로부근,화물,남,23세,상해없음,승용,여,31세,경상
2015062400100351,2015년 6월 24일 15시,수요일,충청남도 부여군 은산면,경상사고,0,0,1,0,차량단독 - 도로외이탈 - 추락,안전운전불이행,건조,맑음,단일로 - 기타,승용,여,57세,경상,,,,
2015062400100386,2015년 6월 24일 16시,수요일,충청남도 태안군 소원면,중상사고,0,2,0,0,차대차 - 측면직각충돌,안전운전불이행,건조,맑음,단일로 - 기타,건설기계,남,57세,상해없음,승용,여,55세,중상
2015062400100387,2015년 6월 24일 16시,수요일,충청남도 천안시 서북구 성정동,중상사고,0,1,1,0,차대차 - 측면직각충돌,중앙선침범,습기,흐림,단일로 - 기타,화물,여,47세,상해없음,승용,여,50세,경상
2015062400100423,2015년 6월 24일 17시,수요일,충청남도 서산시 예천동,중상사고,0,1,0,0,차대차 - 추돌 - 주정차중,안전운전불이행,건조,맑음,교차로 - 교차로부근,승합,여,55세,상해없음,이륜,남,49세,중상
2015062400100493,2015년 6월 24일 19시,수요일,충청남도 천안시 서북구 백석동,중상사고,0,1,0,0,차대차 - 측면직각충돌,안전운전불이행,건조,맑음,단일로 - 기타,승용,남,36세,상해없음,자전거,남,67세,중상
2015062400100494,2015년 6월 24일 19시,수요일,충청남도 천안시 동남구 원성동,경상사고,0,0,2,0,차대차 - 추돌 - 주정차중,안전운전불이행,건조,맑음,교차로 - 교차로부근,승용,남,37세,상해없음,승용,남,43세,상해없음
2015062400100561,2015년 6월 24일 21시,수요일,충청남도 아산시 송악면,경상사고,0,0,1,0,차대차 - 측면직각충돌,안전운전불이행,습기,맑음,기타 - 기타,승용,남,42세,상해없음,화물,남,63세,경상
2015062400100590,2015년 6월 24일 22시,수요일,충청남도 계룡시 엄사면,경상사고,0,0,1,0,차량단독 - 공작물충돌,안전운전불이행,건조,맑음,교차로 - 교차로부근,승용,남,25세,경상,,,,
2015062400100622,2015년 6월 24일 23시,수요일,충청남도 천안시 서북구 불당동,경상사고,0,0,1,0,차대차 - 측면직각충돌,신호위반,건조,맑음,교차로 - 교차로안,승용,남,31세,상해없음,승용,남,35세,경상
2015062500100009,2015년 6월 25일 00시,목요일,충청남도 천안시 서북구 두정동,경상사고,0,0,4,0,차대차 - 추돌 - 주정차중,안전운전불이행,건조,맑음,교차로 - 교차로부근,승용,남,37세,상해없음,승용,여,30세,경상
2015062500100010,2015년 6월 25일 00시,목요일,충청남도 논산시 취암동,중상사고,0,1,0,0,차대차 - 추돌 - 주정차중,안전운전불이행,건조,맑음,단일로 - 기타,화물,남,43세,상해없음,승용,여,33세,중상
2015062500100011,2015년 6월 25일 00시,목요일,충청남도 당진시 송악읍,중상사고,0,1,0,0,차대사람 - 횡단중,중앙선침범,건조,맑음,단일로 - 기타,승용,남,35세,상해없음,보행자,남,57세,중상
2015062500100049,2015년 6월 25일 02시,목요일,충청남도 천안시 동남구 삼룡동,중상사고,0,1,0,0,차량단독 - 공작물충돌,안전운전불이행,건조,맑음,단일로 - 기타,승용,남,32세,중상,,,,
2015062500100071,2015년 6월 25일 05시,목요일,충청남도 부여군 구룡면,경상사고,0,0,1,0,차량단독 - 공작물충돌,안전운전불이행,건조,맑음,단일로 - 기타,승용,남,19세,기타불명,,,,
2015062500100084,2015년 6월 25일 06시,목요일,충청남도 천안시 동남구 영성동,경상사고,0,0,1,0,차대사람 - 횡단중,중앙선침범,건조,맑음,단일로 - 기타,승합,여,47세,상해없음,보행자,여,17세,경상
2015062500100125,2015년 6월 25일 08시,목요일,충청남도 아산시 인주면,사망사고,1,0,0,0,차대차 - 측면직각충돌,직진우회전진행방해,건조,맑음,교차로 - 교차로안,화물,남,48세,상해없음,자전거,남,66세,사망
2015062500100153,2015년 6월 25일 09시,목요일,충청남도 당진시 시곡리,경상사고,0,0,2,0,차대차 - 기타,차로위반,건조,맑음,교차로 - 교차로부근,화물,남,25세,상해없음,승용,여,38세,경상
2015062500100154,2015년 6월 25일 09시,목요일,충청남도 청양군 정산면,중상사고,0,1,0,0,차대차 - 추돌 - 진행중,안전운전불이행,건조,맑음,단일로 - 기타,화물,남,32세,상해없음,농기계,남,71세,중상
2015062500100171,2015년 6월 25일 10시,목요일,충청남도 금산군 금산읍,경상사고,0,0,1,0,차대차 - 측면직각충돌,안전운전불이행,건조,맑음,단일로 - 횡단보도부근,승용,남,59세,상해없음,원동기,여,62세,경상
2015062500100200,2015년 6월 25일 11시,목요일,충청남도 금산군 추부면,중상사고,0,1,0,1,차대차 - 추돌 - 진행중,안전거리미확보,건조,흐림,단일로 - 기타,화물,남,33세,상해없음,승용,남,39세,부상신고
2015062500100220,2015년 6월 25일 12시,목요일,충청남도 보령시 명천동,부상신고사고,0,0,0,1,차량단독 - 공작물충돌,안전운전불이행,건조,맑음,교차로 - 교차로안,화물,남,50세,부상신고,,,,
2015062500100254,2015년 6월 25일 13시,목요일,충청남도 홍성군 홍성읍,중상사고,0,1,0,0,차대차 - 기타,안전운전불이행,건조,맑음,교차로 - 교차로안,건설기계,기타불명,기타불명,기타불명,자전거,남,72세,중상
2015062500100285,2015년 6월 25일 14시,목요일,충청남도 천안시 서북구 백석동,경상사고,0,0,3,0,차대차 - 추돌 - 진행중,안전운전불이행,건조,맑음,단일로 - 기타,승용,남,27세,상해없음,승용,남,38세,상해없음
2015062500100322,2015년 6월 25일 15시,목요일,충청남도 청양군 청양읍,중상사고,0,1,0,0,차대차 - 측면직각충돌,직진우회전진행방해,건조,맑음,교차로 - 교차로안,승용,남,40세,상해없음,이륜,남,76세,중상
2015062500100363,2015년 6월 25일 16시,목요일,충청남도 태안군 태안읍,경상사고,0,0,1,0,차대차 - 측면직각충돌,안전운전불이행,습기,비,교차로 - 교차로부근,건설기계,남,48세,상해없음,승용,남,49세,경상
2015062500100401,2015년 6월 25일 17시,목요일,충청남도 홍성군 홍성읍,경상사고,0,0,1,0,차대차 - 측면직각충돌,직진우회전진행방해,습기,비,교차로 - 교차로안,승용,남,28세,상해없음,승용,남,36세,경상
2015062500100402,2015년 6월 25일 17시,목요일,충청남도 아산시 선장면,중상사고,0,1,1,0,차량단독 - 도로외이탈 - 추락,안전운전불이행,습기,비,단일로 - 기타,화물,남,66세,경상,,,,
2015062500100403,2015년 6월 25일 17시,목요일,충청남도 예산군 예산읍,경상사고,0,0,3,0,차대차 - 추돌 - 주정차중,안전거리미확보,습기,비,교차로 - 교차로부근,승합,남,54세,상해없음,승용,남,24세,경상
2015062500100488,2015년 6월 25일 19시,목요일,충청남도 태안군 태안읍,부상신고사고,0,0,0,1,차대차 - 기타,직진우회전진행방해,습기,비,교차로 - 교차로안,이륜,남,38세,부상신고,승용,여,54세,상해없음
2015062500100489,2015년 6월 25일 19시,목요일,충청남도 천안시 서북구 쌍용동,경상사고,0,0,1,0,차대사람 - 길가장자리구역통행중,안전운전불이행,습기,비,단일로 - 기타,승용,남,38세,상해없음,보행자,남,26세,경상
2015062500100490,2015년 6월 25일 19시,목요일,충청남도 공주시 신관동,경상사고,0,0,1,0,차대사람 - 횡단중,보행자보호의무위반,습기,비,교차로 - 교차로안,승용,남,63세,기타불명,보행자,남,7세,경상
2015062500100536,2015년 6월 25일 20시,목요일,충청남도 천안시 동남구 광덕면,경상사고,0,0,1,0,차대차 - 측면직각충돌,중앙선침범,습기,비,단일로 - 기타,원동기,남,66세,경상,승용,여,28세,상해없음
2015062500100603,2015년 6월 25일 21시,목요일,충청남도 홍성군 홍성읍,경상사고,0,0,1,0,차대차 - 추돌 - 주정차중,안전운전불이행,습기,비,단일로 - 기타,승용,남,45세,상해없음,승용,남,41세,경상
2015062500100604,2015년 6월 25일 21시,목요일,충청남도 서천군 서천읍,중상사고,0,1,0,0,차대차 - 기타,안전운전불이행,습기,비,교차로 - 교차로부근,화물,남,57세,상해없음,승용,여,41세,중상
2015062500100605,2015년 6월 25일 21시,목요일,충청남도 보령시 죽정동,중상사고,0,1,0,0,차대차 - 정면충돌,중앙선침범,습기,비,단일로 - 기타,승용,남,44세,상해없음,승용,여,33세,중상
2015062500100606,2015년 6월 25일 21시,목요일,충청남도 보령시 동대동,중상사고,0,2,0,0,차대차 - 추돌 - 주정차중,안전운전불이행,습기,비,교차로 - 교차로안,승용,남,26세,상해없음,승용,여,47세,중상
2015062500100662,2015년 6월 25일 22시,목요일,충청남도 태안군 태안읍,경상사고,0,0,3,0,차대차 - 기타,안전운전불이행,습기,비,교차로 - 교차로부근,화물,남,46세,경상,화물,남,59세,경상
2015062500100663,2015년 6월 25일 22시,목요일,충청남도 천안시 서북구 성정동,경상사고,0,0,2,0,차대차 - 추돌 - 진행중,안전운전불이행,습기,비,교차로 - 교차로부근,승용,남,58세,상해없음,승용,남,35세,경상
2015062500100664,2015년 6월 25일 22시,목요일,충청남도 아산시 배방읍,경상사고,0,0,1,0,차대차 - 추돌 - 주정차중,안전운전불이행,습기,비,교차로 - 교차로안,승용,남,57세,상해없음,승용,여,35세,경상
2015062500100665,2015년 6월 25일 22시,목요일,충청남도 부여군 규암면,중상사고,0,1,0,0,차대차 - 추돌 - 진행중,안전운전불이행,습기,비,단일로 - 기타,승용,남,26세,기타불명,승용,여,47세,중상
2015062600100025,2015년 6월 26일 00시,금요일,충청남도 천안시 서북구 성정동,경상사고,0,0,1,0,차대차 - 추돌 - 주정차중,안전운전불이행,습기,비,교차로 - 교차로부근,승용,남,29세,상해없음,승용,남,26세,경상
2015062600100075,2015년 6월 26일 01시,금요일,충청남도 천안시 서북구 성환읍,경상사고,0,0,1,0,차대차 - 추돌 - 진행중,안전운전불이행,습기,비,단일로 - 기타,승용,남,53세,상해없음,승용,남,31세,상해없음
2015062600100134,2015년 6월 26일 04시,금요일,충청남도 천안시 서북구 직산읍,중상사고,0,1,0,0,차량단독 - 도로외이탈 - 추락,안전운전불이행,습기,비,단일로 - 기타,승용,남,41세,상해없음,,,,
2015062600100135,2015년 6월 26일 04시,금요일,충청남도 천안시 서북구 불당동,중상사고,0,1,0,0,차대사람 - 횡단중,안전운전불이행,습기,비,단일로 - 기타,승용,남,60세,상해없음,보행자,남,64세,중상
2015062600100182,2015년 6월 26일 07시,금요일,충청남도 보령시 대천동,경상사고,0,0,1,0,차대차 - 측면직각충돌,안전운전불이행,습기,비,교차로 - 교차로안,화물,남,62세,상해없음,승용,남,41세,경상
2015062600100183,2015년 6월 26일 07시,금요일,충청남도 예산군 응봉면,사망사고,1,1,0,0,차대차 - 기타,중앙선침범,습기,비,단일로 - 기타,이륜,남,50세,중상,이륜,남,74세,사망
2015062600100215,2015년 6월 26일 08시,금요일,충청남도 논산시 성동면,사망사고,1,0,0,0,차대차 - 측면직각충돌,중앙선침범,습기,비,단일로 - 기타,원동기,여,66세,사망,승용,남,55세,상해없음
2015062600100216,2015년 6월 26일 08시,금요일,충청남도 청양군 정산면,중상사고,0,1,0,0,차대차 - 추돌 - 진행중,안전운전불이행,습기,흐림,교차로 - 교차로부근,승용,여,44세,상해없음,이륜,여,72세,중상
2015062600100245,2015년 6월 26일 09시,금요일,충청남도 천안시 동남구 안서동,경상사고,0,0,1,0,차대차 - 측면직각충돌,안전운전불이행,습기,맑음,교차로 - 교차로안,승용,남,55세,상해없음,승용,여,50세,경상
2015062600100277,2015년 6월 26일 10시,금요일,충청남도 천안시 서북구 쌍용동,경상사고,0,0,3,0,차대차 - 추돌 - 주정차중,안전운전불이행,습기,비,교차로 - 교차로부근,승합,남,48세,상해없음,화물,남,35세,경상
2015062600100309,2015년 6월 26일 11시,금요일,충청남도 계룡시 두마면,경상사고,0,0,2,0,차대차 - 추돌 - 주정차중,안전운전불이행,건조,맑음,교차로 - 교차로부근,승용,여,52세,상해없음,승용,남,65세,경상
2015062600100341,2015년 6월 26일 12시,금요일,충청남도 당진시 정미면,경상사고,0,0,4,0,차대차 - 추돌 - 주정차중,안전운전불이행,건조,맑음,단일로 - 기타,화물,남,52세,상해없음,승용,남,49세,경상
2015062600100366,2015년 6월 26일 13시,금요일,충청남도 홍성군 홍북면,경상사고,0,0,2,0,차대차 - 정면충돌,교차로운행방법위반,건조,흐림,교차로 - 교차로안,승용,남,33세,경상,승용,남,44세,경상