사고번호,사고일시,요일,시군구,사고내용,사망자수,중상자수,경상자수,부상신고자수,사고유형,법규위반,노면상태,기상상태,도로형태,가해운전자 차종,가해운전자 성별,가해운전자 연령,가해운전자 상해정도,피해운전자 차종,피해운전자 성별,피해운전자 연령,피해운전자 상해정도
2015063000100676,2015년 6월 30일 23시,화요일,충청남도 천안시 동남구 원성동,경상사고,0,0,2,0,차대차 - 추돌 - 주정차중,안전운전불이행,건조,맑음,교차로 - 교차로부근,승용,남,45세,상해없음,승합,남,39세,경상
2015070100100033,2015년 7월 1일 01시,수요일,충청남도 천안시 서북구 성환읍,중상사고,0,1,0,0,차대차 - 추돌 - 진행중,안전운전불이행,건조,맑음,단일로 - 기타,승용,남,27세,상해없음,자전거,남,23세,중상
2015070100100066,2015년 7월 1일 04시,수요일,충청남도 천안시 서북구 성거읍,경상사고,0,0,1,0,차대차 - 추돌 - 진행중,안전운전불이행,건조,맑음,단일로 - 기타,승합,남,27세,상해없음,농기계,남,70세,경상
2015070100100077,2015년 7월 1일 05시,수요일,충청남도 보령시 동대동,경상사고,0,0,1,0,차대사람 - 기타,안전운전불이행,건조,흐림,단일로 - 기타,이륜,남,18세,상해없음,보행자,남,59세,경상
2015070100100087,2015년 7월 1일 06시,수요일,충청남도 아산시 남동,중상사고,0,1,0,0,차대차 - 측면직각충돌,신호위반,건조,맑음,교차로 - 교차로안,승용,남,23세,상해없음,승용,남,26세,중상
2015070100100110,2015년 7월 1일 07시,수요일,충청남도 천안시 서북구 두정동,경상사고,0,0,1,0,차대사람 - 횡단중,보행자보호의무위반,건조,맑음,단일로 - 횡단보도상,승용,여,34세,상해없음,보행자,여,34세,경상
2015070100100111,2015년 7월 1일 07시,수요일,충청남도 공주시 우성면,경상사고,0,0,1,0,차대사람 - 기타,기타,건조,맑음,단일로 - 기타,승합,남,56세,상해없음,보행자,여,16세,경상
2015070100100214,2015년 7월 1일 10시,수요일,충청남도 천안시 동남구 신부동,경상사고,0,0,1,0,차대차 - 정면충돌,안전운전불이행,건조,맑음,단일로 - 기타,승용,남,55세,상해없음,자전거,여,58세,경상
2015070100100246,2015년 7월 1일 11시,수요일,충청남도 아산시 탕정면,중상사고,0,2,0,0,차대차 - 기타,신호위반,건조,맑음,교차로 - 교차로안,화물,남,52세,중상,승용,남,39세,중상
2015070100100247,2015년 7월 1일 11시,수요일,충청남도 예산군 신암면,경상사고,0,0,2,0,차대차 - 측면직각충돌,불법유턴,건조,맑음,단일로 - 기타,승용,남,75세,기타불명,승용,여,45세,경상
2015070100100300,2015년 7월 1일 13시,수요일,충청남도 천안시 서북구 성정동,경상사고,0,0,1,0,차대차 - 기타,안전운전불이행,건조,맑음,교차로 - 교차로안,이륜,남,36세,경상,승용,남,42세,상해없음
2015070100100357,2015년 7월 1일 15시,수요일,충청남도 부여군 부여읍,중상사고,0,1,1,0,차대차 - 측면직각충돌,안전운전불이행,건조,맑음,교차로 - 교차로안,승합,남,29세,경상,승용,여,44세,중상
2015070100100397,2015년 7월 1일 16시,수요일,충청남도 당진시 송악읍,경상사고,0,0,1,0,차대차 - 측면직각충돌,교차로운행방법위반,건조,맑음,교차로 - 교차로안,승용,남,56세,상해없음,자전거,남,20세,경상
2015070100100398,2015년 7월 1일 16시,수요일,충청남도 금산군 금산읍,경상사고,0,0,1,0,차대차 - 정면충돌,중앙선침범,건조,맑음,단일로 - 기타,화물,남,58세,상해없음,건설기계,남,49세,경상
2015070100100399,2015년 7월 1일 16시,수요일,충청남도 천안시 동남구 목천읍,경상사고,0,0,2,1,차대차 - 측면직각충돌,안전운전불이행,건조,맑음,교차로 - 교차로안,승용,여,57세,부상신고,화물,남,48세,경상
2015070100100400,2015년 7월 1일 16시,수요일,충청남도 천안시 동남구 신부동,중상사고,0,1,0,0,차대차 - 측면직각충돌,중앙선침범,건조,맑음,단일로 - 기타,승용,남,55세,상해없음,원동기,남,40세,중상
2015070100100528,2015년 7월 1일 19시,수요일,충청남도 태안군 남면,중상사고,0,1,0,0,차대차 - 정면충돌,중앙선침범,건조,맑음,단일로 - 기타,화물,남,25세,상해없음,승용,남,51세,중상
2015070100100529,2015년 7월 1일 19시,수요일,충청남도 천안시 서북구 쌍용동,중상사고,0,1,0,0,차대차 - 기타,신호위반,건조,맑음,교차로 - 교차로안,원동기,남,23세,상해없음,원동기,남,31세,상해없음
2015070100100530,2015년 7월 1일 19시,수요일,충청남도 보령시 성주면,중상사고,0,1,0,0,차대사람 - 기타,안전운전불이행,건조,맑음,단일로 - 기타,승용,여,33세,상해없음,보행자,남,14세,중상
2015070100100565,2015년 7월 1일 20시,수요일,충청남도 천안시 동남구 다가동,중상사고,0,1,0,0,차대차 - 측면직각충돌,직진우회전진행방해,건조,맑음,교차로 - 교차로안,승용,여,27세,상해없음,원동기,남,52세,중상
2015070200100030,2015년 7월 2일 01시,목요일,충청남도 아산시 배방읍,경상사고,0,0,1,0,차대차 - 측면직각충돌,안전운전불이행,건조,맑음,교차로 - 교차로안,승용,남,60세,상해없음,승용,남,21세,경상
2015070200100031,2015년 7월 2일 01시,목요일,충청남도 아산시 용화동,경상사고,0,0,1,0,차대차 - 측면직각충돌,안전운전불이행,건조,맑음,교차로 - 교차로안,승용,남,24세,상해없음,승용,남,48세,경상
2015070200100040,2015년 7월 2일 02시,목요일,충청남도 천안시 서북구 성정동,경상사고,0,0,1,0,차대차 - 추돌 - 주정차중,안전운전불이행,건조,맑음,단일로 - 기타,승용,남,31세,상해없음,승용,남,28세,경상
2015070200100066,2015년 7월 2일 05시,목요일,충청남도 당진시 송악읍,중상사고,0,1,0,0,차대사람 - 기타,안전운전불이행,건조,맑음,기타 - 기타,승합,남,43세,상해없음,보행자,여,35세,중상
2015070200100082,2015년 7월 2일 06시,목요일,충청남도 아산시 둔포면,경상사고,0,0,1,0,차대차 - 기타,안전운전불이행,건조,맑음,단일로 - 기타,승용,여,59세,상해없음,승용,남,23세,경상
2015070200100149,2015년 7월 2일 08시,목요일,충청남도 천안시 서북구 쌍용동,중상사고,0,1,0,0,차대사람 - 횡단중,안전운전불이행,건조,맑음,단일로 - 기타,승용,여,25세,상해없음,보행자,여,57세,중상
2015070200100150,2015년 7월 2일 08시,목요일,충청남도 논산시 광석면,경상사고,0,0,2,0,차대차 - 측면직각충돌,신호위반,건조,맑음,교차로 - 교차로안,이륜,남,21세,경상,승용,여,46세,경상
2015070200100151,2015년 7월 2일 08시,목요일,충청남도 보령시 동대동,경상사고,0,0,1,0,차대차 - 추돌 - 진행중,직진우회전진행방해,건조,맑음,교차로 - 교차로안,승용,여,54세,상해없음,승용,여,37세,경상
2015070200100215,2015년 7월 2일 10시,목요일,충청남도 서천군 서천읍,중상사고,0,1,0,0,차량단독 - 기타,안전운전불이행,건조,맑음,교차로 - 교차로부근,원동기,남,81세,상해없음,,,,
2015070200100216,2015년 7월 2일 10시,목요일,충청남도 당진시 순성면,사망사고,1,0,0,0,차량단독 - 전도전복,안전운전불이행,건조,맑음,단일로 - 기타,이륜,남,63세,사망,,,,
2015070200100232,2015년 7월 2일 11시,목요일,충청남도 예산군 봉산면,중상사고,0,1,0,0,차대차 - 측면직각충돌,안전운전불이행,건조,맑음,교차로 - 교차로부근,화물,남,54세,상해없음,이륜,남,82세,중상
2015070200100257,2015년 7월 2일 12시,목요일,충청남도 당진시 시곡리,경상사고,0,0,1,0,차대차 - 기타,안전운전불이행,건조,맑음,교차로 - 교차로안,화물,남,67세,상해없음,승용,남,52세,경상
2015070200100281,2015년 7월 2일 13시,목요일,충청남도 아산시 방축동,경상사고,0,0,3,0,차대차 - 기타,안전운전불이행,건조,맑음,기타 - 기타,화물,남,60세,상해없음,화물,남,27세,경상
2015070200100282,2015년 7월 2일 13시,목요일,충청남도 아산시 온천동,경상사고,0,0,1,0,차대차 - 기타,안전운전불이행,건조,맑음,교차로 - 교차로부근,화물,남,63세,상해없음,승합,여,48세,경상
2015070200100326,2015년 7월 2일 14시,목요일,충청남도 서천군 장항읍,사망사고,1,0,0,0,차대차 - 측면직각충돌,신호위반,건조,맑음,교차로 - 교차로안,이륜,남,81세,사망,승용,남,61세,상해없음
2015070200100379,2015년 7월 2일 16시,목요일,충청남도 예산군 응봉면,중상사고,0,1,1,0,차량단독 - 공작물충돌,안전운전불이행,건조,맑음,단일로 - 기타,승용,여,43세,경상,,,,
2015070200100424,2015년 7월 2일 17시,목요일,충청남도 홍성군 홍성읍,중상사고,0,1,0,0,차대사람 - 횡단중,안전운전불이행,건조,맑음,단일로 - 기타,이륜,남,88세,상해없음,보행자,여,68세,중상
2015070200100425,2015년 7월 2일 17시,목요일,충청남도 아산시 온천동,중상사고,0,1,0,0,차대사람 - 횡단중,보행자보호의무위반,건조,맑음,교차로 - 교차로부근,승용,남,59세,상해없음,보행자,여,67세,중상
2015070200100499,2015년 7월 2일 19시,목요일,충청남도 보령시 명천동,중상사고,0,1,0,0,차량단독 - 공작물충돌,안전운전불이행,건조,맑음,단일로 - 기타,승용,남,32세,중상,,,,
2015070200100500,2015년 7월 2일 19시,목요일,충청남도 당진시 합덕읍,경상사고,0,0,1,0,차량단독 - 전도전복,기타,건조,맑음,교차로 - 교차로안,이륜,남,62세,경상,,,,
2015070200100501,2015년 7월 2일 19시,목요일,충청남도 청양군 장평면,중상사고,0,1,0,0,차량단독 - 전도전복,안전운전불이행,건조,맑음,단일로 - 기타,승용,여,43세,중상,,,,
2015070200100527,2015년 7월 2일 20시,목요일,충청남도 천안시 서북구 쌍용동,경상사고,0,0,1,0,차대사람 - 기타,기타,건조,맑음,단일로 - 기타,승합,남,54세,상해없음,보행자,여,59세,경상
2015070200100597,2015년 7월 2일 22시,목요일,충청남도 당진시 송악읍,중상사고,0,1,0,0,차대차 - 기타,중앙선침범,건조,맑음,단일로 - 기타,승용,여,39세,상해없음,승용,남,43세,중상
2015070300100015,2015년 7월 3일 00시,금요일,충청남도 논산시 취암동,중상사고,0,1,0,0,차대사람 - 기타,안전운전불이행,건조,맑음,단일로 - 기타,승용,남,23세,상해없음,보행자,여,50세,중상
2015070300100032,2015년 7월 3일 01시,금요일,충청남도 아산시 염치읍,사망사고,1,0,0,0,차량단독 - 전도전복,안전운전불이행,건조,맑음,기타 - 기타,승용,남,51세,사망,,,,
2015070300100040,2015년 7월 3일 02시,금요일,충청남도 논산시 은진면,경상사고,0,0,1,0,차대차 - 추돌 - 진행중,안전운전불이행,건조,맑음,단일로 - 기타,승용,남,25세,상해없음,화물,남,54세,경상
2015070300100041,2015년 7월 3일 02시,금요일,충청남도 당진시 송악읍,경상사고,0,0,2,0,차대차 - 추돌 - 진행중,안전운전불이행,건조,맑음,단일로 - 기타,승용,남,38세,상해없음,승용,남,33세,경상
2015070300100069,2015년 7월 3일 06시,금요일,충청남도 아산시 둔포면,경상사고,0,0,1,0,차대차 - 측면직각충돌,직진우회전진행방해,건조,맑음,교차로 - 교차로안,승용,남,45세,상해없음,승용,남,36세,경상
2015070300100070,2015년 7월 3일 06시,금요일,충청남도 부여군 구룡면,사망사고,1,0,0,0,차대차 - 기타,안전운전불이행,기타,안개,단일로 - 기타,화물,남,34세,상해없음,이륜,남,56세,사망
2015070300100125,2015년 7월 3일 08시,금요일,충청남도 천안시 서북구 성거읍,경상사고,0,0,1,0,차대차 - 측면직각충돌,신호위반,건조,맑음,교차로 - 교차로안,승용,남,45세,상해없음,승용,남,31세,경상
2015070300100126,2015년 7월 3일 08시,금요일,충청남도 예산군 예산읍,경상사고,0,0,1,0,차대차 - 정면충돌,안전운전불이행,건조,맑음,단일로 - 기타,자전거,남,10세,경상,승용,여,34세,상해없음
2015070300100211,2015년 7월 3일 11시,금요일,충청남도 천안시 동남구 청수동,중상사고,0,1,0,0,차대차 - 기타,안전운전불이행,건조,맑음,단일로 - 기타,승용,여,45세,상해없음,승용,남,53세,중상
2015070300100240,2015년 7월 3일 12시,금요일,충청남도 천안시 서북구 두정동,중상사고,0,1,0,0,차대사람 - 보도통행중,기타,건조,맑음,단일로 - 기타,승용,여,40세,상해없음,보행자,여,59세,중상
2015070300100241,2015년 7월 3일 12시,금요일,충청남도 논산시 화지동,경상사고,0,0,1,0,차대차 - 측면직각충돌,불법유턴,건조,맑음,교차로 - 교차로부근,이륜,남,74세,경상,화물,남,45세,상해없음
2015070300100242,2015년 7월 3일 12시,금요일,충청남도 논산시 은진면,중상사고,0,1,0,0,차대차 - 추돌 - 주정차중,안전운전불이행,건조,맑음,교차로 - 교차로부근,화물,남,41세,상해없음,화물,남,44세,중상
2015070300100268,2015년 7월 3일 13시,금요일,충청남도 논산시 부창동,경상사고,0,0,1,0,차대차 - 측면직각충돌,신호위반,건조,맑음,교차로 - 교차로부근,화물,남,48세,상해없음,화물,남,45세,경상
2015070300100270,2015년 7월 3일 13시,금요일,충청남도 청양군 청양읍,경상사고,0,0,1,0,차대차 - 추돌 - 주정차중,안전운전불이행,건조,맑음,교차로 - 교차로부근,승용,남,42세,상해없음,승용,여,46세,경상
2015070300100271,2015년 7월 3일 13시,금요일,충청남도 천안시 서북구 입장면,경상사고,0,0,1,0,차대차 - 기타,안전운전불이행,건조,맑음,교차로 - 교차로안,승용,여,62세,상해없음,승합,남,41세,경상
2015070300100304,2015년 7월 3일 14시,금요일,충청남도 천안시 동남구 대흥동,중상사고,0,1,0,0,차대사람 - 기타,안전운전불이행,건조,맑음,기타 - 기타,승용,남,54세,상해없음,보행자,여,72세,중상
2015070300100330,2015년 7월 3일 15시,금요일,충청남도 천안시 서북구 쌍용동,경상사고,0,0,1,0,차대차 - 추돌 - 진행중,안전운전불이행,건조,맑음,단일로 - 기타,승용,남,45세,상해없음,승용,남,48세,경상
2015070300100331,2015년 7월 3일 15시,금요일,충청남도 부여군 부여읍,중상사고,0,1,0,0,차대차 - 기타,안전운전불이행,건조,맑음,교차로 - 교차로안,승용,남,67세,상해없음,이륜,남,59세,중상
2015070300100332,2015년 7월 3일 15시,금요일,충청남도 부여군 부여읍,중상사고,0,1,0,0,차대사람 - 횡단중,안전운전불이행,건조,맑음,교차로 - 교차로부근,승용,남,66세,상해없음,보행자,여,85세,중상
2015070300100333,2015년 7월 3일 15시,금요일,충청남도 천안시 동남구 신방동,경상사고,0,0,1,0,차대사람 - 횡단중,보행자보호의무위반,건조,맑음,단일로 - 횡단보도상,승용,여,26세,상해없음,보행자,남,3세,경상
2015070300100334,2015년 7월 3일 15시,금요일,충청남도 당진시 신평면,중상사고,0,1,5,0,차대차 - 추돌 - 진행중,안전거리미확보,건조,맑음,단일로 - 기타,승용,남,59세,상해없음,승용,여,38세,중상
2015070300100386,2015년 7월 3일 16시,금요일,충청남도 서산시 예천동,경상사고,0,0,1,0,차대차 - 측면직각충돌,안전운전불이행,건조,맑음,교차로 - 교차로부근,승용,남,78세,기타불명,자전거,남,11세,경상
2015070300100418,2015년 7월 3일 17시,금요일,충청남도 홍성군 홍성읍,경상사고,0,0,2,0,차대차 - 측면직각충돌,교차로운행방법위반,건조,맑음,교차로 - 교차로안,승용,남,28세,상해없음,승용,남,44세,경상
2015070300100419,2015년 7월 3일 17시,금요일,충청남도 홍성군 홍성읍,중상사고,0,1,0,0,차대차 - 측면직각충돌,교차로운행방법위반,건조,맑음,교차로 - 교차로부근,승용,여,59세,상해없음,이륜,여,61세,중상
2015070300100466,2015년 7월 3일 18시,금요일,충청남도 아산시 온천동,중상사고,0,1,0,0,차대사람 - 기타,안전운전불이행,건조,맑음,단일로 - 기타,승용,여,60세,상해없음,보행자,여,78세,중상
2015070300100467,2015년 7월 3일 18시,금요일,충청남도 보령시 웅천읍,중상사고,0,1,0,0,차대차 - 기타,안전운전불이행,건조,맑음,교차로 - 교차로안,승용,남,56세,상해없음,승용,남,23세,중상
2015070300100468,2015년 7월 3일 18시,금요일,충청남도 당진시 석문면,경상사고,0,0,2,0,차대차 - 정면충돌,중앙선침범,건조,맑음,단일로 - 기타,승용,남,52세,상해없음,승용,남,28세,경상
2015070300100515,2015년 7월 3일 19시,금요일,충청남도 태안군 안면읍,중상사고,0,2,1,0,차대차 - 측면직각충돌,기타,건조,맑음,교차로 - 교차로안,승용,남,47세,상해없음,승용,남,35세,경상
2015070300100516,2015년 7월 3일 19시,금요일,충청남도 예산군 삽교읍,중상사고,0,1,0,0,차대차 - 기타,직진우회전진행방해,건조,맑음,교차로 - 교차로안,이륜,남,73세,중상,화물,남,41세,상해없음
2015070300100517,2015년 7월 3일 19시,금요일,충청남도 금산군 금산읍,경상사고,0,0,1,0,차대차 - 추돌 - 진행중,안전운전불이행,건조,맑음,단일로 - 기타,이륜,남,59세,상해없음,이륜,남,50세,경상
2015070300100552,2015년 7월 3일 20시,금요일,충청남도 서산시 동문동,경상사고,0,0,1,0,차대차 - 기타,안전운전불이행,건조,맑음,단일로 - 기타,승용,여,29세,상해없음,승용,남,36세,상해없음
2015070300100553,2015년 7월 3일 20시,금요일,충청남도 부여군 규암면,경상사고,0,0,1,0,차대사람 - 보도통행중,안전운전불이행,건조,맑음,단일로 - 기타,이륜,남,66세,상해없음,보행자,남,32세,경상
2015070300100623,2015년 7월 3일 22시,금요일,충청남도 홍성군 홍성읍,경상사고,0,0,1,0,차대사람 - 기타,안전운전불이행,건조,맑음,단일로 - 기타,승합,남,33세,상해없음,보행자,남,51세,경상
2015070400100025,2015년 7월 4일 00시,토요일,충청남도 금산군 금산읍,경상사고,0,0,3,0,차대차 - 측면직각충돌,직진우회전진행방해,건조,맑음,교차로 - 교차로안,승용,남,33세,경상,승용,남,42세,경상
2015070400100075,2015년 7월 4일 02시,토요일,충청남도 부여군 초촌면,경상사고,0,0,1,0,차대차 - 기타,안전운전불이행,건조,맑음,단일로 - 기타,승용,남,18세,상해없음,화물,남,34세,경상
2015070400100096,2015년 7월 4일 03시,토요일,충청남도 논산시 부적면,경상사고,0,0,1,0,차량단독 - 전도전복,안전운전불이행,건조,맑음,단일로 - 기타,승용,남,24세,경상,,,,
2015070400100116,2015년 7월 4일 04시,토요일,충청남도 천안시 서북구 직산읍,경상사고,0,0,1,0,차대사람 - 기타,안전운전불이행,건조,맑음,단일로 - 기타,화물,남,53세,상해없음,보행자,남,56세,경상
2015070400100117,2015년 7월 4일 04시,토요일,충청남도 서산시 해미면,경상사고,0,0,3,0,차대차 - 추돌 - 주정차중,안전운전불이행,건조,맑음,기타 - 기타,승용,남,76세,상해없음,화물,남,39세,상해없음
2015070400100188,2015년 7월 4일 08시,토요일,충청남도 천안시 서북구 성정동,경상사고,0,0,1,0,차대차 - 측면직각충돌,안전운전불이행,건조,맑음,교차로 - 교차로안,승용,남,23세,상해없음,승용,여,42세,경상
2015070400100216,2015년 7월 4일 09시,토요일,충청남도 천안시 서북구 성환읍,중상사고,0,2,0,0,차대차 - 기타,안전운전불이행,건조,맑음,단일로 - 기타,승합,남,30세,상해없음,승용,남,54세,중상
2015070400100217,2015년 7월 4일 09시,토요일,충청남도 천안시 서북구 두정동,경상사고,0,0,1,0,차대차 - 추돌 - 주정차중,안전운전불이행,건조,맑음,교차로 - 교차로부근,승용,남,31세,상해없음,승용,남,54세,기타불명
2015070400100218,2015년 7월 4일 09시,토요일,충청남도 천안시 서북구 쌍용동,경상사고,0,0,2,0,차대차 - 기타,교차로운행방법위반,건조,맑음,교차로 - 교차로안,승용,남,55세,경상,승용,여,46세,상해없음
2015070400100243,2015년 7월 4일 10시,토요일,충청남도 천안시 서북구 두정동,중상사고,0,1,0,0,차대사람 - 기타,보행자보호의무위반,건조,맑음,교차로 - 교차로부근,승합,남,48세,상해없음,보행자,여,90세 이상,중상
2015070400100311,2015년 7월 4일 12시,토요일,충청남도 태안군 태안읍,경상사고,0,0,1,0,차대사람 - 기타,안전운전불이행,건조,맑음,단일로 - 기타,화물,남,54세,상해없음,보행자,남,47세,경상
2015070400100400,2015년 7월 4일 15시,토요일,충청남도 서천군 장항읍,경상사고,0,0,1,0,차대차 - 측면직각충돌,안전거리미확보,습기,맑음,단일로 - 기타,화물,남,65세,상해없음,승용,여,49세,경상
2015070400100450,2015년 7월 4일 16시,토요일,충청남도 천안시 동남구 성남면,경상사고,0,0,4,0,차대차 - 추돌 - 진행중,안전운전불이행,건조,맑음,기타 - 기타,승용,남,51세,상해없음,승용,남,40세,경상
2015070400100485,2015년 7월 4일 17시,토요일,충청남도 천안시 서북구 성환읍,경상사고,0,0,1,0,차대차 - 측면직각충돌,과속,건조,맑음,교차로 - 교차로안,승용,남,28세,상해없음,화물,남,76세,경상
2015070400100486,2015년 7월 4일 17시,토요일,충청남도 서천군 장항읍,중상사고,0,1,3,0,차대차 - 측면직각충돌,신호위반,건조,맑음,교차로 - 교차로안,승용,남,76세,경상,승용,남,37세,경상
2015070400100488,2015년 7월 4일 17시,토요일,충청남도 예산군 예산읍,경상사고,0,0,1,0,차대차 - 기타,안전운전불이행,건조,맑음,단일로 - 기타,승용,남,36세,상해없음,승용,남,65세,경상
2015070400100489,2015년 7월 4일 17시,토요일,충청남도 부여군 부여읍,경상사고,0,0,1,0,차대차 - 측면직각충돌,교차로운행방법위반,건조,맑음,교차로 - 교차로안,승용,여,34세,상해없음,자전거,여,7세,경상
2015070400100490,2015년 7월 4일 17시,토요일,충청남도 당진시 우강면,사망사고,1,0,0,0,차대차 - 측면직각충돌,교차로운행방법위반,건조,맑음,교차로 - 교차로안,화물,여,52세,상해없음,원동기,남,72세,사망
2015070400100529,2015년 7월 4일 18시,토요일,충청남도 서산시 인지면,중상사고,0,1,0,1,차대차 - 정면충돌,중앙선침범,건조,맑음,단일로 - 기타,승용,여,52세,부상신고,화물,남,70세,중상
2015070400100560,2015년 7월 4일 19시,토요일,충청남도 아산시 모종동,중상사고,0,1,0,0,차대사람 - 횡단중,보행자보호의무위반,건조,맑음,단일로 - 기타,승용,남,22세,상해없음,보행자,여,47세,중상
2015070400100561,2015년 7월 4일 19시,토요일,충청남도 천안시 동남구 원성동,경상사고,0,0,1,0,차대차 - 기타,안전운전불이행,건조,맑음,단일로 - 기타,승합,남,60세,기타불명,승용,남,32세,경상
2015070400100644,2015년 7월 4일 22시,토요일,충청남도 천안시 서북구 두정동,경상사고,0,0,4,0,차대차 - 측면직각충돌,직진우회전진행방해,건조,맑음,교차로 - 교차로안,승용,여,46세,경상,승합,남,52세,경상
2015070400100645,2015년 7월 4일 22시,토요일,충청남도 홍성군 홍성읍,경상사고,0,0,1,0,차대사람 - 횡단중,중앙선침범,건조,맑음,단일로 - 기타,이륜,남,17세,상해없음,보행자,남,47세,경상
2015070500100012,2015년 7월 5일 00시,일요일,충청남도 천안시 서북구 두정동,경상사고,0,0,1,0,차대차 - 기타,안전운전불이행,건조,맑음,단일로 - 기타,승합,남,37세,상해없음,원동기,남,32세,경상
2015070500100013,2015년 7월 5일 00시,일요일,충청남도 보령시 신흑동,경상사고,0,0,4,0,차대차 - 기타,안전운전불이행,건조,맑음,단일로 - 기타,승용,남,29세,상해없음,승합,남,26세,경상
2015070500100026,2015년 7월 5일 01시,일요일,충청남도 천안시 서북구 성정동,경상사고,0,0,1,0,차대차 - 측면직각충돌,중앙선침범,건조,맑음,단일로 - 기타,승용,남,22세,상해없음,승용,여,55세,경상
2015070500100055,2015년 7월 5일 03시,일요일,충청남도 보령시 신흑동,중상사고,0,1,0,0,차대사람 - 횡단중,안전운전불이행,건조,흐림,단일로 - 횡단보도상,승용,남,20세,상해없음,보행자,남,45세,중상
2015070500100063,2015년 7월 5일 04시,일요일,충청남도 보령시 신흑동,경상사고,0,0,8,1,차대차 - 기타,안전운전불이행,건조,맑음,단일로 - 기타,승용,남,18세,부상신고,승용,남,26세,경상
2015070500100075,2015년 7월 5일 05시,일요일,충청남도 논산시 취암동,중상사고,0,2,1,0,차대차 - 측면직각충돌,교차로운행방법위반,건조,맑음,교차로 - 교차로안,화물,남,26세,경상,승용,남,30세,중상
2015070500100094,2015년 7월 5일 07시,일요일,충청남도 서산시 음암면,중상사고,0,1,1,0,차대차 - 측면직각충돌,신호위반,건조,맑음,교차로 - 교차로안,승용,남,44세,중상,승용,남,42세,경상
2015070500100095,2015년 7월 5일 07시,일요일,충청남도 당진시 합덕읍,경상사고,0,0,1,0,차대차 - 측면직각충돌,교차로운행방법위반,건조,맑음,교차로 - 교차로부근,승용,남,53세,상해없음,원동기,남,26세,경상
2015070500100119,2015년 7월 5일 09시,일요일,충청남도 태안군 소원면,중상사고,0,1,0,0,차량단독 - 전도전복,안전운전불이행,건조,맑음,단일로 - 기타,자전거,여,56세,중상,,,,
2015070500100165,2015년 7월 5일 11시,일요일,충청남도 태안군 원북면,중상사고,0,1,0,0,차대차 - 측면직각충돌,안전운전불이행,건조,맑음,교차로 - 교차로안,승용,여,32세,상해없음,이륜,남,65세,중상
2015070500100185,2015년 7월 5일 12시,일요일,충청남도 서산시 예천동,경상사고,0,0,3,0,차대차 - 추돌 - 주정차중,안전운전불이행,건조,맑음,교차로 - 교차로부근,화물,남,71세,상해없음,승용,여,39세,경상
2015070500100186,2015년 7월 5일 12시,일요일,충청남도 천안시 서북구 쌍용동,경상사고,0,0,1,0,차대사람 - 횡단중,안전운전불이행,건조,맑음,교차로 - 교차로부근,승용,남,54세,상해없음,보행자,남,24세,경상
2015070500100187,2015년 7월 5일 12시,일요일,충청남도 서천군 화양면,중상사고,0,1,0,0,차대차 - 기타,안전운전불이행,건조,맑음,단일로 - 기타,농기계,남,73세,중상,승용,여,37세,상해없음
2015070500100188,2015년 7월 5일 12시,일요일,충청남도 공주시 우성면,경상사고,0,0,2,0,차대차 - 기타,중앙선침범,건조,맑음,단일로 - 기타,승용,남,23세,상해없음,승용,남,26세,경상
2015070500100222,2015년 7월 5일 13시,일요일,충청남도 홍성군 홍성읍,경상사고,0,0,3,0,차대차 - 기타,차로위반,건조,맑음,단일로 - 기타,승용,남,73세,상해없음,승용,남,38세,경상
2015070500100223,2015년 7월 5일 13시,일요일,충청남도 아산시 용화동,중상사고,0,1,0,0,차대차 - 측면직각충돌,안전운전불이행,건조,맑음,교차로 - 교차로안,승용,남,57세,상해없음,승용,여,49세,중상
2015070500100224,2015년 7월 5일 13시,일요일,충청남도 보령시 천북면,경상사고,0,0,1,0,차대차 - 추돌 - 진행중,안전운전불이행,건조,맑음,단일로 - 기타,승용,여,30세,상해없음,승용,남,40세,경상
2015070500100225,2015년 7월 5일 13시,일요일,충청남도 공주시 신풍면,중상사고,0,2,2,0,차대차 - 정면충돌,중앙선침범,건조,맑음,단일로 - 기타,승용,남,64세,경상,승용,여,59세,중상
2015070500100258,2015년 7월 5일 14시,일요일,충청남도 보령시 성주면,경상사고,0,0,4,0,차대차 - 정면충돌,중앙선침범,건조,맑음,단일로 - 기타,승용,남,67세,상해없음,승용,남,37세,상해없음
2015070500100259,2015년 7월 5일 14시,일요일,충청남도 공주시 반포면,경상사고,0,0,1,0,차량단독 - 공작물충돌,안전운전불이행,건조,맑음,단일로 - 기타,화물,남,53세,상해없음,,,,
2015070500100260,2015년 7월 5일 14시,일요일,충청남도 천안시 동남구 봉명동,경상사고,0,0,1,0,차대차 - 측면직각충돌,안전운전불이행,건조,맑음,단일로 - 기타,승용,남,44세,상해없음,승용,여,49세,경상
2015070500100261,2015년 7월 5일 14시,일요일,충청남도 당진시 면천면,중상사고,0,2,0,0,차대차 - 측면직각충돌,안전운전불이행,건조,맑음,단일로 - 기타,승용,남,30세,상해없음,화물,남,61세,중상
2015070500100287,2015년 7월 5일 15시,일요일,충청남도 당진시 읍내리,경상사고,0,0,1,0,차대차 - 추돌 - 주정차중,안전운전불이행,건조,맑음,단일로 - 기타,승용,여,54세,상해없음,승용,남,26세,경상
2015070500100288,2015년 7월 5일 15시,일요일,충청남도 천안시 동남구 신부동,경상사고,0,0,2,0,차대차 - 추돌 - 진행중,안전운전불이행,건조,맑음,단일로 - 기타,승용,남,81세,상해없음,승용,여,40세,경상