사고번호,사고일시,요일,시군구,사고내용,사망자수,중상자수,경상자수,부상신고자수,사고유형,법규위반,노면상태,기상상태,도로형태,가해운전자 차종,가해운전자 성별,가해운전자 연령,가해운전자 상해정도,피해운전자 차종,피해운전자 성별,피해운전자 연령,피해운전자 상해정도
2015070500100318,2015년 7월 5일 16시,일요일,충청남도 천안시 서북구 성정동,경상사고,0,0,1,0,차대차 - 측면직각충돌,신호위반,건조,맑음,교차로 - 교차로안,승용,남,49세,상해없음,승용,여,41세,경상
2015070500100319,2015년 7월 5일 16시,일요일,충청남도 논산시 채운면,경상사고,0,0,1,0,차대차 - 기타,안전거리미확보,건조,맑음,단일로 - 기타,승용,남,66세,상해없음,화물,남,71세,경상
2015070500100320,2015년 7월 5일 16시,일요일,충청남도 계룡시 두마면,중상사고,0,2,0,0,차대차 - 정면충돌,중앙선침범,건조,맑음,단일로 - 기타,승용,남,38세,상해없음,승용,남,27세,중상
2015070500100321,2015년 7월 5일 16시,일요일,충청남도 당진시 읍내리,경상사고,0,0,1,0,차대차 - 기타,교차로운행방법위반,건조,맑음,단일로 - 기타,화물,남,26세,상해없음,승용,남,26세,경상
2015070500100356,2015년 7월 5일 17시,일요일,충청남도 천안시 동남구 삼룡동,경상사고,0,0,1,0,차대차 - 기타,안전운전불이행,건조,맑음,교차로 - 교차로부근,기타불명,기타불명,기타불명,기타불명,승용,남,43세,경상
2015070500100359,2015년 7월 5일 17시,일요일,충청남도 당진시 송악읍,중상사고,0,1,0,0,차대차 - 추돌 - 주정차중,안전거리미확보,건조,맑음,단일로 - 기타,승용,남,43세,상해없음,승용,남,37세,상해없음
2015070500100392,2015년 7월 5일 18시,일요일,충청남도 아산시 온천동,경상사고,0,0,3,0,차대차 - 측면직각충돌,중앙선침범,건조,맑음,교차로 - 교차로부근,승용,여,58세,상해없음,승용,남,60세,경상
2015070500100428,2015년 7월 5일 19시,일요일,충청남도 공주시 신풍면,중상사고,0,1,1,0,차대차 - 측면직각충돌,안전운전불이행,건조,맑음,교차로 - 교차로부근,승용,남,44세,상해없음,이륜,남,65세,중상
2015070500100449,2015년 7월 5일 20시,일요일,충청남도 공주시 신관동,중상사고,0,1,0,0,차대사람 - 횡단중,안전운전불이행,건조,맑음,단일로 - 기타,승용,여,48세,상해없음,보행자,남,55세,중상
2015070500100450,2015년 7월 5일 20시,일요일,충청남도 부여군 홍산면,사망사고,1,0,0,0,차량단독 - 기타,안전운전불이행,건조,흐림,단일로 - 기타,이륜,남,58세,사망,,,,
2015070500100477,2015년 7월 5일 21시,일요일,충청남도 예산군 오가면,경상사고,0,0,4,0,차대차 - 추돌 - 주정차중,안전운전불이행,건조,맑음,교차로 - 교차로부근,승용,남,40세,상해없음,승용,남,30세,경상
2015070500100478,2015년 7월 5일 21시,일요일,충청남도 당진시 수청리,경상사고,0,0,1,0,차대차 - 기타,교차로운행방법위반,건조,맑음,교차로 - 교차로안,승용,남,24세,상해없음,원동기,남,57세,경상
2015070600100020,2015년 7월 6일 01시,월요일,충청남도 천안시 서북구 성정동,경상사고,0,0,1,0,차대차 - 추돌 - 주정차중,안전거리미확보,건조,맑음,단일로 - 기타,승용,여,22세,상해없음,승용,남,35세,경상
2015070600100058,2015년 7월 6일 06시,월요일,충청남도 홍성군 홍성읍,사망사고,1,0,0,0,차대사람 - 기타,안전운전불이행,건조,맑음,단일로 - 기타,화물,남,65세,상해없음,보행자,여,73세,사망
2015070600100059,2015년 7월 6일 06시,월요일,충청남도 보령시 오천면,경상사고,0,0,4,0,차대차 - 추돌 - 진행중,직진우회전진행방해,건조,맑음,교차로 - 교차로안,승용,남,54세,상해없음,승용,남,27세,경상
2015070600100091,2015년 7월 6일 07시,월요일,충청남도 아산시 배방읍,경상사고,0,0,1,0,차대차 - 추돌 - 주정차중,안전운전불이행,건조,맑음,단일로 - 기타,승용,남,35세,상해없음,승용,남,55세,경상
2015070600100136,2015년 7월 6일 08시,월요일,충청남도 홍성군 홍성읍,중상사고,0,1,0,0,차대사람 - 보도통행중,안전운전불이행,건조,맑음,단일로 - 기타,자전거,여,73세,중상,보행자,남,66세,상해없음
2015070600100137,2015년 7월 6일 08시,월요일,충청남도 아산시 모종동,중상사고,0,2,0,0,차대차 - 측면직각충돌,안전운전불이행,건조,맑음,교차로 - 교차로안,승용,남,70세,상해없음,승용,남,49세,중상
2015070600100138,2015년 7월 6일 08시,월요일,충청남도 보령시 대천동,중상사고,0,1,2,0,차대차 - 측면직각충돌,불법유턴,건조,맑음,교차로 - 교차로안,승용,남,48세,상해없음,승용,여,46세,경상
2015070600100196,2015년 7월 6일 09시,월요일,충청남도 아산시 배방읍,경상사고,0,0,1,0,차대차 - 추돌 - 주정차중,안전운전불이행,건조,맑음,단일로 - 기타,승용,남,29세,상해없음,승용,남,55세,경상
2015070600100251,2015년 7월 6일 11시,월요일,충청남도 계룡시 두마면,경상사고,0,0,2,0,차대차 - 추돌 - 진행중,안전거리미확보,건조,맑음,단일로 - 기타,승용,남,54세,상해없음,승용,여,58세,경상
2015070600100271,2015년 7월 6일 12시,월요일,충청남도 천안시 동남구 병천면,경상사고,0,0,1,0,차대차 - 기타,안전운전불이행,건조,맑음,교차로 - 교차로안,이륜,남,63세,경상,승용,남,45세,상해없음
2015070600100302,2015년 7월 6일 13시,월요일,충청남도 천안시 동남구 성황동,중상사고,0,1,0,0,차대사람 - 횡단중,안전운전불이행,건조,맑음,단일로 - 기타,승용,남,55세,상해없음,보행자,여,76세,중상
2015070600100328,2015년 7월 6일 14시,월요일,충청남도 논산시 내동,경상사고,0,0,1,0,차대사람 - 길가장자리구역통행중,안전운전불이행,건조,맑음,단일로 - 기타,승합,여,42세,상해없음,보행자,남,11세,경상
2015070600100393,2015년 7월 6일 16시,월요일,충청남도 홍성군 홍성읍,중상사고,0,1,0,0,차대차 - 기타,교차로운행방법위반,건조,맑음,교차로 - 교차로안,승용,여,42세,상해없음,이륜,남,73세,중상
2015070600100428,2015년 7월 6일 17시,월요일,충청남도 아산시 배방읍,경상사고,0,0,1,0,차량단독 - 공작물충돌,안전운전불이행,건조,맑음,단일로 - 기타,승용,여,38세,경상,,,,
2015070600100429,2015년 7월 6일 17시,월요일,충청남도 서천군 장항읍,경상사고,0,0,1,0,차대사람 - 차도통행중,안전운전불이행,건조,맑음,교차로 - 교차로안,승용,남,67세,상해없음,보행자,여,81세,경상
2015070600100430,2015년 7월 6일 17시,월요일,충청남도 부여군 은산면,중상사고,0,1,0,0,차대차 - 추돌 - 진행중,안전거리미확보,건조,맑음,교차로 - 교차로안,건설기계,남,47세,상해없음,승용,여,54세,중상
2015070600100462,2015년 7월 6일 18시,월요일,충청남도 아산시 영인면,경상사고,0,0,1,0,차대차 - 추돌 - 진행중,안전운전불이행,건조,맑음,단일로 - 기타,화물,남,54세,상해없음,화물,남,41세,경상
2015070600100463,2015년 7월 6일 18시,월요일,충청남도 예산군 삽교읍,경상사고,0,0,1,0,차대차 - 측면직각충돌,직진우회전진행방해,건조,맑음,교차로 - 교차로안,승용,남,44세,상해없음,승용,여,41세,경상
2015070600100514,2015년 7월 6일 20시,월요일,충청남도 예산군 예산읍,중상사고,0,1,0,0,차대차 - 측면직각충돌,직진우회전진행방해,건조,맑음,교차로 - 교차로안,승용,남,54세,상해없음,이륜,남,64세,중상
2015070600100543,2015년 7월 6일 21시,월요일,충청남도 천안시 동남구 목천읍,중상사고,0,1,1,0,차대차 - 추돌 - 주정차중,안전운전불이행,건조,맑음,교차로 - 교차로안,승용,남,27세,경상,승용,여,36세,중상
2015070600100573,2015년 7월 6일 22시,월요일,충청남도 당진시 신평면,경상사고,0,0,1,0,차대차 - 측면직각충돌,안전운전불이행,건조,맑음,교차로 - 교차로안,승용,남,53세,상해없음,승합,남,45세,경상
2015070600100595,2015년 7월 6일 23시,월요일,충청남도 예산군 삽교읍,경상사고,0,0,1,0,차대차 - 추돌 - 진행중,안전거리미확보,건조,맑음,단일로 - 기타,승용,남,27세,경상,승합,남,58세,상해없음
2015070700100013,2015년 7월 7일 00시,화요일,충청남도 예산군 오가면,경상사고,0,0,1,0,차량단독 - 공작물충돌,안전운전불이행,건조,맑음,교차로 - 교차로부근,승용,남,45세,경상,,,,
2015070700100014,2015년 7월 7일 00시,화요일,충청남도 천안시 동남구 신부동,경상사고,0,0,2,0,차대차 - 기타,안전운전불이행,습기,맑음,단일로 - 기타,승용,남,32세,상해없음,승용,남,61세,경상
2015070700100040,2015년 7월 7일 01시,화요일,충청남도 예산군 예산읍,경상사고,0,0,1,0,차대차 - 측면직각충돌,안전운전불이행,건조,맑음,단일로 - 기타,승용,남,42세,경상,화물,남,49세,상해없음
2015070700100106,2015년 7월 7일 07시,화요일,충청남도 예산군 덕산면,중상사고,0,1,0,0,차대사람 - 횡단중,안전운전불이행,건조,맑음,교차로 - 교차로부근,승용,남,44세,상해없음,보행자,여,72세,중상
2015070700100136,2015년 7월 7일 08시,화요일,충청남도 천안시 서북구 직산읍,경상사고,0,0,1,0,차대차 - 기타,중앙선침범,건조,맑음,단일로 - 기타,승용,남,32세,상해없음,승용,여,38세,경상
2015070700100137,2015년 7월 7일 08시,화요일,충청남도 아산시 둔포면,경상사고,0,0,2,0,차대차 - 측면직각충돌,중앙선침범,건조,맑음,단일로 - 기타,승용,남,54세,상해없음,승용,남,58세,경상
2015070700100138,2015년 7월 7일 08시,화요일,충청남도 부여군 홍산면,경상사고,0,0,1,0,차대차 - 기타,차로위반,습기,흐림,단일로 - 기타,이륜,남,27세,경상,승용,남,42세,상해없음
2015070700100167,2015년 7월 7일 09시,화요일,충청남도 아산시 도고면,경상사고,0,0,1,0,차대차 - 기타,교차로운행방법위반,건조,맑음,교차로 - 교차로안,승용,남,42세,경상,화물,남,47세,상해없음
2015070700100190,2015년 7월 7일 10시,화요일,충청남도 보령시 남곡동,사망사고,1,3,0,0,차량단독 - 도로외이탈 - 추락,안전운전불이행,습기,비,단일로 - 기타,승용,남,75세,중상,,,,
2015070700100215,2015년 7월 7일 11시,화요일,충청남도 천안시 동남구 영성동,경상사고,0,0,1,0,차대차 - 기타,안전운전불이행,건조,맑음,교차로 - 교차로안,승용,남,67세,상해없음,이륜,남,48세,경상
2015070700100247,2015년 7월 7일 12시,화요일,충청남도 금산군 복수면,경상사고,0,0,1,0,차대차 - 측면직각충돌,안전운전불이행,습기,비,교차로 - 교차로안,승용,남,24세,기타불명,승용,남,37세,경상
2015070700100290,2015년 7월 7일 13시,화요일,충청남도 천안시 서북구 성환읍,경상사고,0,0,2,0,차대차 - 측면직각충돌,안전운전불이행,건조,맑음,교차로 - 교차로안,화물,남,73세,상해없음,승용,남,63세,상해없음
2015070700100320,2015년 7월 7일 14시,화요일,충청남도 금산군 제원면,중상사고,0,1,0,0,차량단독 - 기타,안전운전불이행,습기,비,단일로 - 기타,화물,남,62세,상해없음,,,,
2015070700100360,2015년 7월 7일 15시,화요일,충청남도 아산시 읍내동,경상사고,0,0,1,0,차대차 - 추돌 - 진행중,안전운전불이행,건조,맑음,교차로 - 교차로부근,승용,여,36세,상해없음,승용,여,65세,경상
2015070700100361,2015년 7월 7일 15시,화요일,충청남도 아산시 인주면,경상사고,0,0,1,0,차대차 - 측면직각충돌,안전운전불이행,건조,맑음,단일로 - 기타,화물,남,40세,상해없음,화물,남,38세,경상
2015070700100362,2015년 7월 7일 15시,화요일,충청남도 서천군 서천읍,중상사고,0,1,0,0,차대차 - 기타,안전운전불이행,습기,비,단일로 - 기타,승용,남,78세,상해없음,원동기,남,75세,중상
2015070700100363,2015년 7월 7일 15시,화요일,충청남도 보령시 성주면,중상사고,0,1,0,0,차대사람 - 기타,안전운전불이행,습기,비,단일로 - 기타,기타불명,기타불명,기타불명,기타불명,보행자,남,73세,중상
2015070700100364,2015년 7월 7일 15시,화요일,충청남도 예산군 예산읍,중상사고,0,1,0,0,차대차 - 추돌 - 주정차중,안전거리미확보,건조,맑음,교차로 - 교차로부근,화물,남,60세,상해없음,승용,남,55세,중상
2015070700100392,2015년 7월 7일 16시,화요일,충청남도 청양군 청양읍,경상사고,0,0,1,0,차대차 - 측면직각충돌,안전운전불이행,건조,맑음,교차로 - 교차로안,이륜,남,80세,경상,승용,남,25세,상해없음
2015070700100441,2015년 7월 7일 17시,화요일,충청남도 서산시 지곡면,사망사고,1,0,0,0,차량단독 - 전도전복,안전운전불이행,건조,맑음,교차로 - 교차로부근,이륜,여,78세,사망,,,,
2015070700100442,2015년 7월 7일 17시,화요일,충청남도 계룡시 금암동,중상사고,0,1,0,0,차대사람 - 차도통행중,안전운전불이행,습기,비,교차로 - 교차로안,승용,남,64세,상해없음,보행자,여,32세,중상
2015070700100443,2015년 7월 7일 17시,화요일,충청남도 아산시 권곡동,경상사고,0,0,1,0,차대사람 - 횡단중,보행자보호의무위반,건조,맑음,단일로 - 횡단보도상,승용,여,38세,상해없음,보행자,여,5세,경상
2015070700100491,2015년 7월 7일 18시,화요일,충청남도 청양군 청양읍,경상사고,0,0,1,0,차대차 - 측면직각충돌,직진우회전진행방해,건조,맑음,교차로 - 교차로안,승용,남,59세,경상,승용,여,57세,상해없음
2015070700100535,2015년 7월 7일 19시,화요일,충청남도 태안군 원북면,부상신고사고,0,0,0,1,차대차 - 기타,중앙선침범,건조,맑음,단일로 - 기타,이륜,남,55세,부상신고,승용,여,54세,상해없음
2015070700100536,2015년 7월 7일 19시,화요일,충청남도 논산시 강경읍,중상사고,0,3,1,0,차대차 - 정면충돌,중앙선침범,습기,비,단일로 - 기타,승용,남,58세,경상,승용,남,38세,중상
2015070700100537,2015년 7월 7일 19시,화요일,충청남도 계룡시 엄사면,중상사고,0,1,0,0,차대사람 - 차도통행중,안전운전불이행,건조,맑음,단일로 - 기타,승용,남,46세,상해없음,보행자,여,76세,중상
2015070700100538,2015년 7월 7일 19시,화요일,충청남도 홍성군 홍성읍,경상사고,0,0,2,0,차대차 - 기타,중앙선침범,습기,비,단일로 - 기타,승용,남,47세,상해없음,승용,남,26세,경상
2015070700100622,2015년 7월 7일 21시,화요일,충청남도 논산시 채운면,중상사고,0,1,0,0,차대차 - 추돌 - 진행중,안전운전불이행,습기,비,단일로 - 기타,화물,남,40세,상해없음,화물,여,55세,중상
2015070700100657,2015년 7월 7일 22시,화요일,충청남도 홍성군 구항면,중상사고,0,1,5,0,차대차 - 기타,안전운전불이행,습기,흐림,단일로 - 기타,승용,남,27세,경상,승용,여,44세,경상
2015070700100658,2015년 7월 7일 22시,화요일,충청남도 보령시 동대동,경상사고,0,0,1,0,차대차 - 추돌 - 주정차중,안전운전불이행,건조,맑음,교차로 - 교차로부근,승용,남,62세,상해없음,승용,남,48세,경상
2015070700100696,2015년 7월 7일 23시,화요일,충청남도 당진시 송산면,중상사고,0,1,0,0,차대사람 - 차도통행중,안전운전불이행,건조,맑음,단일로 - 기타,승용,남,37세,상해없음,보행자,남,48세,중상
2015070800100013,2015년 7월 8일 00시,수요일,충청남도 논산시 내동,경상사고,0,0,2,0,차대차 - 추돌 - 진행중,안전운전불이행,건조,맑음,교차로 - 교차로안,승용,남,41세,경상,승용,남,49세,경상
2015070800100014,2015년 7월 8일 00시,수요일,충청남도 아산시 배방읍,사망사고,1,0,0,0,차량단독 - 공작물충돌,안전운전불이행,습기,비,단일로 - 기타,승용,남,29세,사망,,,,
2015070800100031,2015년 7월 8일 01시,수요일,충청남도 천안시 서북구 성정동,경상사고,0,0,1,0,차대차 - 추돌 - 주정차중,안전운전불이행,습기,비,교차로 - 교차로부근,승용,남,34세,상해없음,승용,남,24세,경상
2015070800100032,2015년 7월 8일 01시,수요일,충청남도 홍성군 홍성읍,경상사고,0,0,1,0,차대차 - 기타,안전운전불이행,습기,비,교차로 - 교차로안,승용,여,37세,상해없음,승용,여,55세,경상
2015070800100033,2015년 7월 8일 01시,수요일,충청남도 아산시 온천동,중상사고,0,1,0,0,차대사람 - 횡단중,안전운전불이행,습기,비,교차로 - 교차로부근,승합,남,42세,상해없음,보행자,남,37세,중상
2015070800100070,2015년 7월 8일 04시,수요일,충청남도 아산시 영인면,경상사고,0,0,1,0,차대차 - 추돌 - 진행중,안전운전불이행,습기,비,단일로 - 기타,건설기계,남,42세,상해없음,승용,남,54세,경상
2015070800100094,2015년 7월 8일 06시,수요일,충청남도 서산시 동문동,중상사고,0,1,1,0,차대차 - 측면직각충돌,교차로운행방법위반,건조,맑음,교차로 - 교차로안,승용,남,20세,경상,승용,남,38세,상해없음
2015070800100095,2015년 7월 8일 06시,수요일,충청남도 보령시 요암동,중상사고,0,2,0,0,차대차 - 추돌 - 주정차중,안전운전불이행,건조,맑음,단일로 - 기타,승용,남,21세,상해없음,승용,남,42세,중상
2015070800100114,2015년 7월 8일 07시,수요일,충청남도 아산시 음봉면,중상사고,0,1,1,0,차대차 - 추돌 - 주정차중,안전운전불이행,건조,흐림,단일로 - 기타,승용,남,31세,상해없음,승용,여,50세,중상
2015070800100115,2015년 7월 8일 07시,수요일,충청남도 천안시 동남구 신부동,경상사고,0,0,1,0,차대차 - 기타,안전운전불이행,건조,맑음,교차로 - 교차로안,승합,남,36세,상해없음,승용,남,37세,경상
2015070800100153,2015년 7월 8일 08시,수요일,충청남도 예산군 덕산면,경상사고,0,0,2,0,차대차 - 측면직각충돌,직진우회전진행방해,건조,맑음,교차로 - 교차로부근,승용,여,60세,기타불명,화물,남,54세,상해없음
2015070800100180,2015년 7월 8일 09시,수요일,충청남도 당진시 송악읍,경상사고,0,0,2,0,차대차 - 정면충돌,중앙선침범,건조,흐림,단일로 - 기타,승용,남,55세,상해없음,승용,여,48세,경상
2015070800100238,2015년 7월 8일 11시,수요일,충청남도 부여군 은산면,중상사고,0,1,0,0,차대차 - 정면충돌,중앙선침범,습기,비,단일로 - 기타,화물,남,64세,상해없음,승용,남,63세,중상
2015070800100322,2015년 7월 8일 14시,수요일,충청남도 논산시 취암동,중상사고,0,1,0,0,차대사람 - 횡단중,보행자보호의무위반,건조,맑음,단일로 - 횡단보도상,화물,남,51세,상해없음,보행자,남,59세,중상
2015070800100354,2015년 7월 8일 15시,수요일,충청남도 천안시 동남구 다가동,경상사고,0,0,1,0,차대차 - 기타,교차로운행방법위반,건조,맑음,교차로 - 교차로안,승용,여,47세,상해없음,승용,남,32세,경상
2015070800100393,2015년 7월 8일 16시,수요일,충청남도 서산시 석남동,부상신고사고,0,0,0,1,차대차 - 측면직각충돌,안전운전불이행,건조,맑음,교차로 - 교차로안,자전거,남,15세,부상신고,승용,남,47세,상해없음
2015070800100394,2015년 7월 8일 16시,수요일,충청남도 천안시 서북구 입장면,경상사고,0,0,1,0,차대차 - 기타,신호위반,습기,비,교차로 - 교차로안,화물,남,38세,상해없음,승용,여,60세,경상
2015070800100395,2015년 7월 8일 16시,수요일,충청남도 예산군 예산읍,경상사고,0,0,1,0,차대차 - 추돌 - 주정차중,안전운전불이행,습기,흐림,단일로 - 횡단보도부근,화물,남,46세,상해없음,승용,남,67세,경상
2015070800100441,2015년 7월 8일 17시,수요일,충청남도 태안군 안면읍,중상사고,0,1,0,0,차대사람 - 길가장자리구역통행중,안전운전불이행,건조,맑음,단일로 - 기타,승용,남,69세,상해없음,보행자,여,47세,중상
2015070800100442,2015년 7월 8일 17시,수요일,충청남도 아산시 음봉면,경상사고,0,0,1,0,차대차 - 측면직각충돌,안전운전불이행,습기,흐림,교차로 - 교차로안,화물,남,52세,상해없음,승용,남,51세,경상
2015070800100443,2015년 7월 8일 17시,수요일,충청남도 보령시 주포면,중상사고,0,1,0,0,차대차 - 측면직각충돌,직진우회전진행방해,건조,맑음,교차로 - 교차로안,승용,남,64세,상해없음,승용,여,37세,중상
2015070800100515,2015년 7월 8일 19시,수요일,충청남도 천안시 서북구 두정동,경상사고,0,0,1,0,차대사람 - 횡단중,보행자보호의무위반,습기,비,교차로 - 교차로부근,승용,남,45세,상해없음,보행자,여,66세,경상
2015070800100516,2015년 7월 8일 19시,수요일,충청남도 금산군 금산읍,경상사고,0,0,3,0,차대차 - 측면직각충돌,직진우회전진행방해,건조,맑음,교차로 - 교차로안,승용,남,52세,상해없음,승용,여,58세,경상
2015070800100553,2015년 7월 8일 20시,수요일,충청남도 천안시 서북구 쌍용동,경상사고,0,0,1,0,차대차 - 측면직각충돌,직진우회전진행방해,습기,비,교차로 - 교차로안,승용,여,39세,상해없음,승용,남,22세,상해없음
2015070800100584,2015년 7월 8일 21시,수요일,충청남도 천안시 서북구 성정동,중상사고,0,1,0,0,차대사람 - 횡단중,보행자보호의무위반,건조,맑음,단일로 - 기타,승용,남,60세,상해없음,보행자,여,60세,중상
2015070800100585,2015년 7월 8일 21시,수요일,충청남도 천안시 서북구 입장면,부상신고사고,0,0,0,1,차대차 - 기타,안전운전불이행,건조,맑음,단일로 - 기타,승합,기타불명,기타불명,기타불명,자전거,남,49세,부상신고
2015070800100586,2015년 7월 8일 21시,수요일,충청남도 아산시 음봉면,경상사고,0,0,1,0,차대차 - 측면직각충돌,안전운전불이행,습기,흐림,교차로 - 교차로안,승용,남,42세,상해없음,승합,여,46세,경상
2015070800100587,2015년 7월 8일 21시,수요일,충청남도 천안시 동남구 안서동,중상사고,0,1,0,0,차대차 - 측면직각충돌,불법유턴,습기,비,교차로 - 교차로부근,승용,남,26세,상해없음,이륜,여,20세,중상
2015070800100621,2015년 7월 8일 22시,수요일,충청남도 천안시 서북구 쌍용동,중상사고,0,1,0,0,차대차 - 기타,안전운전불이행,습기,비,교차로 - 교차로안,승용,여,48세,상해없음,이륜,남,28세,중상
2015070800100669,2015년 7월 8일 23시,수요일,충청남도 천안시 서북구 성거읍,경상사고,0,0,2,1,차대차 - 추돌 - 주정차중,안전운전불이행,건조,맑음,단일로 - 기타,승용,남,31세,상해없음,승용,여,50세,부상신고
2015070900100046,2015년 7월 9일 02시,목요일,충청남도 서산시 석남동,중상사고,0,1,0,0,차대차 - 측면직각충돌,직진우회전진행방해,건조,맑음,교차로 - 교차로안,화물,남,41세,상해없음,승용,여,33세,중상
2015070900100047,2015년 7월 9일 02시,목요일,충청남도 천안시 서북구 쌍용동,중상사고,0,2,0,0,차대사람 - 횡단중,보행자보호의무위반,습기,비,교차로 - 교차로부근,승용,남,22세,상해없음,보행자,남,29세,중상
2015070900100059,2015년 7월 9일 03시,목요일,충청남도 논산시 채운면,중상사고,0,1,0,0,차량단독 - 공작물충돌,안전운전불이행,습기,비,교차로 - 교차로부근,승합,남,34세,상해없음,,,,
2015070900100074,2015년 7월 9일 05시,목요일,충청남도 홍성군 홍성읍,경상사고,0,0,2,0,차대차 - 측면직각충돌,중앙선침범,습기,비,단일로 - 기타,승용,남,39세,경상,승용,남,35세,경상
2015070900100087,2015년 7월 9일 06시,목요일,충청남도 공주시 유구읍,경상사고,0,0,1,0,차대차 - 측면직각충돌,중앙선침범,습기,비,단일로 - 기타,화물,남,50세,상해없음,승용,여,57세,경상
2015070900100104,2015년 7월 9일 07시,목요일,충청남도 청양군 화성면,경상사고,0,0,1,0,차대차 - 추돌 - 진행중,안전거리미확보,습기,비,단일로 - 기타,건설기계,남,32세,상해없음,승용,남,38세,경상
2015070900100167,2015년 7월 9일 09시,목요일,충청남도 보령시 화산동,중상사고,0,1,0,0,차대차 - 기타,직진우회전진행방해,습기,흐림,교차로 - 교차로안,화물,남,43세,상해없음,승용,남,52세,중상
2015070900100250,2015년 7월 9일 13시,목요일,충청남도 태안군 원북면,중상사고,0,1,0,0,차대차 - 기타,안전운전불이행,건조,맑음,교차로 - 교차로부근,이륜,남,73세,중상,승용,남,20세,상해없음
2015070900100307,2015년 7월 9일 15시,목요일,충청남도 천안시 서북구 쌍용동,중상사고,0,1,1,0,차대차 - 측면직각충돌,안전운전불이행,건조,맑음,단일로 - 기타,화물,남,31세,상해없음,승용,남,29세,중상
2015070900100308,2015년 7월 9일 15시,목요일,충청남도 논산시 연무읍,중상사고,0,1,0,0,차대차 - 기타,교차로운행방법위반,습기,흐림,교차로 - 교차로안,승용,여,52세,상해없음,이륜,남,16세,중상
2015070900100341,2015년 7월 9일 16시,목요일,충청남도 예산군 응봉면,중상사고,0,1,1,0,차대차 - 측면직각충돌,신호위반,건조,흐림,교차로 - 교차로안,승용,남,41세,경상,승용,남,44세,중상
2015070900100381,2015년 7월 9일 17시,목요일,충청남도 천안시 서북구 성환읍,경상사고,0,0,1,0,차대차 - 측면직각충돌,안전운전불이행,건조,맑음,단일로 - 기타,승용,남,43세,상해없음,승용,여,57세,경상
2015070900100382,2015년 7월 9일 17시,목요일,충청남도 아산시 배방읍,부상신고사고,0,0,0,1,차대사람 - 횡단중,안전운전불이행,건조,맑음,단일로 - 기타,승용,남,49세,상해없음,보행자,남,20세,부상신고
2015070900100383,2015년 7월 9일 17시,목요일,충청남도 보령시 대천동,경상사고,0,0,1,0,차대차 - 기타,안전운전불이행,습기,비,단일로 - 기타,이륜,남,56세,경상,승용,여,60세,상해없음
2015070900100421,2015년 7월 9일 18시,목요일,충청남도 아산시 기산동,부상신고사고,0,0,0,1,차대차 - 기타,안전운전불이행,건조,맑음,단일로 - 기타,화물,남,48세,상해없음,자전거,남,77세,부상신고
2015070900100423,2015년 7월 9일 18시,목요일,충청남도 당진시 송산면,경상사고,0,0,2,0,차대차 - 측면직각충돌,교차로운행방법위반,건조,맑음,교차로 - 교차로안,승용,남,25세,경상,승용,남,34세,경상
2015070900100457,2015년 7월 9일 19시,목요일,충청남도 금산군 금산읍,경상사고,0,0,1,0,차대차 - 측면직각충돌,교차로운행방법위반,건조,맑음,교차로 - 교차로부근,승용,여,59세,상해없음,자전거,남,8세,경상
2015070900100546,2015년 7월 9일 22시,목요일,충청남도 아산시 온천동,부상신고사고,0,0,0,1,차대차 - 기타,안전운전불이행,건조,맑음,교차로 - 교차로안,승용,남,40세,상해없음,원동기,남,41세,부상신고
2015070900100572,2015년 7월 9일 23시,목요일,충청남도 천안시 서북구 성정동,경상사고,0,0,2,0,차대차 - 측면직각충돌,안전거리미확보,건조,맑음,단일로 - 기타,승용,남,27세,상해없음,이륜,남,40세,기타불명
2015070900100573,2015년 7월 9일 23시,목요일,충청남도 천안시 동남구 신부동,중상사고,0,1,0,0,차대차 - 추돌 - 진행중,안전운전불이행,건조,맑음,단일로 - 기타,승용,남,48세,상해없음,이륜,남,28세,중상
2015071000100046,2015년 7월 10일 02시,금요일,충청남도 공주시 신관동,경상사고,0,0,1,0,차대차 - 측면직각충돌,신호위반,습기,비,교차로 - 교차로안,승용,여,36세,상해없음,승용,남,40세,경상
2015071000100096,2015년 7월 10일 06시,금요일,충청남도 당진시 면천면,중상사고,0,1,0,0,차대차 - 기타,안전운전불이행,건조,맑음,단일로 - 기타,승용,남,26세,상해없음,화물,남,41세,중상
2015071000100121,2015년 7월 10일 07시,금요일,충청남도 천안시 서북구 와촌동,경상사고,0,0,2,0,차대차 - 추돌 - 주정차중,안전운전불이행,건조,맑음,단일로 - 기타,승용,남,40세,상해없음,승용,남,18세,경상
2015071000100123,2015년 7월 10일 07시,금요일,충청남도 당진시 우두리,경상사고,0,0,2,0,차대차 - 기타,신호위반,건조,맑음,교차로 - 교차로안,승용,여,54세,상해없음,승용,여,38세,경상
2015071000100154,2015년 7월 10일 08시,금요일,충청남도 천안시 서북구 성정동,중상사고,0,1,0,0,차대차 - 측면직각충돌,신호위반,건조,맑음,단일로 - 기타,승용,남,58세,상해없음,자전거,여,8세,중상
2015071000100155,2015년 7월 10일 08시,금요일,충청남도 서천군 장항읍,중상사고,0,3,2,0,차대차 - 측면직각충돌,신호위반,건조,맑음,교차로 - 교차로안,승용,남,59세,경상,화물,남,32세,경상
2015071000100156,2015년 7월 10일 08시,금요일,충청남도 부여군 부여읍,경상사고,0,0,2,0,차대차 - 기타,교차로운행방법위반,건조,맑음,교차로 - 교차로안,승용,남,53세,경상,승용,여,33세,경상