사고번호,사고일시,요일,시군구,사고내용,사망자수,중상자수,경상자수,부상신고자수,사고유형,법규위반,노면상태,기상상태,도로형태,가해운전자 차종,가해운전자 성별,가해운전자 연령,가해운전자 상해정도,피해운전자 차종,피해운전자 성별,피해운전자 연령,피해운전자 상해정도
2015071400100542,2015년 7월 14일 20시,화요일,충청남도 아산시 용화동,중상사고,0,1,1,0,차대사람 - 횡단중,보행자보호의무위반,건조,맑음,교차로 - 교차로부근,원동기,남,30세,중상,보행자,여,65세,경상
2015071400100543,2015년 7월 14일 20시,화요일,충청남도 예산군 오가면,경상사고,0,0,4,0,차대차 - 측면직각충돌,불법유턴,건조,맑음,단일로 - 기타,승합,여,43세,경상,승용,여,54세,경상
2015071400100544,2015년 7월 14일 20시,화요일,충청남도 천안시 동남구 신부동,경상사고,0,0,1,0,차대차 - 측면직각충돌,신호위반,건조,맑음,교차로 - 교차로안,승용,남,19세,상해없음,승용,남,60세,경상
2015071400100610,2015년 7월 14일 22시,화요일,충청남도 천안시 서북구 백석동,경상사고,0,0,2,0,차대차 - 측면직각충돌,신호위반,건조,맑음,교차로 - 교차로안,승용,남,40세,상해없음,승용,여,27세,경상
2015071400100611,2015년 7월 14일 22시,화요일,충청남도 당진시 읍내리,경상사고,0,0,1,0,차대차 - 추돌 - 진행중,안전운전불이행,건조,맑음,단일로 - 기타,승용,남,25세,상해없음,승용,여,25세,경상
2015071400100639,2015년 7월 14일 23시,화요일,충청남도 천안시 서북구 백석동,중상사고,0,1,0,0,차대차 - 측면직각충돌,신호위반,건조,맑음,교차로 - 교차로안,승용,남,31세,상해없음,승용,여,32세,중상
2015071500100009,2015년 7월 15일 00시,수요일,충청남도 논산시 내동,중상사고,0,5,1,0,차대차 - 측면직각충돌,교차로운행방법위반,건조,맑음,교차로 - 교차로안,승용,남,22세,경상,승용,남,29세,중상
2015071500100028,2015년 7월 15일 01시,수요일,충청남도 아산시 온천동,경상사고,0,0,1,1,차대차 - 측면직각충돌,안전운전불이행,건조,맑음,교차로 - 교차로안,승용,남,54세,상해없음,승용,남,36세,부상신고
2015071500100057,2015년 7월 15일 04시,수요일,충청남도 공주시 신관동,중상사고,0,1,0,0,차량단독 - 공작물충돌,안전운전불이행,건조,맑음,단일로 - 기타,이륜,남,21세,중상,,,,
2015071500100064,2015년 7월 15일 05시,수요일,충청남도 아산시 장존동,경상사고,0,0,1,0,차대사람 - 길가장자리구역통행중,안전운전불이행,건조,맑음,단일로 - 기타,화물,남,72세,상해없음,보행자,여,76세,경상
2015071500100096,2015년 7월 15일 07시,수요일,충청남도 부여군 부여읍,중상사고,0,1,0,0,차대차 - 기타,기타,건조,맑음,교차로 - 교차로안,승용,남,53세,상해없음,자전거,여,61세,중상
2015071500100130,2015년 7월 15일 08시,수요일,충청남도 아산시 풍기동,중상사고,0,1,0,0,차대차 - 추돌 - 주정차중,안전운전불이행,건조,맑음,단일로 - 교량,승합,남,32세,상해없음,승용,여,25세,중상
2015071500100131,2015년 7월 15일 08시,수요일,충청남도 아산시 송악면,경상사고,0,0,1,0,차대차 - 측면직각충돌,안전운전불이행,건조,맑음,단일로 - 기타,승용,여,45세,상해없음,승용,여,56세,경상
2015071500100175,2015년 7월 15일 09시,수요일,충청남도 당진시 우두리,경상사고,0,0,2,0,차대차 - 추돌 - 주정차중,안전운전불이행,건조,맑음,단일로 - 기타,화물,남,48세,상해없음,화물,남,45세,상해없음
2015071500100176,2015년 7월 15일 09시,수요일,충청남도 천안시 동남구 원성동,경상사고,0,0,2,0,차대차 - 추돌 - 주정차중,안전운전불이행,건조,맑음,단일로 - 기타,승용,남,58세,상해없음,승용,남,63세,경상
2015071500100201,2015년 7월 15일 10시,수요일,충청남도 천안시 동남구 봉명동,경상사고,0,0,1,0,차대차 - 추돌 - 진행중,안전운전불이행,건조,맑음,교차로 - 교차로안,승용,남,54세,상해없음,승용,여,36세,경상
2015071500100234,2015년 7월 15일 11시,수요일,충청남도 천안시 동남구 영성동,경상사고,0,0,1,0,차대사람 - 횡단중,안전운전불이행,건조,맑음,단일로 - 기타,이륜,남,49세,상해없음,보행자,여,20세,경상
2015071500100270,2015년 7월 15일 12시,수요일,충청남도 천안시 동남구 다가동,경상사고,0,0,1,0,차대차 - 기타,안전운전불이행,건조,맑음,단일로 - 기타,화물,남,39세,상해없음,화물,남,31세,경상
2015071500100455,2015년 7월 15일 17시,수요일,충청남도 예산군 덕산면,경상사고,0,0,3,0,차대차 - 기타,안전운전불이행,건조,맑음,교차로 - 교차로안,승용,남,29세,경상,승용,여,51세,경상
2015071500100458,2015년 7월 15일 17시,수요일,충청남도 당진시 송악읍,중상사고,0,1,0,0,차대차 - 측면직각충돌,안전운전불이행,건조,맑음,단일로 - 기타,화물,남,43세,상해없음,승용,여,43세,중상
2015071500100517,2015년 7월 15일 18시,수요일,충청남도 논산시 강경읍,경상사고,0,0,2,0,차대차 - 측면직각충돌,교차로운행방법위반,건조,맑음,교차로 - 교차로안,승용,여,39세,상해없음,승용,남,23세,경상
2015071500100518,2015년 7월 15일 18시,수요일,충청남도 아산시 송악면,중상사고,0,1,0,0,차대차 - 추돌 - 진행중,안전운전불이행,건조,맑음,단일로 - 기타,승용,남,35세,상해없음,원동기,남,18세,중상
2015071500100554,2015년 7월 15일 19시,수요일,충청남도 예산군 오가면,경상사고,0,0,2,0,차대차 - 추돌 - 진행중,안전운전불이행,건조,맑음,단일로 - 기타,승용,남,36세,상해없음,승용,남,66세,경상
2015071500100555,2015년 7월 15일 19시,수요일,충청남도 천안시 동남구 원성동,중상사고,0,1,1,0,차대차 - 추돌 - 진행중,안전운전불이행,건조,맑음,교차로 - 교차로부근,승용,남,63세,상해없음,승용,남,35세,중상
2015071500100556,2015년 7월 15일 19시,수요일,충청남도 천안시 서북구 입장면,경상사고,0,0,1,0,차대차 - 기타,안전운전불이행,건조,맑음,단일로 - 기타,특수,남,33세,상해없음,승합,남,32세,기타불명
2015071500100590,2015년 7월 15일 20시,수요일,충청남도 당진시 신평면,경상사고,0,0,1,0,차대사람 - 길가장자리구역통행중,안전운전불이행,건조,맑음,단일로 - 기타,원동기,남,22세,상해없음,보행자,여,64세,경상
2015071500100633,2015년 7월 15일 21시,수요일,충청남도 당진시 원당리,경상사고,0,0,1,0,차대차 - 기타,안전운전불이행,건조,맑음,교차로 - 교차로부근,승용,여,52세,상해없음,원동기,남,33세,경상
2015071500100662,2015년 7월 15일 22시,수요일,충청남도 아산시 온천동,경상사고,0,0,1,0,차대사람 - 기타,보행자보호의무위반,건조,맑음,교차로 - 교차로안,승용,남,31세,상해없음,보행자,남,52세,경상
2015071500100663,2015년 7월 15일 22시,수요일,충청남도 금산군 금산읍,경상사고,0,0,1,0,차대차 - 측면직각충돌,신호위반,건조,맑음,교차로 - 교차로안,승용,남,40세,상해없음,승용,여,33세,경상
2015071600100013,2015년 7월 16일 00시,목요일,충청남도 논산시 상월면,경상사고,0,0,1,0,차대차 - 측면직각충돌,신호위반,건조,맑음,교차로 - 교차로안,승용,여,34세,상해없음,승용,여,36세,경상
2015071600100028,2015년 7월 16일 01시,목요일,충청남도 서천군 장항읍,중상사고,0,2,2,0,차대차 - 기타,안전운전불이행,건조,맑음,단일로 - 기타,승용,여,31세,경상,화물,남,45세,상해없음
2015071600100059,2015년 7월 16일 05시,목요일,충청남도 태안군 태안읍,중상사고,0,1,1,0,차대차 - 기타,신호위반,건조,맑음,교차로 - 교차로안,승용,남,46세,중상,승용,남,47세,경상
2015071600100060,2015년 7월 16일 05시,목요일,충청남도 당진시 송악읍,경상사고,0,0,1,0,차대차 - 측면직각충돌,신호위반,건조,맑음,교차로 - 교차로안,승용,남,25세,상해없음,화물,남,50세,경상
2015071600100134,2015년 7월 16일 08시,목요일,충청남도 천안시 서북구 입장면,중상사고,0,1,0,0,차대차 - 정면충돌,중앙선침범,건조,맑음,단일로 - 기타,승용,남,28세,상해없음,화물,남,44세,중상
2015071600100173,2015년 7월 16일 09시,목요일,충청남도 예산군 고덕면,사망사고,1,0,0,0,차대차 - 기타,안전운전불이행,건조,맑음,단일로 - 기타,이륜,여,55세,상해없음,이륜,남,78세,사망
2015071600100202,2015년 7월 16일 10시,목요일,충청남도 천안시 서북구 성환읍,중상사고,0,1,0,0,차대차 - 기타,안전운전불이행,건조,맑음,단일로 - 기타,승용,여,44세,상해없음,원동기,남,79세,중상
2015071600100235,2015년 7월 16일 11시,목요일,충청남도 서산시 읍내동,부상신고사고,0,0,0,1,차대차 - 측면직각충돌,불법유턴,건조,맑음,교차로 - 교차로안,자전거,남,59세,부상신고,승용,남,67세,상해없음
2015071600100267,2015년 7월 16일 12시,목요일,충청남도 서산시 예천동,경상사고,0,0,1,0,차대차 - 측면직각충돌,안전운전불이행,건조,맑음,교차로 - 교차로부근,승용,여,35세,상해없음,승용,남,42세,상해없음
2015071600100268,2015년 7월 16일 12시,목요일,충청남도 예산군 대술면,경상사고,0,0,1,0,차대차 - 기타,신호위반,건조,맑음,교차로 - 교차로안,화물,남,57세,상해없음,승용,남,52세,경상
2015071600100294,2015년 7월 16일 13시,목요일,충청남도 서산시 지곡면,부상신고사고,0,0,0,1,차량단독 - 공작물충돌,안전운전불이행,건조,맑음,교차로 - 교차로안,승용,여,54세,부상신고,,,,
2015071600100295,2015년 7월 16일 13시,목요일,충청남도 청양군 화성면,경상사고,0,0,1,0,차대차 - 추돌 - 주정차중,안전운전불이행,건조,맑음,단일로 - 기타,화물,남,60세,상해없음,승용,남,53세,경상
2015071600100296,2015년 7월 16일 13시,목요일,충청남도 천안시 동남구 사직동,경상사고,0,0,1,0,차대차 - 기타,안전운전불이행,건조,맑음,교차로 - 교차로안,기타불명,기타불명,기타불명,기타불명,자전거,남,61세,경상
2015071600100367,2015년 7월 16일 15시,목요일,충청남도 서산시 수석동,중상사고,0,1,0,0,차대차 - 측면직각충돌,신호위반,건조,맑음,교차로 - 교차로안,승용,남,52세,중상,승합,남,46세,상해없음
2015071600100368,2015년 7월 16일 15시,목요일,충청남도 서천군 서천읍,중상사고,0,1,1,0,차대차 - 측면직각충돌,직진우회전진행방해,건조,맑음,교차로 - 교차로안,승용,남,63세,상해없음,화물,남,37세,경상
2015071600100401,2015년 7월 16일 16시,목요일,충청남도 서산시 동문동,경상사고,0,0,2,0,차대차 - 추돌 - 진행중,안전거리미확보,건조,맑음,단일로 - 기타,승용,남,30세,상해없음,승용,여,43세,경상
2015071600100498,2015년 7월 16일 18시,목요일,충청남도 천안시 서북구 성정동,경상사고,0,0,1,0,차대차 - 추돌 - 주정차중,안전운전불이행,건조,맑음,교차로 - 교차로부근,승용,여,48세,기타불명,승용,남,48세,경상
2015071600100499,2015년 7월 16일 18시,목요일,충청남도 논산시 내동,중상사고,0,1,0,0,차대차 - 정면충돌,교차로운행방법위반,건조,맑음,교차로 - 교차로안,승용,여,55세,상해없음,이륜,남,68세,중상
2015071600100543,2015년 7월 16일 19시,목요일,충청남도 천안시 서북구 백석동,경상사고,0,0,1,0,차대차 - 추돌 - 진행중,안전운전불이행,건조,맑음,단일로 - 기타,승용,남,58세,상해없음,승용,남,29세,경상
2015071600100544,2015년 7월 16일 19시,목요일,충청남도 서천군 서천읍,중상사고,0,1,0,0,차대차 - 측면직각충돌,안전운전불이행,건조,맑음,교차로 - 교차로안,화물,남,22세,상해없음,승용,여,53세,중상
2015071600100545,2015년 7월 16일 19시,목요일,충청남도 부여군 은산면,중상사고,0,1,0,0,차대차 - 추돌 - 진행중,안전운전불이행,건조,맑음,단일로 - 기타,승용,여,54세,상해없음,이륜,남,74세,중상
2015071600100614,2015년 7월 16일 21시,목요일,충청남도 천안시 동남구 병천면,중상사고,0,1,0,0,차량단독 - 전도전복,안전운전불이행,건조,맑음,단일로 - 기타,이륜,남,52세,중상,,,,
2015071600100649,2015년 7월 16일 22시,목요일,충청남도 서산시 읍내동,경상사고,0,0,1,1,차대차 - 정면충돌,신호위반,건조,맑음,교차로 - 교차로안,승용,남,25세,부상신고,승용,남,18세,경상
2015071600100650,2015년 7월 16일 22시,목요일,충청남도 아산시 탕정면,경상사고,0,0,1,0,차대차 - 측면직각충돌,신호위반,건조,맑음,교차로 - 교차로안,승용,남,26세,상해없음,승용,남,49세,경상
2015071600100681,2015년 7월 16일 23시,목요일,충청남도 태안군 남면,중상사고,0,2,3,0,차대차 - 추돌 - 진행중,안전거리미확보,건조,맑음,단일로 - 기타,승용,남,28세,경상,화물,남,54세,중상
2015071600100682,2015년 7월 16일 23시,목요일,충청남도 공주시 옥룡동,중상사고,0,1,1,0,차대차 - 추돌 - 진행중,안전운전불이행,건조,맑음,단일로 - 기타,승용,여,41세,상해없음,승용,남,29세,중상
2015071700100011,2015년 7월 17일 00시,금요일,충청남도 태안군 태안읍,경상사고,0,0,1,0,차대차 - 측면직각충돌,교차로운행방법위반,건조,맑음,교차로 - 교차로안,승용,여,42세,경상,승용,남,27세,상해없음
2015071700100024,2015년 7월 17일 01시,금요일,충청남도 공주시 봉정동,중상사고,0,1,5,0,차대차 - 측면직각충돌,안전운전불이행,건조,맑음,기타 - 기타,승용,남,20세,상해없음,특수,남,45세,상해없음
2015071700100087,2015년 7월 17일 07시,금요일,충청남도 부여군 부여읍,중상사고,0,1,2,0,차대차 - 추돌 - 주정차중,안전운전불이행,건조,맑음,교차로 - 교차로부근,승용,남,71세,상해없음,승용,남,67세,경상
2015071700100088,2015년 7월 17일 07시,금요일,충청남도 천안시 동남구 청수동,중상사고,0,1,0,0,차대차 - 기타,안전운전불이행,건조,맑음,단일로 - 기타,승용,여,44세,상해없음,승용,남,67세,중상
2015071700100125,2015년 7월 17일 08시,금요일,충청남도 천안시 서북구 부대동,경상사고,0,0,2,0,차대차 - 정면충돌,중앙선침범,건조,맑음,단일로 - 기타,승용,여,57세,상해없음,승용,남,44세,경상
2015071700100126,2015년 7월 17일 08시,금요일,충청남도 예산군 예산읍,경상사고,0,0,1,0,차대차 - 기타,안전운전불이행,건조,맑음,단일로 - 기타,승용,남,36세,상해없음,승용,남,30세,경상
2015071700100127,2015년 7월 17일 08시,금요일,충청남도 금산군 금성면,중상사고,0,1,0,0,차대사람 - 횡단중,안전운전불이행,건조,맑음,단일로 - 기타,승용,남,54세,상해없음,보행자,여,84세,중상
2015071700100203,2015년 7월 17일 10시,금요일,충청남도 공주시 옥룡동,중상사고,0,1,0,0,차대사람 - 횡단중,보행자보호의무위반,건조,맑음,단일로 - 횡단보도상,승용,여,19세,상해없음,보행자,여,65세,중상
2015071700100226,2015년 7월 17일 11시,금요일,충청남도 아산시 둔포면,사망사고,1,0,1,0,차대차 - 추돌 - 진행중,안전거리미확보,건조,맑음,단일로 - 기타,화물,남,70세,사망,승용,남,44세,경상
2015071700100257,2015년 7월 17일 12시,금요일,충청남도 천안시 서북구 직산읍,중상사고,0,1,0,0,차대차 - 기타,안전거리미확보,건조,맑음,단일로 - 기타,화물,남,44세,상해없음,원동기,남,50세,중상
2015071700100258,2015년 7월 17일 12시,금요일,충청남도 공주시 월송동,사망사고,1,0,1,0,차대차 - 추돌 - 진행중,안전운전불이행,건조,맑음,단일로 - 기타,승용,남,69세,기타불명,화물,남,73세,경상
2015071700100283,2015년 7월 17일 13시,금요일,충청남도 예산군 삽교읍,경상사고,0,0,1,0,차대차 - 추돌 - 진행중,안전운전불이행,건조,맑음,교차로 - 교차로부근,승용,여,28세,상해없음,이륜,남,46세,경상
2015071700100284,2015년 7월 17일 13시,금요일,충청남도 부여군 홍산면,중상사고,0,1,0,0,차량단독 - 공작물충돌,안전운전불이행,건조,맑음,단일로 - 기타,화물,남,63세,상해없음,,,,
2015071700100315,2015년 7월 17일 14시,금요일,충청남도 논산시 연무읍,중상사고,0,1,0,0,차대차 - 기타,안전운전불이행,건조,맑음,단일로 - 기타,화물,남,38세,상해없음,이륜,남,59세,중상
2015071700100316,2015년 7월 17일 14시,금요일,충청남도 아산시 탕정면,부상신고사고,0,0,0,1,차대차 - 기타,차로위반,건조,맑음,단일로 - 기타,승용,여,46세,부상신고,승합,남,49세,상해없음
2015071700100317,2015년 7월 17일 14시,금요일,충청남도 청양군 청양읍,중상사고,0,1,0,0,차대사람 - 기타,안전운전불이행,건조,맑음,교차로 - 교차로부근,자전거,남,18세,상해없음,보행자,여,60세,중상
2015071700100352,2015년 7월 17일 15시,금요일,충청남도 아산시 둔포면,부상신고사고,0,0,0,1,차대차 - 기타,안전운전불이행,건조,맑음,교차로 - 교차로안,승용,남,75세,부상신고,승용,남,35세,상해없음
2015071700100353,2015년 7월 17일 15시,금요일,충청남도 예산군 응봉면,경상사고,0,0,2,0,차대차 - 측면직각충돌,신호위반,건조,맑음,교차로 - 교차로안,승용,남,43세,상해없음,승용,남,33세,경상
2015071700100395,2015년 7월 17일 16시,금요일,충청남도 서산시 읍내동,경상사고,0,0,1,0,차대차 - 측면직각충돌,직진우회전진행방해,건조,맑음,교차로 - 교차로안,원동기,남,64세,경상,승용,남,40세,상해없음
2015071700100396,2015년 7월 17일 16시,금요일,충청남도 천안시 서북구 성정동,경상사고,0,0,1,0,차대차 - 측면직각충돌,안전거리미확보,건조,맑음,교차로 - 교차로부근,승용,남,42세,상해없음,승용,남,38세,경상
2015071700100397,2015년 7월 17일 16시,금요일,충청남도 천안시 서북구 불당동,중상사고,0,1,0,0,차대차 - 측면직각충돌,교차로운행방법위반,건조,맑음,교차로 - 교차로부근,화물,남,67세,상해없음,승용,여,50세,중상
2015071700100398,2015년 7월 17일 16시,금요일,충청남도 아산시 인주면,경상사고,0,0,1,0,차대차 - 기타,안전운전불이행,건조,맑음,단일로 - 기타,승용,남,74세,경상,화물,남,58세,상해없음
2015071700100400,2015년 7월 17일 16시,금요일,충청남도 부여군 부여읍,경상사고,0,0,1,0,차대차 - 추돌 - 주정차중,안전운전불이행,건조,맑음,단일로 - 기타,이륜,남,67세,상해없음,승용,여,35세,상해없음
2015071700100401,2015년 7월 17일 16시,금요일,충청남도 당진시 면천면,경상사고,0,0,1,0,차대차 - 측면직각충돌,교차로운행방법위반,건조,맑음,교차로 - 교차로안,승용,남,56세,상해없음,승용,남,43세,경상
2015071700100402,2015년 7월 17일 16시,금요일,충청남도 청양군 청남면,부상신고사고,0,0,0,1,차량단독 - 전도전복,안전운전불이행,건조,맑음,단일로 - 기타,이륜,남,74세,부상신고,,,,
2015071700100447,2015년 7월 17일 17시,금요일,충청남도 서산시 읍내동,중상사고,0,1,0,0,차대차 - 기타,안전운전불이행,건조,맑음,단일로 - 기타,승합,남,49세,상해없음,자전거,남,14세,중상
2015071700100448,2015년 7월 17일 17시,금요일,충청남도 태안군 안면읍,중상사고,0,1,0,0,차대차 - 추돌 - 주정차중,안전거리미확보,건조,맑음,단일로 - 기타,승용,남,42세,상해없음,화물,남,53세,중상
2015071700100532,2015년 7월 17일 19시,금요일,충청남도 홍성군 홍성읍,경상사고,0,0,2,0,차대차 - 측면직각충돌,안전운전불이행,건조,맑음,단일로 - 기타,승용,여,47세,상해없음,승용,여,34세,경상
2015071700100603,2015년 7월 17일 21시,금요일,충청남도 계룡시 엄사면,경상사고,0,0,2,0,차대차 - 측면직각충돌,차로위반,건조,맑음,단일로 - 기타,승용,여,37세,상해없음,이륜,남,17세,경상
2015071700100679,2015년 7월 17일 23시,금요일,충청남도 아산시 신창면,중상사고,0,2,2,0,차대차 - 기타,신호위반,건조,맑음,교차로 - 교차로안,원동기,남,17세,중상,승용,남,30세,경상
2015071700100680,2015년 7월 17일 23시,금요일,충청남도 당진시 신평면,경상사고,0,0,1,0,차대차 - 측면직각충돌,안전운전불이행,건조,맑음,교차로 - 교차로안,승용,남,46세,상해없음,승용,남,45세,경상
2015071800100038,2015년 7월 18일 01시,토요일,충청남도 서산시 읍내동,경상사고,0,0,1,0,차대차 - 측면직각충돌,교차로운행방법위반,건조,맑음,교차로 - 교차로안,원동기,남,16세,경상,승용,남,55세,상해없음
2015071800100055,2015년 7월 18일 02시,토요일,충청남도 태안군 남면,중상사고,0,2,0,0,차량단독 - 기타,안전운전불이행,건조,맑음,단일로 - 기타,원동기,남,22세,중상,,,,
2015071800100076,2015년 7월 18일 04시,토요일,충청남도 태안군 원북면,중상사고,0,1,0,0,차량단독 - 도로외이탈 - 추락,안전운전불이행,건조,맑음,단일로 - 기타,이륜,남,20세,중상,,,,
2015071800100124,2015년 7월 18일 07시,토요일,충청남도 보령시 대천동,중상사고,0,1,0,0,차대차 - 추돌 - 진행중,직진우회전진행방해,건조,맑음,교차로 - 교차로부근,화물,기타불명,기타불명,기타불명,자전거,남,67세,중상
2015071800100145,2015년 7월 18일 08시,토요일,충청남도 계룡시 두마면,사망사고,1,0,0,0,차대사람 - 차도통행중,안전운전불이행,건조,맑음,교차로 - 교차로안,화물,남,30세,상해없음,보행자,남,82세,사망
2015071800100201,2015년 7월 18일 10시,토요일,충청남도 아산시 실옥동,중상사고,0,1,0,0,차대차 - 기타,안전운전불이행,건조,맑음,교차로 - 교차로안,승용,남,21세,상해없음,승용,여,24세,중상
2015071800100231,2015년 7월 18일 11시,토요일,충청남도 홍성군 갈산면,중상사고,0,1,0,0,차량단독 - 기타,안전운전불이행,건조,맑음,단일로 - 기타,이륜,남,90세 이상,중상,,,,
2015071800100232,2015년 7월 18일 11시,토요일,충청남도 아산시 인주면,중상사고,0,2,3,0,차대차 - 측면직각충돌,직진우회전진행방해,건조,맑음,교차로 - 교차로안,승용,남,28세,상해없음,승합,남,45세,중상
2015071800100233,2015년 7월 18일 11시,토요일,충청남도 천안시 서북구 성거읍,중상사고,0,4,0,0,차량단독 - 도로외이탈 - 추락,안전거리미확보,건조,맑음,단일로 - 기타,승용,남,30세,중상,,,,
2015071800100273,2015년 7월 18일 12시,토요일,충청남도 논산시 대교동,중상사고,0,1,1,0,차대차 - 측면직각충돌,직진우회전진행방해,건조,맑음,교차로 - 교차로안,승용,남,47세,경상,승용,남,59세,중상
2015071800100274,2015년 7월 18일 12시,토요일,충청남도 천안시 동남구 삼룡동,경상사고,0,0,1,0,차대차 - 추돌 - 주정차중,안전운전불이행,건조,맑음,단일로 - 기타,승용,남,48세,상해없음,승용,남,55세,경상
2015071800100299,2015년 7월 18일 13시,토요일,충청남도 청양군 청양읍,경상사고,0,0,1,0,차대차 - 기타,안전운전불이행,건조,맑음,단일로 - 기타,승용,여,45세,상해없음,승용,여,46세,경상
2015071800100339,2015년 7월 18일 14시,토요일,충청남도 서산시 동문동,경상사고,0,0,2,0,차대차 - 측면직각충돌,안전운전불이행,건조,맑음,교차로 - 교차로안,승용,여,42세,상해없음,승용,여,44세,경상
2015071800100340,2015년 7월 18일 14시,토요일,충청남도 홍성군 홍성읍,경상사고,0,0,1,0,차량단독 - 기타,안전운전불이행,건조,맑음,단일로 - 기타,자전거,남,43세,경상,,,,
2015071800100370,2015년 7월 18일 15시,토요일,충청남도 아산시 둔포면,경상사고,0,0,1,0,차대차 - 측면직각충돌,안전운전불이행,건조,맑음,교차로 - 교차로안,원동기,남,15세,상해없음,승용,여,54세,경상
2015071800100406,2015년 7월 18일 16시,토요일,충청남도 태안군 안면읍,경상사고,0,0,1,0,차대차 - 측면직각충돌,안전거리미확보,건조,맑음,단일로 - 기타,승용,남,49세,상해없음,승용,남,33세,상해없음
2015071800100407,2015년 7월 18일 16시,토요일,충청남도 공주시 유구읍,경상사고,0,0,1,0,차대차 - 측면직각충돌,중앙선침범,건조,맑음,단일로 - 기타,화물,여,44세,상해없음,자전거,남,70세,경상
2015071800100442,2015년 7월 18일 17시,토요일,충청남도 보령시 동대동,중상사고,0,3,1,0,차대차 - 측면직각충돌,신호위반,건조,맑음,교차로 - 교차로안,승용,남,53세,상해없음,승용,여,36세,중상
2015071800100478,2015년 7월 18일 18시,토요일,충청남도 서산시 동문동,중상사고,0,1,0,0,차대차 - 측면직각충돌,직진우회전진행방해,습기,비,교차로 - 교차로안,이륜,남,77세,중상,승용,남,41세,상해없음
2015071800100479,2015년 7월 18일 18시,토요일,충청남도 천안시 서북구 불당동,경상사고,0,0,2,0,차대차 - 추돌 - 진행중,안전운전불이행,건조,맑음,교차로 - 교차로부근,승용,남,25세,상해없음,승용,여,41세,경상
2015071800100575,2015년 7월 18일 21시,토요일,충청남도 보령시 웅천읍,경상사고,0,0,1,0,차대차 - 추돌 - 주정차중,안전거리미확보,건조,맑음,단일로 - 기타,승용,여,57세,상해없음,승용,남,45세,경상
2015071800100606,2015년 7월 18일 22시,토요일,충청남도 부여군 부여읍,중상사고,0,4,0,0,차대차 - 기타,안전운전불이행,건조,맑음,교차로 - 교차로안,승용,남,56세,상해없음,승용,남,44세,중상
2015071900100009,2015년 7월 19일 00시,일요일,충청남도 아산시 용화동,경상사고,0,0,1,0,차대차 - 측면직각충돌,신호위반,습기,흐림,교차로 - 교차로안,승용,남,33세,상해없음,승용,남,51세,경상
2015071900100046,2015년 7월 19일 02시,일요일,충청남도 보령시 신흑동,경상사고,0,0,1,0,차대사람 - 기타,안전운전불이행,건조,맑음,단일로 - 기타,승용,남,34세,상해없음,보행자,남,23세,경상
2015071900100076,2015년 7월 19일 04시,일요일,충청남도 부여군 부여읍,경상사고,0,0,1,0,차량단독 - 공작물충돌,안전운전불이행,건조,맑음,교차로 - 교차로안,승용,남,23세,경상,,,,
2015071900100077,2015년 7월 19일 04시,일요일,충청남도 청양군 운곡면,경상사고,0,0,2,0,차량단독 - 기타,안전운전불이행,습기,비,단일로 - 기타,승용,남,23세,경상,,,,
2015071900100093,2015년 7월 19일 05시,일요일,충청남도 보령시 신흑동,경상사고,0,0,1,0,차대차 - 추돌 - 주정차중,안전운전불이행,습기,비,교차로 - 교차로안,승용,남,26세,기타불명,승용,남,30세,경상
2015071900100104,2015년 7월 19일 06시,일요일,충청남도 천안시 서북구 성환읍,중상사고,0,1,0,0,차대차 - 기타,안전운전불이행,습기,비,단일로 - 기타,승용,남,54세,상해없음,원동기,여,67세,중상
2015071900100117,2015년 7월 19일 07시,일요일,충청남도 서천군 서면,경상사고,0,0,4,0,차대차 - 기타,직진우회전진행방해,건조,맑음,교차로 - 교차로안,승용,남,48세,경상,화물,여,50세,경상
2015071900100171,2015년 7월 19일 10시,일요일,충청남도 계룡시 두마면,중상사고,0,1,0,0,차대사람 - 횡단중,과속,건조,맑음,단일로 - 횡단보도상,승용,남,31세,상해없음,보행자,남,43세,중상
2015071900100193,2015년 7월 19일 11시,일요일,충청남도 서산시 성연면,중상사고,0,3,1,0,차대차 - 기타,중앙선침범,건조,맑음,교차로 - 교차로부근,건설기계,남,57세,경상,화물,남,66세,중상
2015071900100314,2015년 7월 19일 15시,일요일,충청남도 서산시 수석동,경상사고,0,0,1,0,차대차 - 측면직각충돌,신호위반,건조,맑음,교차로 - 교차로안,화물,남,45세,상해없음,승용,남,59세,경상
2015071900100315,2015년 7월 19일 15시,일요일,충청남도 천안시 동남구 청수동,경상사고,0,0,5,0,차대차 - 추돌 - 주정차중,안전운전불이행,건조,맑음,교차로 - 교차로부근,승용,남,54세,상해없음,승용,남,36세,경상
2015071900100352,2015년 7월 19일 16시,일요일,충청남도 천안시 동남구 봉명동,중상사고,0,1,0,0,차량단독 - 기타,안전운전불이행,건조,맑음,단일로 - 기타,승합,남,45세,상해없음,,,,
2015071900100353,2015년 7월 19일 16시,일요일,충청남도 금산군 금성면,경상사고,0,0,1,0,차대차 - 측면직각충돌,안전운전불이행,건조,맑음,단일로 - 기타,승용,남,69세,상해없음,승용,남,41세,상해없음