사고번호,사고일시,요일,시군구,사고내용,사망자수,중상자수,경상자수,부상신고자수,사고유형,법규위반,노면상태,기상상태,도로형태,가해운전자 차종,가해운전자 성별,가해운전자 연령,가해운전자 상해정도,피해운전자 차종,피해운전자 성별,피해운전자 연령,피해운전자 상해정도
2015071900100388,2015년 7월 19일 17시,일요일,충청남도 태안군 태안읍,중상사고,0,1,0,0,차대차 - 정면충돌,중앙선침범,건조,맑음,단일로 - 기타,승용,남,36세,상해없음,화물,남,78세,상해없음
2015071900100389,2015년 7월 19일 17시,일요일,충청남도 논산시 양촌면,중상사고,0,1,0,0,차량단독 - 공작물충돌,안전운전불이행,건조,맑음,단일로 - 기타,원동기,남,45세,중상,,,,
2015071900100421,2015년 7월 19일 18시,일요일,충청남도 당진시 석문면,사망사고,1,1,0,0,차대차 - 정면충돌,중앙선침범,건조,맑음,단일로 - 기타,승용,남,59세,중상,승용,남,53세,사망
2015071900100423,2015년 7월 19일 18시,일요일,충청남도 천안시 서북구 입장면,경상사고,0,0,2,0,차대차 - 기타,안전운전불이행,건조,맑음,단일로 - 기타,승용,남,46세,상해없음,승용,남,22세,경상
2015071900100451,2015년 7월 19일 19시,일요일,충청남도 아산시 온천동,중상사고,0,1,0,0,차대사람 - 횡단중,안전운전불이행,건조,맑음,교차로 - 교차로부근,승용,남,50세,상해없음,보행자,여,52세,중상
2015071900100520,2015년 7월 19일 22시,일요일,충청남도 천안시 동남구 원성동,중상사고,0,1,0,0,차대차 - 측면직각충돌,직진우회전진행방해,건조,맑음,교차로 - 교차로안,이륜,남,54세,상해없음,승용,남,42세,상해없음
2015071900100540,2015년 7월 19일 23시,일요일,충청남도 천안시 서북구 성정동,경상사고,0,0,1,0,차대차 - 정면충돌,신호위반,건조,맑음,교차로 - 교차로안,원동기,남,30세,경상,승용,남,52세,상해없음
2015072000100048,2015년 7월 20일 04시,월요일,충청남도 당진시 송산면,중상사고,0,1,0,0,차대차 - 정면충돌,중앙선침범,건조,맑음,단일로 - 기타,화물,남,38세,상해없음,건설기계,남,48세,중상
2015072000100049,2015년 7월 20일 04시,월요일,충청남도 금산군 금산읍,경상사고,0,0,1,0,차대차 - 측면직각충돌,신호위반,건조,맑음,교차로 - 교차로안,승용,남,48세,상해없음,승용,남,25세,경상
2015072000100056,2015년 7월 20일 05시,월요일,충청남도 서산시 동문동,경상사고,0,0,1,0,차대차 - 측면직각충돌,안전운전불이행,건조,맑음,단일로 - 기타,화물,남,65세,기타불명,자전거,남,61세,경상
2015072000100065,2015년 7월 20일 06시,월요일,충청남도 보령시 주교면,중상사고,0,1,0,0,차대차 - 측면직각충돌,직진우회전진행방해,건조,맑음,교차로 - 교차로안,승용,남,63세,중상,승용,남,52세,상해없음
2015072000100066,2015년 7월 20일 06시,월요일,충청남도 보령시 명천동,중상사고,0,1,0,0,차대차 - 기타,안전운전불이행,습기,비,교차로 - 교차로부근,원동기,남,70세,중상,승용,남,64세,상해없음
2015072000100082,2015년 7월 20일 07시,월요일,충청남도 청양군 청양읍,중상사고,0,2,1,0,차대차 - 측면직각충돌,중앙선침범,건조,맑음,단일로 - 기타,화물,남,64세,상해없음,화물,남,56세,중상
2015072000100156,2015년 7월 20일 09시,월요일,충청남도 공주시 신관동,중상사고,0,1,0,0,차대차 - 측면직각충돌,신호위반,건조,흐림,교차로 - 교차로안,승용,여,40세,기타불명,승용,남,28세,중상
2015072000100187,2015년 7월 20일 10시,월요일,충청남도 천안시 동남구 광덕면,경상사고,0,0,3,0,차대차 - 추돌 - 주정차중,안전운전불이행,건조,맑음,단일로 - 기타,화물,남,36세,상해없음,승용,남,52세,경상
2015072000100229,2015년 7월 20일 11시,월요일,충청남도 부여군 규암면,사망사고,1,0,0,0,차대사람 - 길가장자리구역통행중,교차로운행방법위반,건조,맑음,단일로 - 기타,화물,남,34세,상해없음,보행자,남,50세,사망
2015072000100270,2015년 7월 20일 12시,월요일,충청남도 태안군 남면,중상사고,0,1,0,0,차량단독 - 도로외이탈 - 추락,안전운전불이행,건조,맑음,단일로 - 기타,승용,여,54세,상해없음,,,,
2015072000100271,2015년 7월 20일 12시,월요일,충청남도 천안시 서북구 성정동,중상사고,0,1,0,0,차대차 - 추돌 - 주정차중,안전운전불이행,건조,맑음,단일로 - 기타,화물,남,43세,상해없음,승용,남,28세,중상
2015072000100272,2015년 7월 20일 12시,월요일,충청남도 보령시 명천동,경상사고,0,0,2,0,차대차 - 정면충돌,중앙선침범,건조,맑음,단일로 - 기타,승용,여,55세,상해없음,승용,남,50세,경상
2015072000100339,2015년 7월 20일 14시,월요일,충청남도 천안시 서북구 성정동,경상사고,0,0,1,0,차대차 - 추돌 - 주정차중,안전운전불이행,건조,맑음,단일로 - 기타,원동기,남,59세,상해없음,승용,남,25세,경상
2015072000100340,2015년 7월 20일 14시,월요일,충청남도 보령시 대천동,경상사고,0,0,3,0,차대차 - 추돌 - 주정차중,안전운전불이행,건조,맑음,교차로 - 교차로부근,화물,남,69세,상해없음,승용,남,50세,경상
2015072000100380,2015년 7월 20일 15시,월요일,충청남도 보령시 대천동,중상사고,0,1,0,0,차대사람 - 보도통행중,보행자보호의무위반,건조,맑음,단일로 - 기타,승합,남,65세,상해없음,보행자,남,81세,중상
2015072000100412,2015년 7월 20일 16시,월요일,충청남도 서산시 석림동,부상신고사고,0,0,0,1,차대차 - 추돌 - 주정차중,안전운전불이행,건조,맑음,교차로 - 교차로부근,이륜,남,65세,부상신고,승용,남,40세,기타불명
2015072000100413,2015년 7월 20일 16시,월요일,충청남도 논산시 취암동,중상사고,0,2,0,0,차대차 - 측면직각충돌,교차로운행방법위반,건조,맑음,교차로 - 교차로안,이륜,남,65세,중상,승용,여,34세,상해없음
2015072000100446,2015년 7월 20일 17시,월요일,충청남도 보령시 신흑동,중상사고,0,2,0,0,차대차 - 추돌 - 진행중,중앙선침범,건조,맑음,단일로 - 기타,승용,남,51세,상해없음,승용,여,57세,중상
2015072000100448,2015년 7월 20일 17시,월요일,충청남도 천안시 동남구 원성동,경상사고,0,0,1,0,차대사람 - 횡단중,안전운전불이행,건조,맑음,단일로 - 기타,승용,여,46세,상해없음,보행자,남,30세,경상
2015072000100491,2015년 7월 20일 18시,월요일,충청남도 아산시 신창면,경상사고,0,0,1,0,차대사람 - 횡단중,기타,건조,맑음,단일로 - 기타,승용,여,24세,상해없음,보행자,남,4세,경상
2015072000100492,2015년 7월 20일 18시,월요일,충청남도 아산시 권곡동,경상사고,0,0,1,0,차대차 - 추돌 - 주정차중,안전운전불이행,건조,맑음,교차로 - 교차로부근,승용,남,54세,상해없음,승용,남,37세,경상
2015072000100583,2015년 7월 20일 21시,월요일,충청남도 공주시 송선동,중상사고,0,1,0,0,차대차 - 추돌 - 진행중,안전운전불이행,건조,맑음,단일로 - 기타,승용,남,31세,상해없음,화물,남,63세,중상
2015072000100629,2015년 7월 20일 22시,월요일,충청남도 천안시 서북구 두정동,경상사고,0,0,1,0,차대차 - 추돌 - 주정차중,안전운전불이행,건조,맑음,단일로 - 기타,승용,남,61세,상해없음,승용,남,38세,경상
2015072000100630,2015년 7월 20일 22시,월요일,충청남도 아산시 온천동,경상사고,0,0,2,0,차대차 - 측면직각충돌,안전운전불이행,건조,맑음,단일로 - 기타,승용,남,40세,상해없음,승용,남,19세,상해없음
2015072000100631,2015년 7월 20일 22시,월요일,충청남도 보령시 동대동,중상사고,0,1,0,0,차대차 - 기타,안전운전불이행,건조,맑음,기타 - 기타,자전거,남,47세,상해없음,자전거,여,40세,중상
2015072100100101,2015년 7월 21일 07시,화요일,충청남도 아산시 영인면,경상사고,0,0,1,0,차대차 - 측면직각충돌,안전운전불이행,습기,비,교차로 - 교차로안,승용,남,48세,상해없음,승용,남,30세,경상
2015072100100127,2015년 7월 21일 08시,화요일,충청남도 논산시 취암동,경상사고,0,0,2,0,차대차 - 측면직각충돌,교차로운행방법위반,습기,비,교차로 - 교차로안,승용,여,42세,상해없음,승용,남,43세,상해없음
2015072100100128,2015년 7월 21일 08시,화요일,충청남도 당진시 합덕읍,중상사고,0,1,0,0,차대사람 - 횡단중,안전운전불이행,건조,맑음,교차로 - 교차로안,승용,여,36세,상해없음,보행자,남,84세,중상
2015072100100210,2015년 7월 21일 10시,화요일,충청남도 천안시 동남구 청당동,중상사고,0,1,0,0,차대차 - 기타,안전운전불이행,건조,맑음,교차로 - 교차로부근,승용,여,59세,상해없음,자전거,여,73세,중상
2015072100100211,2015년 7월 21일 10시,화요일,충청남도 공주시 우성면,경상사고,0,0,4,0,차대차 - 기타,안전운전불이행,건조,맑음,단일로 - 기타,승용,남,46세,상해없음,승용,남,38세,경상
2015072100100236,2015년 7월 21일 11시,화요일,충청남도 아산시 온천동,경상사고,0,0,2,0,차대차 - 측면직각충돌,안전운전불이행,건조,맑음,교차로 - 교차로안,승용,남,22세,상해없음,화물,남,63세,경상
2015072100100237,2015년 7월 21일 11시,화요일,충청남도 공주시 웅진동,중상사고,0,1,0,0,차대차 - 측면직각충돌,중앙선침범,건조,맑음,단일로 - 기타,화물,남,31세,상해없음,승용,여,62세,중상
2015072100100293,2015년 7월 21일 13시,화요일,충청남도 서산시 석림동,사망사고,1,0,0,0,차대차 - 측면직각충돌,신호위반,건조,맑음,교차로 - 교차로안,화물,남,52세,상해없음,이륜,여,67세,사망
2015072100100294,2015년 7월 21일 13시,화요일,충청남도 천안시 서북구 차암동,중상사고,0,1,0,0,차대차 - 추돌 - 진행중,안전운전불이행,건조,맑음,단일로 - 기타,화물,남,39세,상해없음,승용,남,49세,중상
2015072100100295,2015년 7월 21일 13시,화요일,충청남도 아산시 점양동,경상사고,0,0,3,0,차대차 - 추돌 - 진행중,안전운전불이행,건조,맑음,단일로 - 기타,승합,남,30세,상해없음,승용,남,60세,경상
2015072100100296,2015년 7월 21일 13시,화요일,충청남도 서천군 서천읍,경상사고,0,0,1,0,차대차 - 추돌 - 진행중,안전운전불이행,건조,맑음,교차로 - 교차로안,승용,여,43세,상해없음,이륜,남,77세,경상
2015072100100297,2015년 7월 21일 13시,화요일,충청남도 당진시 송악읍,경상사고,0,0,1,0,차대차 - 기타,안전운전불이행,건조,맑음,교차로 - 교차로안,승용,남,59세,상해없음,원동기,남,76세,경상
2015072100100309,2015년 7월 21일 14시,화요일,충청남도 홍성군 홍성읍,경상사고,0,0,1,0,차대차 - 기타,교차로운행방법위반,건조,흐림,교차로 - 교차로부근,승용,남,47세,상해없음,화물,남,51세,경상
2015072100100310,2015년 7월 21일 14시,화요일,충청남도 천안시 동남구 구룡동,사망사고,1,0,0,0,차대차 - 기타,안전운전불이행,건조,맑음,교차로 - 교차로부근,화물,남,69세,상해없음,이륜,남,72세,사망
2015072100100348,2015년 7월 21일 15시,화요일,충청남도 아산시 권곡동,중상사고,0,2,3,0,차대차 - 정면충돌,중앙선침범,건조,맑음,교차로 - 교차로부근,승용,남,49세,상해없음,승용,남,35세,경상
2015072100100349,2015년 7월 21일 15시,화요일,충청남도 천안시 동남구 영성동,경상사고,0,0,1,0,차대사람 - 기타,안전운전불이행,건조,맑음,단일로 - 기타,승용,남,59세,상해없음,보행자,여,52세,경상
2015072100100382,2015년 7월 21일 16시,화요일,충청남도 보령시 대천동,중상사고,0,1,0,0,차대차 - 기타,안전운전불이행,건조,맑음,교차로 - 교차로안,승합,남,66세,상해없음,자전거,남,70세,중상
2015072100100414,2015년 7월 21일 17시,화요일,충청남도 금산군 제원면,경상사고,0,0,1,0,차대차 - 추돌 - 진행중,안전운전불이행,건조,맑음,교차로 - 교차로안,승용,남,54세,상해없음,이륜,남,68세,경상
2015072100100458,2015년 7월 21일 18시,화요일,충청남도 논산시 연무읍,경상사고,0,0,1,0,차대차 - 측면직각충돌,교차로운행방법위반,습기,비,교차로 - 교차로안,화물,남,61세,상해없음,원동기,남,51세,경상
2015072100100459,2015년 7월 21일 18시,화요일,충청남도 천안시 동남구 구성동,중상사고,0,2,6,0,차대차 - 기타,안전운전불이행,건조,맑음,교차로 - 교차로안,승합,남,49세,상해없음,승용,여,39세,경상
2015072100100517,2015년 7월 21일 20시,화요일,충청남도 서산시 예천동,중상사고,0,1,0,0,차대차 - 측면직각충돌,중앙선침범,건조,맑음,단일로 - 기타,승용,남,59세,상해없음,이륜,남,16세,중상
2015072100100549,2015년 7월 21일 21시,화요일,충청남도 서산시 읍내동,경상사고,0,0,1,0,차대차 - 측면직각충돌,직진우회전진행방해,건조,맑음,교차로 - 교차로안,승용,남,33세,상해없음,이륜,남,17세,경상
2015072100100550,2015년 7월 21일 21시,화요일,충청남도 천안시 서북구 두정동,경상사고,0,0,1,0,차대차 - 기타,안전운전불이행,건조,맑음,교차로 - 교차로안,승용,남,27세,상해없음,이륜,남,43세,경상
2015072100100551,2015년 7월 21일 21시,화요일,충청남도 천안시 서북구 백석동,경상사고,0,0,3,0,차대차 - 기타,중앙선침범,건조,맑음,교차로 - 교차로부근,승용,남,62세,상해없음,승용,남,45세,경상
2015072100100581,2015년 7월 21일 22시,화요일,충청남도 아산시 온천동,부상신고사고,0,0,0,1,차대차 - 추돌 - 주정차중,안전운전불이행,건조,맑음,단일로 - 기타,이륜,남,64세,부상신고,승용,남,50세,상해없음
2015072100100582,2015년 7월 21일 22시,화요일,충청남도 아산시 용화동,경상사고,0,0,1,0,차대차 - 추돌 - 주정차중,안전운전불이행,습기,비,기타 - 기타,이륜,남,32세,경상,승용,남,50세,기타불명
2015072100100583,2015년 7월 21일 22시,화요일,충청남도 당진시 원당리,경상사고,0,0,1,0,차대사람 - 횡단중,안전운전불이행,건조,맑음,교차로 - 교차로안,승용,여,26세,상해없음,보행자,여,57세,경상
2015072200100044,2015년 7월 22일 02시,수요일,충청남도 서산시 읍내동,중상사고,0,1,0,0,차대사람 - 횡단중,안전운전불이행,건조,맑음,교차로 - 교차로안,승용,남,60세,상해없음,보행자,남,28세,중상
2015072200100056,2015년 7월 22일 03시,수요일,충청남도 천안시 서북구 성거읍,중상사고,0,1,0,0,차량단독 - 기타,기타,습기,비,단일로 - 기타,승용,남,49세,중상,,,,
2015072200100078,2015년 7월 22일 05시,수요일,충청남도 예산군 덕산면,경상사고,0,0,2,0,차대차 - 추돌 - 진행중,안전운전불이행,건조,흐림,교차로 - 교차로안,승용,남,39세,상해없음,승용,남,59세,경상
2015072200100079,2015년 7월 22일 05시,수요일,충청남도 청양군 남양면,중상사고,0,3,0,0,차대차 - 정면충돌,중앙선침범,습기,비,단일로 - 기타,승용,남,44세,중상,화물,여,67세,중상
2015072200100157,2015년 7월 22일 08시,수요일,충청남도 천안시 서북구 성환읍,사망사고,1,0,0,1,차량단독 - 기타,안전운전불이행,건조,맑음,단일로 - 기타,원동기,남,20세,부상신고,,,,
2015072200100212,2015년 7월 22일 10시,수요일,충청남도 천안시 서북구 두정동,경상사고,0,0,1,0,차대차 - 측면직각충돌,신호위반,건조,맑음,교차로 - 교차로안,승용,남,57세,상해없음,승용,여,36세,기타불명
2015072200100213,2015년 7월 22일 10시,수요일,충청남도 논산시 상월면,경상사고,0,0,2,0,차대차 - 측면직각충돌,신호위반,건조,맑음,교차로 - 교차로안,승용,남,62세,경상,화물,남,50세,경상
2015072200100248,2015년 7월 22일 11시,수요일,충청남도 홍성군 홍성읍,경상사고,0,0,1,0,차대차 - 기타,중앙선침범,건조,맑음,단일로 - 기타,승용,여,36세,상해없음,이륜,남,70세,경상
2015072200100249,2015년 7월 22일 11시,수요일,충청남도 보령시 내항동,사망사고,1,0,0,0,차대차 - 측면직각충돌,안전운전불이행,건조,맑음,단일로 - 기타,승용,여,34세,상해없음,자전거,남,77세,사망
2015072200100280,2015년 7월 22일 12시,수요일,충청남도 천안시 서북구 성정동,경상사고,0,0,1,0,차대차 - 추돌 - 주정차중,안전운전불이행,건조,맑음,교차로 - 교차로부근,승용,남,30세,기타불명,승용,여,47세,경상
2015072200100281,2015년 7월 22일 12시,수요일,충청남도 보령시 동대동,부상신고사고,0,0,0,1,차대차 - 기타,안전운전불이행,건조,흐림,기타 - 기타,이륜,남,17세,부상신고,승용,여,50세,상해없음
2015072200100282,2015년 7월 22일 12시,수요일,충청남도 공주시 우성면,중상사고,0,2,0,0,차대차 - 측면직각충돌,교차로운행방법위반,건조,맑음,교차로 - 교차로안,이륜,남,70세,중상,화물,남,47세,상해없음
2015072200100283,2015년 7월 22일 12시,수요일,충청남도 청양군 정산면,중상사고,0,1,0,0,차대차 - 측면직각충돌,신호위반,건조,맑음,교차로 - 교차로안,이륜,남,78세,중상,승용,여,51세,상해없음
2015072200100315,2015년 7월 22일 13시,수요일,충청남도 천안시 서북구 쌍용동,중상사고,0,1,0,0,차대사람 - 횡단중,보행자보호의무위반,건조,맑음,단일로 - 횡단보도상,승용,여,46세,상해없음,보행자,남,6세,중상
2015072200100404,2015년 7월 22일 15시,수요일,충청남도 당진시 고대면,중상사고,0,1,0,0,차대차 - 측면직각충돌,교차로운행방법위반,건조,맑음,교차로 - 교차로안,화물,남,46세,상해없음,원동기,남,75세,중상
2015072200100405,2015년 7월 22일 15시,수요일,충청남도 천안시 동남구 영성동,경상사고,0,0,1,0,차대차 - 기타,안전운전불이행,건조,맑음,단일로 - 기타,승용,남,22세,상해없음,원동기,남,57세,경상
2015072200100441,2015년 7월 22일 16시,수요일,충청남도 당진시 합덕읍,중상사고,0,1,1,0,차대차 - 측면직각충돌,교차로운행방법위반,건조,맑음,교차로 - 교차로안,화물,남,58세,상해없음,승용,남,20세,경상
2015072200100442,2015년 7월 22일 16시,수요일,충청남도 당진시 순성면,중상사고,0,1,1,0,차대차 - 추돌 - 진행중,안전운전불이행,건조,맑음,단일로 - 기타,화물,남,49세,상해없음,화물,남,61세,경상
2015072200100482,2015년 7월 22일 17시,수요일,충청남도 서천군 종천면,중상사고,0,1,1,0,차대차 - 추돌 - 주정차중,안전운전불이행,건조,맑음,단일로 - 기타,화물,남,25세,상해없음,승용,남,40세,중상
2015072200100532,2015년 7월 22일 18시,수요일,충청남도 당진시 읍내리,경상사고,0,0,1,0,차대차 - 정면충돌,교차로운행방법위반,건조,맑음,교차로 - 교차로안,승합,여,41세,상해없음,화물,남,48세,경상
2015072200100601,2015년 7월 22일 20시,수요일,충청남도 천안시 서북구 성정동,경상사고,0,0,1,0,차대사람 - 길가장자리구역통행중,안전운전불이행,건조,맑음,교차로 - 교차로부근,승용,남,56세,상해없음,보행자,여,54세,경상
2015072200100602,2015년 7월 22일 20시,수요일,충청남도 금산군 금산읍,경상사고,0,0,2,0,차대사람 - 보도통행중,교차로운행방법위반,건조,맑음,교차로 - 교차로안,화물,남,50세,상해없음,보행자,여,41세,경상
2015072200100632,2015년 7월 22일 21시,수요일,충청남도 천안시 동남구 목천읍,중상사고,0,1,0,0,차대사람 - 횡단중,안전운전불이행,건조,맑음,단일로 - 기타,승용,남,46세,상해없음,보행자,남,48세,중상
2015072200100663,2015년 7월 22일 22시,수요일,충청남도 천안시 서북구 성정동,중상사고,0,1,0,0,차대차 - 측면직각충돌,교차로운행방법위반,건조,맑음,교차로 - 교차로안,승용,남,19세,상해없음,원동기,남,43세,중상
2015072200100664,2015년 7월 22일 22시,수요일,충청남도 천안시 서북구 성정동,경상사고,0,0,1,0,차대차 - 기타,안전운전불이행,건조,맑음,교차로 - 교차로안,자전거,남,19세,경상,승용,여,56세,상해없음
2015072200100665,2015년 7월 22일 22시,수요일,충청남도 홍성군 광천읍,중상사고,0,1,0,0,차대차 - 기타,직진우회전진행방해,건조,맑음,교차로 - 교차로안,승용,여,28세,상해없음,승용,여,47세,중상
2015072200100666,2015년 7월 22일 22시,수요일,충청남도 부여군 홍산면,사망사고,1,0,0,0,차대차 - 기타,중앙선침범,건조,맑음,단일로 - 기타,이륜,남,60세,사망,승용,여,57세,상해없음
2015072200100667,2015년 7월 22일 22시,수요일,충청남도 부여군 홍산면,중상사고,0,1,0,0,차대차 - 기타,안전운전불이행,건조,맑음,단일로 - 기타,화물,남,53세,상해없음,이륜,남,60세,중상
2015072200100696,2015년 7월 22일 23시,수요일,충청남도 서산시 석남동,중상사고,0,1,0,0,차대차 - 측면직각충돌,안전운전불이행,건조,맑음,교차로 - 교차로안,승용,남,56세,상해없음,승용,여,44세,중상
2015072200100697,2015년 7월 22일 23시,수요일,충청남도 천안시 서북구 성거읍,경상사고,0,0,3,0,차대차 - 추돌 - 주정차중,안전운전불이행,건조,맑음,교차로 - 교차로부근,승용,남,32세,상해없음,승용,여,24세,경상
2015072200100698,2015년 7월 22일 23시,수요일,충청남도 계룡시 엄사면,중상사고,0,1,0,0,차량단독 - 공작물충돌,안전운전불이행,건조,맑음,단일로 - 기타,화물,남,66세,중상,,,,
2015072300100026,2015년 7월 23일 01시,목요일,충청남도 천안시 서북구 쌍용동,중상사고,0,1,0,0,차대차 - 기타,신호위반,건조,맑음,교차로 - 교차로안,승용,남,34세,상해없음,승용,여,59세,중상
2015072300100027,2015년 7월 23일 01시,목요일,충청남도 청양군 청양읍,경상사고,0,0,1,0,차량단독 - 공작물충돌,안전운전불이행,건조,맑음,단일로 - 기타,승용,남,51세,경상,,,,
2015072300100042,2015년 7월 23일 02시,목요일,충청남도 천안시 서북구 직산읍,경상사고,0,0,2,0,차대차 - 기타,안전운전불이행,건조,맑음,단일로 - 기타,승용,남,35세,상해없음,승용,남,27세,경상
2015072300100089,2015년 7월 23일 07시,목요일,충청남도 천안시 서북구 성거읍,경상사고,0,0,1,0,차대차 - 기타,안전운전불이행,건조,맑음,단일로 - 기타,원동기,여,73세,경상,승용,여,52세,상해없음
2015072300100125,2015년 7월 23일 08시,목요일,충청남도 당진시 합덕읍,경상사고,0,0,2,0,차대차 - 측면직각충돌,교차로운행방법위반,건조,맑음,교차로 - 교차로안,승용,여,40세,경상,화물,여,65세,경상
2015072300100224,2015년 7월 23일 11시,목요일,충청남도 서천군 장항읍,중상사고,0,1,2,0,차대차 - 측면직각충돌,신호위반,습기,비,교차로 - 교차로안,승용,남,29세,경상,승용,남,47세,경상
2015072300100252,2015년 7월 23일 12시,목요일,충청남도 천안시 서북구 쌍용동,경상사고,0,0,1,0,차대차 - 측면직각충돌,안전운전불이행,건조,흐림,교차로 - 교차로안,승용,여,50세,상해없음,승용,여,39세,경상
2015072300100253,2015년 7월 23일 12시,목요일,충청남도 아산시 용화동,경상사고,0,0,2,0,차대차 - 기타,안전운전불이행,건조,맑음,교차로 - 교차로부근,승용,남,80세,상해없음,승용,여,48세,경상
2015072300100254,2015년 7월 23일 12시,목요일,충청남도 천안시 동남구 신방동,중상사고,0,2,0,0,차대차 - 기타,불법유턴,건조,맑음,교차로 - 교차로부근,화물,남,27세,상해없음,승용,여,29세,중상
2015072300100300,2015년 7월 23일 13시,목요일,충청남도 논산시 강산동,경상사고,0,0,1,0,차대차 - 측면직각충돌,안전운전불이행,습기,비,교차로 - 교차로부근,승용,여,52세,경상,승용,남,40세,상해없음
2015072300100301,2015년 7월 23일 13시,목요일,충청남도 서천군 장항읍,중상사고,0,1,1,0,차량단독 - 기타,안전운전불이행,습기,비,단일로 - 기타,원동기,남,54세,중상,,,,
2015072300100333,2015년 7월 23일 14시,목요일,충청남도 천안시 서북구 성거읍,경상사고,0,0,3,0,차대차 - 추돌 - 진행중,안전운전불이행,건조,맑음,단일로 - 기타,화물,남,70세,상해없음,승용,여,45세,경상
2015072300100334,2015년 7월 23일 14시,목요일,충청남도 논산시 강경읍,경상사고,0,0,1,0,차대차 - 정면충돌,중앙선침범,습기,비,단일로 - 기타,승용,남,70세,기타불명,화물,남,42세,경상
2015072300100335,2015년 7월 23일 14시,목요일,충청남도 홍성군 홍성읍,중상사고,0,1,0,0,차대차 - 측면직각충돌,교차로운행방법위반,건조,맑음,교차로 - 교차로안,승합,남,23세,상해없음,승합,남,64세,중상
2015072300100336,2015년 7월 23일 14시,목요일,충청남도 아산시 영인면,경상사고,0,0,2,0,차대차 - 추돌 - 진행중,안전운전불이행,건조,맑음,교차로 - 교차로부근,승용,여,42세,경상,승용,여,59세,경상
2015072300100380,2015년 7월 23일 15시,목요일,충청남도 당진시 수청리,경상사고,0,0,1,0,차대차 - 추돌 - 진행중,안전운전불이행,습기,비,단일로 - 기타,화물,남,32세,상해없음,승용,남,74세,경상
2015072300100417,2015년 7월 23일 16시,목요일,충청남도 아산시 둔포면,경상사고,0,0,1,0,차대차 - 추돌 - 진행중,안전운전불이행,건조,맑음,단일로 - 기타,승용,남,43세,상해없음,원동기,남,48세,경상
2015072300100458,2015년 7월 23일 17시,목요일,충청남도 천안시 서북구 두정동,경상사고,0,0,2,0,차대차 - 측면직각충돌,기타,습기,비,교차로 - 교차로안,승용,남,32세,상해없음,승용,여,30세,경상
2015072300100459,2015년 7월 23일 17시,목요일,충청남도 보령시 오천면,중상사고,0,1,0,0,차대차 - 추돌 - 진행중,중앙선침범,습기,흐림,단일로 - 기타,승용,남,60세,상해없음,승용,여,54세,중상
2015072300100504,2015년 7월 23일 18시,목요일,충청남도 천안시 동남구 신방동,경상사고,0,0,1,0,차대차 - 측면직각충돌,안전운전불이행,건조,맑음,교차로 - 교차로안,승용,여,34세,상해없음,승용,여,23세,경상
2015072300100545,2015년 7월 23일 19시,목요일,충청남도 천안시 동남구 원성동,경상사고,0,0,1,0,차대차 - 기타,안전운전불이행,습기,비,교차로 - 교차로안,승용,남,41세,상해없음,이륜,남,34세,경상
2015072300100595,2015년 7월 23일 20시,목요일,충청남도 천안시 서북구 백석동,경상사고,0,0,1,0,차대차 - 정면충돌,신호위반,건조,맑음,교차로 - 교차로안,승용,남,40세,상해없음,승용,남,54세,경상
2015072300100596,2015년 7월 23일 20시,목요일,충청남도 천안시 동남구 봉명동,경상사고,0,0,1,0,차대사람 - 기타,보행자보호의무위반,습기,비,단일로 - 기타,승용,남,52세,상해없음,보행자,남,42세,경상
2015072300100693,2015년 7월 23일 22시,목요일,충청남도 천안시 서북구 성정동,경상사고,0,0,2,0,차대차 - 기타,안전운전불이행,건조,맑음,단일로 - 기타,승용,남,24세,상해없음,승용,남,28세,경상
2015072300100694,2015년 7월 23일 22시,목요일,충청남도 보령시 대천동,경상사고,0,0,1,0,차대사람 - 횡단중,안전운전불이행,습기,비,단일로 - 횡단보도부근,승용,남,28세,상해없음,보행자,남,54세,경상
2015072400100031,2015년 7월 24일 00시,금요일,충청남도 서산시 대산읍,사망사고,1,0,0,0,차대사람 - 차도통행중,안전운전불이행,습기,비,단일로 - 기타,승용,남,35세,상해없음,보행자,남,50세,사망
2015072400100032,2015년 7월 24일 00시,금요일,충청남도 홍성군 홍성읍,경상사고,0,0,1,0,차량단독 - 기타,안전운전불이행,습기,비,단일로 - 기타,원동기,남,23세,경상,,,,
2015072400100033,2015년 7월 24일 00시,금요일,충청남도 청양군 청양읍,중상사고,0,1,0,0,차량단독 - 공작물충돌,안전운전불이행,습기,비,단일로 - 기타,화물,남,37세,중상,,,,
2015072400100058,2015년 7월 24일 01시,금요일,충청남도 천안시 동남구 성남면,경상사고,0,0,1,0,차량단독 - 전도전복,안전운전불이행,습기,비,단일로 - 기타,승합,남,25세,기타불명,,,,
2015072400100092,2015년 7월 24일 03시,금요일,충청남도 당진시 읍내리,경상사고,0,0,2,0,차대차 - 측면직각충돌,신호위반,습기,비,교차로 - 교차로안,승용,남,34세,상해없음,승합,남,42세,경상
2015072400100150,2015년 7월 24일 07시,금요일,충청남도 아산시 읍내동,경상사고,0,0,5,0,차대차 - 정면충돌,중앙선침범,습기,비,단일로 - 기타,승용,남,27세,경상,화물,남,46세,경상