사고번호,사고일시,요일,시군구,사고내용,사망자수,중상자수,경상자수,부상신고자수,사고유형,법규위반,노면상태,기상상태,도로형태,가해운전자 차종,가해운전자 성별,가해운전자 연령,가해운전자 상해정도,피해운전자 차종,피해운전자 성별,피해운전자 연령,피해운전자 상해정도
2015072400100151,2015년 7월 24일 07시,금요일,충청남도 서천군 서천읍,경상사고,0,0,1,0,차대차 - 기타,안전거리미확보,습기,비,교차로 - 교차로안,특수,남,30세,상해없음,화물,남,59세,경상
2015072400100187,2015년 7월 24일 08시,금요일,충청남도 아산시 신창면,경상사고,0,0,2,0,차대차 - 기타,직진우회전진행방해,습기,비,교차로 - 교차로안,승용,남,56세,경상,승용,남,25세,경상
2015072400100223,2015년 7월 24일 09시,금요일,충청남도 홍성군 광천읍,중상사고,0,1,0,0,차대차 - 기타,교차로운행방법위반,습기,비,교차로 - 교차로안,화물,남,61세,상해없음,이륜,남,54세,중상
2015072400100296,2015년 7월 24일 11시,금요일,충청남도 태안군 안면읍,경상사고,0,0,1,0,차대차 - 추돌 - 진행중,안전운전불이행,건조,맑음,단일로 - 기타,승용,남,60세,상해없음,승용,여,54세,경상
2015072400100297,2015년 7월 24일 11시,금요일,충청남도 아산시 온천동,중상사고,0,1,0,0,차대차 - 측면직각충돌,안전운전불이행,습기,흐림,교차로 - 교차로안,승용,남,68세,상해없음,원동기,여,60세,중상
2015072400100334,2015년 7월 24일 12시,금요일,충청남도 천안시 서북구 백석동,경상사고,0,0,1,0,차대차 - 기타,안전운전불이행,습기,흐림,단일로 - 기타,승용,남,54세,상해없음,원동기,남,48세,경상
2015072400100366,2015년 7월 24일 13시,금요일,충청남도 홍성군 홍성읍,경상사고,0,0,1,0,차대차 - 기타,신호위반,습기,비,교차로 - 교차로안,승용,남,21세,상해없음,원동기,남,20세,경상
2015072400100402,2015년 7월 24일 14시,금요일,충청남도 태안군 안면읍,경상사고,0,0,1,0,차대차 - 기타,안전운전불이행,건조,맑음,단일로 - 기타,이륜,남,18세,경상,화물,남,53세,상해없음
2015072400100403,2015년 7월 24일 14시,금요일,충청남도 천안시 서북구 쌍용동,경상사고,0,0,1,0,차대차 - 측면직각충돌,중앙선침범,건조,맑음,단일로 - 기타,승용,남,23세,상해없음,승용,여,42세,경상
2015072400100405,2015년 7월 24일 14시,금요일,충청남도 금산군 금산읍,경상사고,0,0,1,1,차대차 - 추돌 - 진행중,안전운전불이행,습기,비,단일로 - 기타,승용,여,32세,상해없음,승용,여,40세,경상
2015072400100442,2015년 7월 24일 15시,금요일,충청남도 태안군 고남면,경상사고,0,0,1,0,차대차 - 정면충돌,중앙선침범,건조,맑음,단일로 - 기타,승용,남,27세,상해없음,화물,남,42세,경상
2015072400100443,2015년 7월 24일 15시,금요일,충청남도 천안시 동남구 병천면,중상사고,0,1,0,0,차대사람 - 기타,안전운전불이행,습기,비,교차로 - 교차로부근,화물,남,49세,상해없음,보행자,여,72세,중상
2015072400100444,2015년 7월 24일 15시,금요일,충청남도 천안시 동남구 원성동,경상사고,0,0,1,0,차대차 - 추돌 - 진행중,신호위반,건조,맑음,교차로 - 교차로안,승용,남,24세,상해없음,이륜,남,20세,경상
2015072400100482,2015년 7월 24일 16시,금요일,충청남도 청양군 청남면,중상사고,0,2,1,0,차대차 - 측면직각충돌,신호위반,습기,비,교차로 - 교차로안,화물,남,39세,경상,승용,남,74세,중상
2015072400100520,2015년 7월 24일 17시,금요일,충청남도 당진시 합덕읍,경상사고,0,0,1,0,차대사람 - 횡단중,안전운전불이행,건조,흐림,단일로 - 기타,승용,남,56세,상해없음,보행자,남,13세,경상
2015072400100681,2015년 7월 24일 21시,금요일,충청남도 논산시 양촌면,사망사고,1,0,0,0,차량단독 - 공작물충돌,안전운전불이행,습기,비,단일로 - 기타,승용,남,57세,사망,,,,
2015072400100682,2015년 7월 24일 21시,금요일,충청남도 보령시 대천동,경상사고,0,0,1,0,차대차 - 기타,안전운전불이행,습기,비,교차로 - 교차로안,승용,여,63세,경상,화물,남,53세,기타불명
2015072400100683,2015년 7월 24일 21시,금요일,충청남도 천안시 동남구 풍세면,중상사고,0,1,1,0,차대차 - 기타,안전운전불이행,건조,맑음,교차로 - 교차로안,승용,남,49세,중상,화물,남,45세,경상
2015072400100765,2015년 7월 24일 23시,금요일,충청남도 서산시 읍내동,부상신고사고,0,0,0,1,차대차 - 측면직각충돌,신호위반,습기,맑음,교차로 - 교차로안,원동기,여,34세,부상신고,승용,남,64세,상해없음
2015072400100766,2015년 7월 24일 23시,금요일,충청남도 당진시 수청리,경상사고,0,0,1,0,차대차 - 기타,교차로운행방법위반,건조,맑음,교차로 - 교차로안,승용,남,26세,상해없음,승용,남,23세,상해없음
2015072500100057,2015년 7월 25일 01시,토요일,충청남도 천안시 서북구 두정동,경상사고,0,0,1,0,차대사람 - 차도통행중,안전운전불이행,습기,비,교차로 - 교차로부근,승용,남,39세,상해없음,보행자,여,21세,경상
2015072500100081,2015년 7월 25일 02시,토요일,충청남도 홍성군 광천읍,사망사고,1,0,0,0,차량단독 - 공작물충돌,안전운전불이행,습기,비,교차로 - 교차로안,승용,남,68세,사망,,,,
2015072500100120,2015년 7월 25일 04시,토요일,충청남도 천안시 서북구 성정동,경상사고,0,0,1,0,차대차 - 측면직각충돌,신호위반,습기,비,교차로 - 교차로안,승용,남,26세,상해없음,승용,남,55세,경상
2015072500100164,2015년 7월 25일 06시,토요일,충청남도 서산시 대산읍,중상사고,0,2,0,0,차대차 - 측면직각충돌,불법유턴,습기,맑음,단일로 - 기타,화물,남,56세,상해없음,승용,남,28세,중상
2015072500100207,2015년 7월 25일 08시,토요일,충청남도 공주시 산성동,중상사고,0,1,0,0,차대사람 - 횡단중,보행자보호의무위반,건조,맑음,단일로 - 횡단보도상,화물,남,54세,기타불명,보행자,여,29세,중상
2015072500100228,2015년 7월 25일 09시,토요일,충청남도 천안시 동남구 다가동,중상사고,0,1,0,0,차대사람 - 횡단중,안전운전불이행,건조,맑음,교차로 - 교차로부근,승용,남,35세,상해없음,보행자,여,55세,중상
2015072500100229,2015년 7월 25일 09시,토요일,충청남도 천안시 동남구 원성동,중상사고,0,1,0,0,차대차 - 기타,신호위반,건조,맑음,교차로 - 교차로안,승용,남,52세,상해없음,이륜,남,51세,중상
2015072500100295,2015년 7월 25일 11시,토요일,충청남도 태안군 남면,중상사고,0,6,0,0,차대차 - 정면충돌,중앙선침범,건조,흐림,단일로 - 기타,승용,남,36세,중상,승용,남,39세,중상
2015072500100296,2015년 7월 25일 11시,토요일,충청남도 예산군 광시면,중상사고,0,1,0,0,차대차 - 측면직각충돌,불법유턴,습기,흐림,단일로 - 기타,화물,남,58세,상해없음,이륜,남,63세,중상
2015072500100297,2015년 7월 25일 11시,토요일,충청남도 천안시 서북구 입장면,경상사고,0,0,2,1,차대차 - 측면직각충돌,안전운전불이행,건조,흐림,단일로 - 기타,승용,남,30세,부상신고,승합,남,44세,상해없음
2015072500100359,2015년 7월 25일 13시,토요일,충청남도 천안시 서북구 성환읍,경상사고,0,0,1,0,차대차 - 기타,직진우회전진행방해,건조,맑음,교차로 - 교차로안,원동기,여,69세,경상,승합,여,49세,기타불명
2015072500100383,2015년 7월 25일 14시,토요일,충청남도 천안시 서북구 입장면,중상사고,0,1,0,0,차대차 - 정면충돌,중앙선침범,건조,맑음,단일로 - 기타,승용,여,26세,상해없음,승용,여,39세,중상
2015072500100384,2015년 7월 25일 14시,토요일,충청남도 서천군 장항읍,경상사고,0,0,2,0,차대차 - 추돌 - 진행중,안전거리미확보,건조,맑음,교차로 - 교차로부근,승용,남,70세,상해없음,승용,남,49세,경상
2015072500100385,2015년 7월 25일 14시,토요일,충청남도 금산군 진산면,중상사고,0,1,2,0,차량단독 - 공작물충돌,안전운전불이행,건조,맑음,단일로 - 기타,승용,남,61세,경상,,,,
2015072500100421,2015년 7월 25일 15시,토요일,충청남도 아산시 영인면,중상사고,0,1,1,0,차대사람 - 기타,안전운전불이행,건조,맑음,단일로 - 기타,승합,남,57세,상해없음,보행자,여,80세,경상
2015072500100422,2015년 7월 25일 15시,토요일,충청남도 아산시 탕정면,경상사고,0,0,1,0,차대차 - 기타,안전거리미확보,건조,맑음,단일로 - 기타,원동기,남,72세,경상,승용,여,43세,상해없음
2015072500100451,2015년 7월 25일 16시,토요일,충청남도 홍성군 구항면,경상사고,0,0,1,0,차량단독 - 전도전복,안전운전불이행,건조,맑음,단일로 - 기타,원동기,남,68세,경상,,,,
2015072500100452,2015년 7월 25일 16시,토요일,충청남도 보령시 신흑동,중상사고,0,1,0,0,차대사람 - 기타,안전운전불이행,건조,맑음,교차로 - 교차로안,기타불명,기타불명,기타불명,기타불명,보행자,남,20세,중상
2015072500100453,2015년 7월 25일 16시,토요일,충청남도 당진시 채운동,중상사고,0,1,0,1,차대차 - 측면직각충돌,신호위반,습기,비,교차로 - 교차로안,승용,남,40세,상해없음,승용,남,53세,부상신고
2015072500100572,2015년 7월 25일 19시,토요일,충청남도 천안시 서북구 성거읍,경상사고,0,0,1,0,차대차 - 측면직각충돌,신호위반,습기,비,교차로 - 교차로안,승용,남,43세,상해없음,원동기,남,19세,경상
2015072500100598,2015년 7월 25일 20시,토요일,충청남도 서산시 대산읍,중상사고,0,1,0,0,차대사람 - 횡단중,안전운전불이행,건조,흐림,단일로 - 기타,승용,남,36세,상해없음,보행자,여,63세,중상
2015072500100599,2015년 7월 25일 20시,토요일,충청남도 아산시 용화동,경상사고,0,0,1,0,차대차 - 측면직각충돌,교차로운행방법위반,건조,흐림,교차로 - 교차로안,승용,남,48세,기타불명,승용,여,32세,경상
2015072500100600,2015년 7월 25일 20시,토요일,충청남도 보령시 신흑동,경상사고,0,0,1,0,차대사람 - 길가장자리구역통행중,안전운전불이행,건조,흐림,단일로 - 기타,기타불명,기타불명,기타불명,기타불명,보행자,남,27세,경상
2015072500100601,2015년 7월 25일 20시,토요일,충청남도 예산군 삽교읍,중상사고,0,1,3,0,차대차 - 측면직각충돌,안전운전불이행,습기,비,교차로 - 교차로안,승용,남,25세,경상,승합,남,66세,상해없음
2015072500100657,2015년 7월 25일 21시,토요일,충청남도 당진시 고대면,중상사고,0,2,1,0,차대차 - 측면직각충돌,신호위반,습기,비,단일로 - 기타,승용,여,53세,상해없음,승용,여,23세,중상
2015072500100693,2015년 7월 25일 22시,토요일,충청남도 아산시 온천동,경상사고,0,0,1,0,차대차 - 측면직각충돌,안전운전불이행,건조,맑음,교차로 - 교차로안,화물,남,39세,상해없음,승합,남,39세,경상
2015072500100694,2015년 7월 25일 22시,토요일,충청남도 천안시 동남구 성황동,경상사고,0,0,1,0,차대차 - 추돌 - 진행중,안전운전불이행,건조,맑음,단일로 - 기타,기타불명,기타불명,기타불명,기타불명,화물,남,36세,경상
2015072500100695,2015년 7월 25일 22시,토요일,충청남도 천안시 동남구 신부동,경상사고,0,0,1,0,차대사람 - 횡단중,신호위반,건조,맑음,단일로 - 횡단보도상,승용,남,42세,상해없음,보행자,여,55세,경상
2015072600100012,2015년 7월 26일 00시,일요일,충청남도 천안시 서북구 쌍용동,경상사고,0,0,3,0,차대차 - 추돌 - 주정차중,안전운전불이행,건조,맑음,교차로 - 교차로부근,승용,남,54세,상해없음,승용,여,44세,경상
2015072600100104,2015년 7월 26일 06시,일요일,충청남도 논산시 강경읍,사망사고,1,0,0,0,차대사람 - 차도통행중,중앙선침범,건조,맑음,교차로 - 교차로부근,승용,남,55세,상해없음,보행자,여,82세,사망
2015072600100105,2015년 7월 26일 06시,일요일,충청남도 보령시 명천동,경상사고,0,0,2,0,차대차 - 추돌 - 주정차중,안전운전불이행,건조,맑음,교차로 - 교차로부근,화물,남,63세,상해없음,승용,남,37세,경상
2015072600100119,2015년 7월 26일 07시,일요일,충청남도 서산시 인지면,중상사고,0,1,1,0,차대차 - 측면직각충돌,신호위반,건조,맑음,교차로 - 교차로안,승용,여,31세,상해없음,승용,여,52세,중상
2015072600100120,2015년 7월 26일 07시,일요일,충청남도 예산군 예산읍,중상사고,0,1,0,0,차대차 - 측면직각충돌,불법유턴,건조,맑음,단일로 - 기타,승용,남,41세,상해없음,자전거,남,77세,중상
2015072600100144,2015년 7월 26일 09시,일요일,충청남도 예산군 예산읍,중상사고,0,1,0,0,차대차 - 측면직각충돌,신호위반,건조,맑음,교차로 - 교차로안,화물,남,45세,상해없음,승용,여,56세,중상
2015072600100162,2015년 7월 26일 10시,일요일,충청남도 공주시 우성면,경상사고,0,0,2,0,차대차 - 측면직각충돌,기타,건조,맑음,교차로 - 교차로안,화물,남,63세,상해없음,승용,남,45세,경상
2015072600100189,2015년 7월 26일 11시,일요일,충청남도 당진시 채운동,경상사고,0,0,2,0,차대차 - 추돌 - 진행중,안전운전불이행,건조,맑음,교차로 - 교차로안,승용,남,35세,상해없음,승용,남,51세,경상
2015072600100244,2015년 7월 26일 13시,일요일,충청남도 천안시 서북구 신당동,경상사고,0,0,1,0,차량단독 - 기타,안전운전불이행,건조,맑음,교차로 - 교차로안,자전거,남,10세,경상,,,,
2015072600100245,2015년 7월 26일 13시,일요일,충청남도 금산군 부리면,경상사고,0,0,4,0,차대차 - 측면직각충돌,직진우회전진행방해,건조,맑음,교차로 - 교차로안,승용,남,45세,기타불명,승용,남,37세,경상
2015072600100270,2015년 7월 26일 14시,일요일,충청남도 천안시 서북구 백석동,경상사고,0,0,2,0,차대차 - 측면직각충돌,안전거리미확보,건조,맑음,단일로 - 기타,승용,여,50세,상해없음,원동기,남,64세,경상
2015072600100305,2015년 7월 26일 15시,일요일,충청남도 공주시 사곡면,경상사고,0,0,1,0,차대사람 - 기타,안전운전불이행,건조,맑음,교차로 - 교차로부근,승용,남,26세,상해없음,보행자,남,65세,경상
2015072600100306,2015년 7월 26일 15시,일요일,충청남도 예산군 오가면,경상사고,0,0,1,0,차대차 - 측면직각충돌,불법유턴,건조,맑음,단일로 - 기타,승용,남,38세,상해없음,이륜,남,46세,경상
2015072600100307,2015년 7월 26일 15시,일요일,충청남도 예산군 오가면,중상사고,0,1,7,0,차대차 - 추돌 - 진행중,안전운전불이행,건조,맑음,단일로 - 기타,승용,여,31세,기타불명,승용,남,72세,경상
2015072600100332,2015년 7월 26일 16시,일요일,충청남도 태안군 안면읍,중상사고,0,1,1,0,차대차 - 측면직각충돌,교차로운행방법위반,건조,맑음,교차로 - 교차로안,승용,남,45세,상해없음,승용,남,49세,경상
2015072600100333,2015년 7월 26일 16시,일요일,충청남도 공주시 우성면,중상사고,0,4,9,0,차대차 - 추돌 - 진행중,안전운전불이행,건조,맑음,단일로 - 기타,승합,남,50세,상해없음,승용,남,53세,중상
2015072600100357,2015년 7월 26일 17시,일요일,충청남도 보령시 명천동,경상사고,0,0,1,0,차대차 - 기타,중앙선침범,건조,맑음,단일로 - 기타,이륜,남,64세,경상,승용,남,34세,상해없음
2015072600100465,2015년 7월 26일 21시,일요일,충청남도 아산시 배방읍,중상사고,0,1,1,0,차대차 - 측면직각충돌,신호위반,건조,맑음,교차로 - 교차로안,승용,남,35세,상해없음,승용,남,55세,중상
2015072600100466,2015년 7월 26일 21시,일요일,충청남도 보령시 대천동,경상사고,0,0,1,0,차대사람 - 기타,안전운전불이행,건조,맑음,단일로 - 기타,승용,남,54세,기타불명,보행자,여,18세,경상
2015072600100467,2015년 7월 26일 21시,일요일,충청남도 보령시 대천동,중상사고,0,1,1,0,차대차 - 측면직각충돌,직진우회전진행방해,건조,맑음,교차로 - 교차로안,승용,남,54세,상해없음,승용,여,56세,경상
2015072700100006,2015년 7월 27일 00시,월요일,충청남도 논산시 지산동,중상사고,0,1,0,0,차량단독 - 기타,안전운전불이행,건조,맑음,단일로 - 기타,승용,남,26세,상해없음,,,,
2015072700100017,2015년 7월 27일 01시,월요일,충청남도 천안시 서북구 두정동,경상사고,0,0,2,0,차대차 - 측면직각충돌,신호위반,건조,맑음,교차로 - 교차로안,승용,남,62세,상해없음,승용,남,56세,경상
2015072700100018,2015년 7월 27일 01시,월요일,충청남도 천안시 동남구 봉명동,중상사고,0,1,0,0,차대차 - 기타,중앙선침범,건조,맑음,단일로 - 기타,승용,남,48세,상해없음,이륜,남,31세,중상
2015072700100025,2015년 7월 27일 02시,월요일,충청남도 아산시 온천동,경상사고,0,0,1,0,차대차 - 추돌 - 주정차중,안전운전불이행,건조,맑음,교차로 - 교차로부근,승용,여,31세,상해없음,승용,남,43세,경상
2015072700100077,2015년 7월 27일 07시,월요일,충청남도 천안시 서북구 성성동,경상사고,0,0,1,0,차대차 - 기타,안전운전불이행,건조,맑음,교차로 - 교차로안,화물,남,55세,상해없음,승용,여,51세,경상
2015072700100103,2015년 7월 27일 08시,월요일,충청남도 천안시 서북구 직산읍,경상사고,0,0,1,0,차대차 - 기타,안전거리미확보,건조,맑음,단일로 - 기타,승합,남,57세,상해없음,승용,여,30세,경상
2015072700100104,2015년 7월 27일 08시,월요일,충청남도 천안시 서북구 차암동,경상사고,0,0,1,0,차대차 - 기타,안전운전불이행,건조,맑음,교차로 - 교차로안,승용,남,25세,상해없음,승용,남,27세,경상
2015072700100105,2015년 7월 27일 08시,월요일,충청남도 부여군 규암면,중상사고,0,1,0,0,차대차 - 기타,중앙선침범,건조,맑음,단일로 - 기타,승용,남,40세,상해없음,건설기계,남,42세,중상
2015072700100140,2015년 7월 27일 09시,월요일,충청남도 논산시 성동면,부상신고사고,0,0,0,1,차량단독 - 전도전복,안전운전불이행,건조,맑음,교차로 - 교차로안,이륜,남,61세,부상신고,,,,
2015072700100186,2015년 7월 27일 10시,월요일,충청남도 천안시 서북구 성거읍,중상사고,0,1,0,0,차대차 - 기타,안전운전불이행,건조,맑음,단일로 - 기타,화물,남,56세,상해없음,원동기,남,60세,중상
2015072700100217,2015년 7월 27일 11시,월요일,충청남도 공주시 송선동,중상사고,0,1,0,0,차대차 - 측면직각충돌,신호위반,건조,맑음,교차로 - 교차로안,이륜,여,68세,중상,승용,여,53세,상해없음
2015072700100218,2015년 7월 27일 11시,월요일,충청남도 예산군 예산읍,경상사고,0,0,2,0,차대차 - 기타,안전거리미확보,건조,흐림,단일로 - 기타,화물,남,18세,상해없음,승용,남,40세,경상
2015072700100299,2015년 7월 27일 14시,월요일,충청남도 천안시 서북구 직산읍,중상사고,0,1,0,0,차대차 - 기타,교차로운행방법위반,건조,맑음,교차로 - 교차로안,화물,남,35세,상해없음,원동기,남,77세,중상
2015072700100332,2015년 7월 27일 15시,월요일,충청남도 아산시 모종동,부상신고사고,0,0,0,1,차량단독 - 전도전복,안전운전불이행,건조,맑음,교차로 - 교차로부근,자전거,여,46세,부상신고,,,,
2015072700100333,2015년 7월 27일 15시,월요일,충청남도 아산시 염치읍,경상사고,0,0,1,0,차대차 - 측면직각충돌,안전거리미확보,건조,맑음,단일로 - 기타,승용,남,55세,경상,승용,남,36세,상해없음
2015072700100421,2015년 7월 27일 17시,월요일,충청남도 아산시 방축동,중상사고,0,1,0,0,차대차 - 측면직각충돌,안전운전불이행,건조,맑음,교차로 - 교차로안,승용,남,38세,상해없음,이륜,남,50세,중상
2015072700100422,2015년 7월 27일 17시,월요일,충청남도 보령시 주포면,경상사고,0,0,1,0,차대차 - 측면직각충돌,직진우회전진행방해,건조,흐림,교차로 - 교차로안,승용,남,42세,상해없음,승용,남,47세,경상
2015072700100424,2015년 7월 27일 17시,월요일,충청남도 예산군 예산읍,중상사고,0,1,0,0,차대차 - 기타,신호위반,건조,맑음,교차로 - 교차로안,특수,남,43세,상해없음,화물,남,46세,중상
2015072700100425,2015년 7월 27일 17시,월요일,충청남도 천안시 서북구 성거읍,경상사고,0,0,4,0,차대차 - 추돌 - 진행중,안전운전불이행,건조,흐림,단일로 - 기타,승용,남,54세,상해없음,승용,여,50세,경상
2015072700100456,2015년 7월 27일 18시,월요일,충청남도 논산시 내동,경상사고,0,0,1,0,차대차 - 측면직각충돌,기타,건조,맑음,교차로 - 교차로안,이륜,남,21세,경상,승용,여,46세,상해없음
2015072700100457,2015년 7월 27일 18시,월요일,충청남도 당진시 수청리,경상사고,0,0,1,0,차대차 - 정면충돌,중앙선침범,건조,맑음,단일로 - 기타,승용,남,33세,상해없음,화물,남,51세,경상
2015072700100501,2015년 7월 27일 19시,월요일,충청남도 천안시 서북구 두정동,중상사고,0,1,0,0,차대차 - 추돌 - 진행중,안전운전불이행,건조,맑음,단일로 - 기타,원동기,남,45세,중상,승용,남,61세,상해없음
2015072700100502,2015년 7월 27일 19시,월요일,충청남도 아산시 모종동,중상사고,0,1,0,0,차대차 - 기타,교차로운행방법위반,건조,맑음,교차로 - 교차로안,승합,남,52세,상해없음,이륜,남,64세,중상
2015072700100531,2015년 7월 27일 20시,월요일,충청남도 공주시 반포면,중상사고,0,1,1,0,차대차 - 측면직각충돌,중앙선침범,건조,맑음,단일로 - 기타,승용,남,66세,기타불명,승용,여,60세,중상
2015072700100597,2015년 7월 27일 22시,월요일,충청남도 서산시 읍내동,경상사고,0,0,2,0,차대차 - 측면직각충돌,신호위반,건조,맑음,교차로 - 교차로안,승용,여,50세,경상,화물,남,31세,경상
2015072700100629,2015년 7월 27일 23시,월요일,충청남도 아산시 배방읍,중상사고,0,1,0,0,차대사람 - 기타,안전운전불이행,건조,맑음,단일로 - 기타,승용,여,35세,상해없음,보행자,남,34세,중상
2015072700100630,2015년 7월 27일 23시,월요일,충청남도 아산시 영인면,중상사고,0,2,0,0,차대차 - 측면직각충돌,안전거리미확보,건조,맑음,단일로 - 기타,이륜,남,24세,중상,화물,남,46세,상해없음
2015072700100631,2015년 7월 27일 23시,월요일,충청남도 천안시 동남구 신방동,경상사고,0,0,1,0,차대차 - 기타,안전운전불이행,건조,맑음,교차로 - 교차로안,승용,남,38세,상해없음,이륜,남,18세,경상
2015072800100008,2015년 7월 28일 00시,화요일,충청남도 태안군 태안읍,중상사고,0,1,0,0,차대차 - 기타,안전운전불이행,건조,맑음,교차로 - 교차로부근,화물,남,67세,상해없음,이륜,남,76세,중상
2015072800100051,2015년 7월 28일 03시,화요일,충청남도 보령시 웅천읍,경상사고,0,0,1,0,차량단독 - 기타,안전운전불이행,건조,맑음,단일로 - 기타,원동기,남,17세,상해없음,,,,
2015072800100109,2015년 7월 28일 07시,화요일,충청남도 아산시 염치읍,경상사고,0,0,3,0,차대차 - 추돌 - 진행중,안전거리미확보,건조,맑음,단일로 - 기타,화물,남,29세,상해없음,승용,남,54세,경상
2015072800100136,2015년 7월 28일 08시,화요일,충청남도 서천군 서천읍,중상사고,0,2,0,0,차대차 - 측면직각충돌,직진우회전진행방해,건조,맑음,교차로 - 교차로안,승용,남,46세,상해없음,승용,남,86세,중상
2015072800100156,2015년 7월 28일 09시,화요일,충청남도 천안시 서북구 성정동,중상사고,0,1,0,0,차대사람 - 기타,안전운전불이행,건조,맑음,교차로 - 교차로안,화물,남,25세,기타불명,보행자,남,55세,중상
2015072800100157,2015년 7월 28일 09시,화요일,충청남도 천안시 동남구 안서동,중상사고,0,3,0,0,차대차 - 측면직각충돌,중앙선침범,건조,맑음,교차로 - 교차로부근,승용,남,36세,중상,승용,남,48세,중상
2015072800100194,2015년 7월 28일 10시,화요일,충청남도 아산시 모종동,경상사고,0,0,1,0,차대사람 - 횡단중,보행자보호의무위반,건조,맑음,교차로 - 교차로안,승용,여,63세,상해없음,보행자,여,16세,경상
2015072800100195,2015년 7월 28일 10시,화요일,충청남도 부여군 은산면,중상사고,0,2,0,0,차대차 - 정면충돌,중앙선침범,건조,맑음,단일로 - 기타,화물,남,46세,상해없음,승합,남,60세,중상
2015072800100221,2015년 7월 28일 11시,화요일,충청남도 부여군 부여읍,중상사고,0,1,0,0,차대차 - 측면직각충돌,교차로운행방법위반,건조,맑음,교차로 - 교차로안,승용,남,52세,상해없음,이륜,남,64세,중상
2015072800100222,2015년 7월 28일 11시,화요일,충청남도 당진시 읍내리,중상사고,0,1,0,0,차대차 - 측면직각충돌,차로위반,건조,맑음,단일로 - 기타,승용,남,59세,상해없음,이륜,남,40세,중상
2015072800100256,2015년 7월 28일 12시,화요일,충청남도 논산시 화지동,중상사고,0,1,1,0,차대차 - 추돌 - 주정차중,안전운전불이행,건조,맑음,교차로 - 교차로부근,화물,남,79세,상해없음,이륜,남,66세,중상
2015072800100257,2015년 7월 28일 12시,화요일,충청남도 당진시 시곡리,중상사고,0,1,0,0,차대차 - 측면직각충돌,중앙선침범,건조,맑음,단일로 - 기타,화물,남,59세,상해없음,승용,남,33세,중상
2015072800100288,2015년 7월 28일 13시,화요일,충청남도 홍성군 홍성읍,경상사고,0,0,1,0,차대차 - 기타,교차로운행방법위반,건조,맑음,교차로 - 교차로안,승용,남,77세,상해없음,원동기,남,35세,경상
2015072800100289,2015년 7월 28일 13시,화요일,충청남도 홍성군 결성면,경상사고,0,0,1,0,차대차 - 기타,교차로운행방법위반,건조,맑음,교차로 - 교차로안,화물,남,59세,상해없음,승용,남,67세,경상
2015072800100290,2015년 7월 28일 13시,화요일,충청남도 천안시 동남구 용곡동,경상사고,0,0,1,0,차대차 - 측면직각충돌,직진우회전진행방해,건조,맑음,교차로 - 교차로안,자전거,남,47세,경상,승용,여,53세,상해없음
2015072800100410,2015년 7월 28일 16시,화요일,충청남도 논산시 연산면,경상사고,0,0,1,0,차대차 - 측면직각충돌,신호위반,건조,맑음,교차로 - 교차로안,화물,남,67세,상해없음,화물,남,46세,경상
2015072800100411,2015년 7월 28일 16시,화요일,충청남도 금산군 금산읍,경상사고,0,0,1,0,차대차 - 측면직각충돌,교차로운행방법위반,건조,맑음,교차로 - 교차로안,화물,남,50세,상해없음,승용,여,44세,경상
2015072800100412,2015년 7월 28일 16시,화요일,충청남도 금산군 군북면,경상사고,0,0,1,0,차량단독 - 전도전복,안전운전불이행,건조,맑음,단일로 - 기타,이륜,여,14세,상해없음,,,,
2015072800100439,2015년 7월 28일 17시,화요일,충청남도 천안시 동남구 삼룡동,중상사고,0,3,4,0,차대차 - 측면직각충돌,직진우회전진행방해,건조,맑음,교차로 - 교차로안,승용,남,58세,상해없음,승합,남,30세,중상
2015072800100479,2015년 7월 28일 18시,화요일,충청남도 천안시 동남구 청당동,부상신고사고,0,0,0,1,차대차 - 측면직각충돌,안전운전불이행,건조,맑음,교차로 - 교차로부근,자전거,남,10세,부상신고,승용,남,61세,상해없음
2015072800100552,2015년 7월 28일 20시,화요일,충청남도 천안시 서북구 성정동,경상사고,0,0,1,0,차대차 - 측면직각충돌,중앙선침범,건조,맑음,단일로 - 기타,승합,남,54세,기타불명,승용,남,57세,경상
2015072800100553,2015년 7월 28일 20시,화요일,충청남도 청양군 화성면,중상사고,0,1,5,0,차대차 - 정면충돌,중앙선침범,건조,맑음,단일로 - 기타,승용,남,45세,상해없음,승용,남,20세,경상
2015072800100554,2015년 7월 28일 20시,화요일,충청남도 천안시 동남구 청당동,중상사고,0,1,0,0,차대사람 - 횡단중,보행자보호의무위반,건조,맑음,단일로 - 횡단보도상,승용,남,27세,상해없음,보행자,남,22세,중상
2015072800100586,2015년 7월 28일 21시,화요일,충청남도 아산시 방축동,중상사고,0,1,0,0,차대사람 - 횡단중,보행자보호의무위반,건조,맑음,교차로 - 교차로안,승용,남,46세,상해없음,보행자,남,23세,중상
2015072900100029,2015년 7월 29일 01시,수요일,충청남도 태안군 소원면,경상사고,0,0,1,0,차대차 - 측면직각충돌,교차로운행방법위반,건조,맑음,교차로 - 교차로안,승용,남,29세,상해없음,승용,남,53세,상해없음