사고번호,사고일시,요일,시군구,사고내용,사망자수,중상자수,경상자수,부상신고자수,사고유형,법규위반,노면상태,기상상태,도로형태,가해운전자 차종,가해운전자 성별,가해운전자 연령,가해운전자 상해정도,피해운전자 차종,피해운전자 성별,피해운전자 연령,피해운전자 상해정도
2015080200100213,2015년 8월 2일 12시,일요일,충청남도 보령시 화산동,경상사고,0,0,3,0,차대차 - 기타,불법유턴,건조,맑음,교차로 - 교차로부근,승용,여,43세,상해없음,승용,남,25세,경상
2015080200100214,2015년 8월 2일 12시,일요일,충청남도 당진시 읍내리,중상사고,0,1,3,0,차대차 - 측면직각충돌,안전운전불이행,건조,흐림,단일로 - 기타,승용,남,52세,경상,승용,남,34세,중상
2015080200100244,2015년 8월 2일 13시,일요일,충청남도 아산시 온천동,중상사고,0,3,0,0,차대차 - 기타,안전운전불이행,건조,맑음,교차로 - 교차로안,승용,남,56세,상해없음,승용,남,62세,중상
2015080200100247,2015년 8월 2일 13시,일요일,충청남도 당진시 신평면,경상사고,0,0,3,1,차대차 - 추돌 - 주정차중,안전운전불이행,건조,맑음,단일로 - 교량,승용,남,36세,상해없음,승용,남,27세,경상
2015080200100305,2015년 8월 2일 15시,일요일,충청남도 공주시 신관동,중상사고,0,1,0,0,차대차 - 측면직각충돌,직진우회전진행방해,건조,맑음,교차로 - 교차로안,승용,남,46세,상해없음,원동기,남,25세,중상
2015080200100306,2015년 8월 2일 15시,일요일,충청남도 천안시 서북구 성거읍,경상사고,0,0,3,0,차대차 - 추돌 - 진행중,안전운전불이행,건조,맑음,단일로 - 기타,화물,남,40세,상해없음,승용,여,68세,경상
2015080200100337,2015년 8월 2일 16시,일요일,충청남도 보령시 신흑동,경상사고,0,0,3,0,차대차 - 추돌 - 진행중,안전거리미확보,습기,비,교차로 - 교차로안,화물,남,37세,상해없음,승용,여,43세,경상
2015080200100365,2015년 8월 2일 17시,일요일,충청남도 태안군 근흥면,중상사고,0,4,0,0,차대차 - 추돌 - 진행중,안전운전불이행,건조,맑음,단일로 - 기타,화물,남,57세,상해없음,승용,여,38세,중상
2015080200100366,2015년 8월 2일 17시,일요일,충청남도 논산시 부적면,경상사고,0,0,1,0,차대사람 - 기타,안전운전불이행,건조,맑음,교차로 - 교차로안,기타불명,기타불명,기타불명,기타불명,보행자,남,42세,경상
2015080200100389,2015년 8월 2일 18시,일요일,충청남도 논산시 양촌면,중상사고,0,1,0,0,차량단독 - 기타,안전운전불이행,건조,맑음,단일로 - 기타,이륜,남,30세,중상,,,,
2015080200100424,2015년 8월 2일 19시,일요일,충청남도 천안시 서북구 성정동,경상사고,0,0,1,0,차대차 - 기타,신호위반,건조,맑음,교차로 - 교차로부근,이륜,남,27세,경상,화물,남,55세,상해없음
2015080200100425,2015년 8월 2일 19시,일요일,충청남도 서천군 종천면,사망사고,1,6,1,0,차대차 - 기타,중앙선침범,건조,맑음,단일로 - 기타,승용,여,43세,중상,승합,남,38세,사망
2015080200100454,2015년 8월 2일 20시,일요일,충청남도 논산시 성동면,중상사고,0,1,0,0,차대사람 - 횡단중,안전운전불이행,건조,맑음,단일로 - 기타,승용,남,52세,상해없음,보행자,남,49세,중상
2015080200100455,2015년 8월 2일 20시,일요일,충청남도 홍성군 홍성읍,경상사고,0,0,1,0,차대차 - 측면직각충돌,교차로운행방법위반,건조,흐림,교차로 - 교차로안,화물,남,58세,상해없음,승용,여,42세,경상
2015080200100456,2015년 8월 2일 20시,일요일,충청남도 서천군 서면,경상사고,0,0,3,0,차대차 - 기타,신호위반,건조,맑음,교차로 - 교차로안,승용,남,47세,상해없음,승합,남,44세,경상
2015080200100524,2015년 8월 2일 23시,일요일,충청남도 부여군 외산면,경상사고,0,0,3,0,차대차 - 측면직각충돌,직진우회전진행방해,건조,맑음,교차로 - 교차로안,승용,남,31세,상해없음,승용,남,31세,경상
2015080300100030,2015년 8월 3일 02시,월요일,충청남도 공주시 신관동,중상사고,0,1,0,0,차대사람 - 횡단중,보행자보호의무위반,건조,맑음,교차로 - 교차로부근,승용,남,27세,상해없음,보행자,여,21세,중상
2015080300100043,2015년 8월 3일 04시,월요일,충청남도 당진시 송악읍,중상사고,0,3,0,0,차대차 - 추돌 - 진행중,안전운전불이행,건조,맑음,단일로 - 기타,승합,남,42세,상해없음,승용,남,25세,중상
2015080300100090,2015년 8월 3일 07시,월요일,충청남도 예산군 덕산면,경상사고,0,0,1,0,차대사람 - 횡단중,안전운전불이행,건조,맑음,교차로 - 교차로부근,승용,여,24세,상해없음,보행자,여,16세,경상
2015080300100164,2015년 8월 3일 10시,월요일,충청남도 서천군 장항읍,중상사고,0,1,0,0,차대차 - 기타,중앙선침범,건조,맑음,교차로 - 교차로부근,자전거,여,60세,중상,승용,여,44세,상해없음
2015080300100165,2015년 8월 3일 10시,월요일,충청남도 당진시 읍내리,중상사고,0,1,0,0,차대사람 - 횡단중,보행자보호의무위반,건조,맑음,단일로 - 횡단보도상,승용,남,41세,상해없음,보행자,여,83세,중상
2015080300100201,2015년 8월 3일 11시,월요일,충청남도 천안시 동남구 원성동,부상신고사고,0,0,0,1,차대차 - 기타,신호위반,건조,맑음,교차로 - 교차로안,승용,남,72세,상해없음,승용,남,53세,부상신고
2015080300100228,2015년 8월 3일 12시,월요일,충청남도 논산시 광석면,사망사고,1,0,1,0,차대차 - 기타,교차로운행방법위반,건조,맑음,교차로 - 교차로안,화물,남,45세,상해없음,화물,여,51세,사망
2015080300100229,2015년 8월 3일 12시,월요일,충청남도 논산시 양촌면,중상사고,0,1,0,0,차량단독 - 전도전복,안전운전불이행,건조,맑음,단일로 - 기타,이륜,여,59세,중상,,,,
2015080300100230,2015년 8월 3일 12시,월요일,충청남도 부여군 옥산면,중상사고,0,1,8,0,차대차 - 기타,직진우회전진행방해,건조,맑음,교차로 - 교차로안,승용,여,52세,경상,화물,남,70세,경상
2015080300100273,2015년 8월 3일 13시,월요일,충청남도 아산시 신동,중상사고,0,1,0,0,차대차 - 추돌 - 주정차중,안전거리미확보,건조,맑음,교차로 - 교차로부근,건설기계,남,29세,상해없음,화물,남,55세,중상
2015080300100320,2015년 8월 3일 14시,월요일,충청남도 당진시 순성면,중상사고,0,3,3,0,차대차 - 정면충돌,중앙선침범,건조,맑음,단일로 - 기타,승용,여,41세,경상,승용,남,52세,경상
2015080300100399,2015년 8월 3일 16시,월요일,충청남도 서천군 서천읍,경상사고,0,0,1,0,차대차 - 기타,안전거리미확보,건조,맑음,교차로 - 교차로안,승용,남,63세,상해없음,승용,여,45세,상해없음
2015080300100449,2015년 8월 3일 17시,월요일,충청남도 천안시 서북구 직산읍,중상사고,0,1,0,0,차대차 - 측면직각충돌,직진우회전진행방해,건조,맑음,교차로 - 교차로안,화물,남,75세,상해없음,원동기,남,48세,중상
2015080300100497,2015년 8월 3일 18시,월요일,충청남도 논산시 취암동,중상사고,0,2,0,0,차대차 - 측면직각충돌,교차로운행방법위반,건조,맑음,교차로 - 교차로안,승용,남,20세,상해없음,승용,여,46세,중상
2015080300100498,2015년 8월 3일 18시,월요일,충청남도 논산시 가야곡면,경상사고,0,0,1,0,차대차 - 정면충돌,안전운전불이행,건조,맑음,교차로 - 교차로안,승용,남,33세,상해없음,승용,여,41세,경상
2015080300100528,2015년 8월 3일 19시,월요일,충청남도 당진시 석문면,사망사고,1,0,0,0,차대차 - 정면충돌,중앙선침범,건조,맑음,단일로 - 기타,이륜,남,69세,사망,승용,남,49세,상해없음
2015080300100558,2015년 8월 3일 20시,월요일,충청남도 홍성군 금마면,경상사고,0,0,1,0,차대차 - 기타,교차로운행방법위반,건조,맑음,교차로 - 교차로안,승용,남,40세,상해없음,승용,남,35세,경상
2015080300100559,2015년 8월 3일 20시,월요일,충청남도 보령시 동대동,경상사고,0,0,4,0,차대차 - 기타,안전운전불이행,건조,맑음,단일로 - 기타,자전거,남,17세,경상,승용,여,34세,경상
2015080300100602,2015년 8월 3일 21시,월요일,충청남도 당진시 신평면,중상사고,0,1,4,0,차대차 - 추돌 - 진행중,안전운전불이행,건조,맑음,단일로 - 기타,승합,남,64세,상해없음,승용,남,46세,경상
2015080300100630,2015년 8월 3일 22시,월요일,충청남도 아산시 신창면,경상사고,0,0,4,0,차대차 - 측면직각충돌,신호위반,건조,맑음,교차로 - 교차로안,화물,남,64세,상해없음,승용,여,30세,경상
2015080300100631,2015년 8월 3일 22시,월요일,충청남도 예산군 덕산면,경상사고,0,0,1,0,차대차 - 추돌 - 진행중,안전운전불이행,건조,맑음,교차로 - 교차로안,승용,남,37세,상해없음,승용,남,44세,경상
2015080300100652,2015년 8월 3일 23시,월요일,충청남도 천안시 서북구 성정동,중상사고,0,1,0,0,차대차 - 기타,안전운전불이행,건조,맑음,교차로 - 교차로부근,승용,남,34세,상해없음,원동기,남,28세,중상
2015080400100012,2015년 8월 4일 00시,화요일,충청남도 천안시 서북구 쌍용동,중상사고,0,1,0,0,차대사람 - 기타,신호위반,건조,맑음,교차로 - 교차로부근,원동기,남,17세,상해없음,보행자,남,50세,중상
2015080400100049,2015년 8월 4일 03시,화요일,충청남도 태안군 태안읍,사망사고,1,3,1,0,차대차 - 정면충돌,중앙선침범,건조,맑음,교차로 - 교차로부근,승용,남,20세,중상,화물,남,31세,중상
2015080400100087,2015년 8월 4일 06시,화요일,충청남도 부여군 홍산면,사망사고,1,0,0,0,차량단독 - 공작물충돌,안전운전불이행,건조,맑음,교차로 - 교차로안,승용,남,75세,사망,,,,
2015080400100122,2015년 8월 4일 08시,화요일,충청남도 아산시 둔포면,경상사고,0,0,1,0,차대차 - 측면직각충돌,안전운전불이행,건조,맑음,교차로 - 교차로안,승용,남,25세,상해없음,승용,여,33세,경상
2015080400100123,2015년 8월 4일 08시,화요일,충청남도 예산군 예산읍,부상신고사고,0,0,0,1,차대차 - 기타,직진우회전진행방해,건조,맑음,교차로 - 교차로안,이륜,남,76세,부상신고,승용,남,34세,상해없음
2015080400100150,2015년 8월 4일 09시,화요일,충청남도 서천군 문산면,중상사고,0,1,0,0,차대사람 - 기타,안전운전불이행,건조,맑음,단일로 - 기타,화물,여,52세,상해없음,보행자,남,80세,중상
2015080400100183,2015년 8월 4일 10시,화요일,충청남도 공주시 신관동,경상사고,0,0,1,0,차대차 - 측면직각충돌,직진우회전진행방해,건조,맑음,교차로 - 교차로안,화물,남,34세,상해없음,원동기,남,42세,경상
2015080400100224,2015년 8월 4일 11시,화요일,충청남도 천안시 서북구 성거읍,중상사고,0,1,1,0,차대차 - 측면직각충돌,신호위반,건조,맑음,교차로 - 교차로안,화물,남,70세,상해없음,승용,남,31세,경상
2015080400100225,2015년 8월 4일 11시,화요일,충청남도 당진시 고대면,중상사고,0,2,0,0,차대차 - 측면직각충돌,교차로운행방법위반,건조,맑음,교차로 - 교차로안,화물,남,47세,상해없음,승합,남,46세,상해없음
2015080400100304,2015년 8월 4일 13시,화요일,충청남도 홍성군 홍북면,경상사고,0,0,1,0,차량단독 - 기타,안전운전불이행,건조,맑음,단일로 - 기타,원동기,남,36세,경상,,,,
2015080400100305,2015년 8월 4일 13시,화요일,충청남도 아산시 온천동,중상사고,0,1,0,0,차대사람 - 보도통행중,보행자보호의무위반,건조,맑음,교차로 - 교차로부근,승용,남,25세,상해없음,보행자,남,9세,중상
2015080400100306,2015년 8월 4일 13시,화요일,충청남도 금산군 군북면,경상사고,0,0,3,1,차대차 - 기타,안전운전불이행,건조,맑음,단일로 - 기타,승용,여,53세,경상,승용,남,45세,경상
2015080400100337,2015년 8월 4일 14시,화요일,충청남도 천안시 동남구 신부동,경상사고,0,0,3,0,차대차 - 추돌 - 진행중,안전운전불이행,건조,맑음,단일로 - 기타,승용,남,47세,상해없음,승용,남,41세,경상
2015080400100377,2015년 8월 4일 15시,화요일,충청남도 천안시 서북구 와촌동,중상사고,0,1,0,0,차대차 - 측면직각충돌,직진우회전진행방해,건조,맑음,교차로 - 교차로안,건설기계,남,37세,상해없음,자전거,남,68세,중상
2015080400100378,2015년 8월 4일 15시,화요일,충청남도 천안시 동남구 수신면,중상사고,0,2,0,0,차대차 - 기타,안전운전불이행,건조,맑음,단일로 - 기타,화물,남,46세,상해없음,농기계,남,63세,중상
2015080400100410,2015년 8월 4일 16시,화요일,충청남도 태안군 고남면,경상사고,0,0,1,0,차량단독 - 공작물충돌,안전운전불이행,건조,맑음,단일로 - 기타,승용,여,33세,경상,,,,
2015080400100411,2015년 8월 4일 16시,화요일,충청남도 서천군 종천면,중상사고,0,3,4,1,차대차 - 측면직각충돌,직진우회전진행방해,건조,맑음,교차로 - 교차로안,화물,남,43세,경상,승합,남,57세,상해없음
2015080400100412,2015년 8월 4일 16시,화요일,충청남도 부여군 규암면,중상사고,0,1,0,0,차대사람 - 횡단중,기타,건조,맑음,단일로 - 횡단보도부근,승용,여,40세,상해없음,보행자,남,6세,중상
2015080400100453,2015년 8월 4일 17시,화요일,충청남도 서산시 성연면,중상사고,0,3,1,0,차대차 - 측면직각충돌,신호위반,건조,맑음,교차로 - 교차로안,승용,남,52세,경상,승용,남,54세,중상
2015080400100495,2015년 8월 4일 18시,화요일,충청남도 공주시 정안면,중상사고,0,1,0,0,차대사람 - 횡단중,안전운전불이행,건조,맑음,단일로 - 기타,승합,남,33세,상해없음,보행자,남,68세,중상
2015080400100497,2015년 8월 4일 18시,화요일,충청남도 부여군 은산면,중상사고,0,1,0,0,차량단독 - 도로외이탈 - 추락,안전운전불이행,건조,맑음,단일로 - 기타,화물,여,63세,중상,,,,
2015080400100532,2015년 8월 4일 19시,화요일,충청남도 천안시 서북구 성성동,경상사고,0,0,1,0,차대차 - 측면직각충돌,안전운전불이행,건조,맑음,교차로 - 교차로안,승합,남,55세,경상,화물,남,40세,상해없음
2015080400100576,2015년 8월 4일 20시,화요일,충청남도 천안시 동남구 병천면,중상사고,0,1,0,0,차대사람 - 기타,안전운전불이행,건조,맑음,교차로 - 교차로안,승용,여,41세,상해없음,보행자,여,57세,중상
2015080400100642,2015년 8월 4일 22시,화요일,충청남도 논산시 취암동,경상사고,0,0,1,0,차대사람 - 길가장자리구역통행중,안전운전불이행,건조,맑음,단일로 - 기타,승용,남,67세,상해없음,보행자,남,20세,경상
2015080500100014,2015년 8월 5일 00시,수요일,충청남도 서천군 종천면,중상사고,0,1,1,0,차량단독 - 기타,안전운전불이행,건조,맑음,교차로 - 교차로부근,승용,여,53세,경상,,,,
2015080500100054,2015년 8월 5일 03시,수요일,충청남도 천안시 서북구 쌍용동,중상사고,0,1,0,0,차대차 - 기타,차로위반,건조,맑음,단일로 - 기타,원동기,남,17세,상해없음,원동기,남,16세,상해없음
2015080500100100,2015년 8월 5일 07시,수요일,충청남도 공주시 신관동,경상사고,0,0,1,0,차대차 - 측면직각충돌,안전거리미확보,건조,맑음,단일로 - 기타,승용,남,44세,상해없음,자전거,여,27세,경상
2015080500100192,2015년 8월 5일 10시,수요일,충청남도 천안시 서북구 성거읍,중상사고,0,1,0,0,차대차 - 기타,신호위반,건조,맑음,교차로 - 교차로안,원동기,남,61세,중상,승용,여,73세,상해없음
2015080500100272,2015년 8월 5일 13시,수요일,충청남도 태안군 태안읍,중상사고,0,2,0,0,차대차 - 측면직각충돌,안전운전불이행,건조,맑음,단일로 - 기타,화물,남,63세,상해없음,이륜,남,76세,중상
2015080500100273,2015년 8월 5일 13시,수요일,충청남도 홍성군 금마면,중상사고,0,1,5,1,차대차 - 기타,교차로운행방법위반,건조,맑음,교차로 - 교차로안,승용,남,47세,경상,승용,남,61세,경상
2015080500100274,2015년 8월 5일 13시,수요일,충청남도 당진시 합덕읍,중상사고,0,1,0,0,차대차 - 측면직각충돌,교차로운행방법위반,건조,맑음,교차로 - 교차로안,승용,여,68세,상해없음,이륜,남,79세,중상
2015080500100355,2015년 8월 5일 15시,수요일,충청남도 논산시 부창동,사망사고,1,2,0,0,차대차 - 추돌 - 주정차중,안전운전불이행,건조,맑음,교차로 - 교차로부근,화물,남,43세,중상,승용,여,63세,사망
2015080500100356,2015년 8월 5일 15시,수요일,충청남도 아산시 음봉면,경상사고,0,0,2,0,차대차 - 측면직각충돌,신호위반,건조,맑음,교차로 - 교차로안,승용,남,64세,상해없음,승용,남,65세,경상
2015080500100357,2015년 8월 5일 15시,수요일,충청남도 예산군 신암면,사망사고,1,0,0,0,차량단독 - 기타,안전운전불이행,건조,맑음,단일로 - 기타,원동기,남,55세,사망,,,,
2015080500100385,2015년 8월 5일 16시,수요일,충청남도 아산시 둔포면,중상사고,0,1,0,0,차대차 - 측면직각충돌,안전운전불이행,건조,맑음,단일로 - 기타,이륜,남,48세,중상,승용,남,33세,상해없음
2015080500100386,2015년 8월 5일 16시,수요일,충청남도 서천군 판교면,중상사고,0,1,1,0,차대차 - 측면직각충돌,교차로운행방법위반,건조,맑음,교차로 - 교차로안,승용,여,50세,경상,이륜,남,75세,중상
2015080500100387,2015년 8월 5일 16시,수요일,충청남도 서천군 마서면,경상사고,0,0,3,0,차대차 - 기타,안전운전불이행,건조,맑음,단일로 - 기타,화물,남,42세,상해없음,승용,남,32세,상해없음
2015080500100388,2015년 8월 5일 16시,수요일,충청남도 천안시 동남구 풍세면,경상사고,0,0,1,0,차대차 - 추돌 - 진행중,안전운전불이행,건조,맑음,단일로 - 기타,화물,남,46세,상해없음,승용,남,23세,경상
2015080500100423,2015년 8월 5일 17시,수요일,충청남도 천안시 서북구 백석동,경상사고,0,0,1,0,차대차 - 기타,안전운전불이행,건조,맑음,단일로 - 기타,승용,남,56세,상해없음,승용,여,43세,경상
2015080500100424,2015년 8월 5일 17시,수요일,충청남도 금산군 군북면,중상사고,0,1,0,0,차대차 - 측면직각충돌,과속,건조,맑음,교차로 - 교차로안,화물,남,41세,상해없음,승용,남,54세,중상
2015080500100476,2015년 8월 5일 18시,수요일,충청남도 아산시 음봉면,중상사고,0,1,1,0,차대차 - 측면직각충돌,중앙선침범,건조,흐림,단일로 - 기타,승용,남,31세,상해없음,승용,남,55세,경상
2015080500100542,2015년 8월 5일 20시,수요일,충청남도 천안시 서북구 성정동,경상사고,0,0,1,0,차대차 - 측면직각충돌,안전운전불이행,건조,맑음,단일로 - 기타,화물,남,48세,상해없음,승용,남,26세,경상
2015080500100543,2015년 8월 5일 20시,수요일,충청남도 홍성군 홍성읍,경상사고,0,0,3,0,차대차 - 기타,교차로운행방법위반,건조,맑음,교차로 - 교차로안,승용,남,32세,상해없음,승용,남,23세,경상
2015080500100575,2015년 8월 5일 21시,수요일,충청남도 태안군 안면읍,경상사고,0,0,1,0,차대사람 - 기타,안전운전불이행,건조,맑음,단일로 - 기타,승용,남,71세,상해없음,보행자,남,53세,경상
2015080500100576,2015년 8월 5일 21시,수요일,충청남도 천안시 서북구 불당동,경상사고,0,0,1,0,차대차 - 추돌 - 주정차중,안전운전불이행,건조,맑음,교차로 - 교차로부근,승용,남,33세,상해없음,승용,남,42세,경상
2015080500100639,2015년 8월 5일 23시,수요일,충청남도 공주시 옥룡동,중상사고,0,1,1,0,차대차 - 추돌 - 진행중,안전운전불이행,건조,맑음,교차로 - 교차로안,승용,남,25세,상해없음,승용,남,31세,경상
2015080500100640,2015년 8월 5일 23시,수요일,충청남도 천안시 동남구 안서동,중상사고,0,1,0,0,차대차 - 추돌 - 진행중,중앙선침범,건조,맑음,교차로 - 교차로부근,승용,여,46세,상해없음,이륜,남,23세,중상
2015080600100036,2015년 8월 6일 02시,목요일,충청남도 보령시 신흑동,경상사고,0,0,1,0,차대사람 - 기타,안전운전불이행,건조,맑음,단일로 - 기타,원동기,남,17세,상해없음,보행자,여,30세,경상
2015080600100058,2015년 8월 6일 05시,목요일,충청남도 아산시 권곡동,사망사고,1,0,0,0,차대사람 - 횡단중,보행자보호의무위반,건조,맑음,단일로 - 횡단보도상,승용,남,68세,상해없음,보행자,여,77세,사망
2015080600100087,2015년 8월 6일 07시,목요일,충청남도 아산시 음봉면,경상사고,0,0,1,0,차대차 - 정면충돌,중앙선침범,건조,맑음,단일로 - 기타,화물,남,69세,상해없음,승용,남,31세,경상
2015080600100088,2015년 8월 6일 07시,목요일,충청남도 보령시 동대동,중상사고,0,1,0,0,차대사람 - 기타,안전운전불이행,건조,맑음,단일로 - 기타,승용,남,34세,상해없음,보행자,남,70세,중상
2015080600100149,2015년 8월 6일 09시,목요일,충청남도 홍성군 금마면,경상사고,0,0,1,0,차대사람 - 기타,안전운전불이행,건조,맑음,단일로 - 기타,승용,남,40세,상해없음,보행자,남,55세,경상
2015080600100178,2015년 8월 6일 10시,목요일,충청남도 보령시 대천동,부상신고사고,0,0,0,1,차대차 - 측면직각충돌,안전운전불이행,건조,맑음,단일로 - 기타,자전거,남,76세,부상신고,승용,여,55세,상해없음
2015080600100312,2015년 8월 6일 14시,목요일,충청남도 공주시 탄천면,부상신고사고,0,0,0,1,차대차 - 기타,안전운전불이행,건조,맑음,교차로 - 교차로안,이륜,남,76세,기타불명,화물,남,44세,상해없음
2015080600100313,2015년 8월 6일 14시,목요일,충청남도 천안시 동남구 목천읍,경상사고,0,0,3,0,차대차 - 측면직각충돌,직진우회전진행방해,건조,맑음,교차로 - 교차로안,승용,여,28세,경상,화물,남,55세,상해없음
2015080600100401,2015년 8월 6일 16시,목요일,충청남도 서산시 읍내동,중상사고,0,1,0,0,차대차 - 기타,중앙선침범,건조,맑음,교차로 - 교차로부근,화물,남,49세,상해없음,이륜,남,34세,중상
2015080600100402,2015년 8월 6일 16시,목요일,충청남도 천안시 서북구 백석동,경상사고,0,0,2,0,차대차 - 기타,교차로운행방법위반,건조,맑음,교차로 - 교차로안,승용,여,34세,상해없음,승용,여,46세,경상
2015080600100403,2015년 8월 6일 16시,목요일,충청남도 보령시 웅천읍,경상사고,0,0,1,0,차대차 - 추돌 - 진행중,중앙선침범,건조,맑음,단일로 - 기타,승용,남,41세,상해없음,이륜,남,46세,경상
2015080600100444,2015년 8월 6일 17시,목요일,충청남도 홍성군 서부면,경상사고,0,0,1,0,차대차 - 기타,안전운전불이행,건조,맑음,단일로 - 기타,승용,남,69세,상해없음,승용,여,61세,경상
2015080600100484,2015년 8월 6일 18시,목요일,충청남도 천안시 서북구 쌍용동,경상사고,0,0,1,0,차대차 - 기타,안전운전불이행,건조,맑음,단일로 - 기타,원동기,남,38세,경상,건설기계,남,43세,상해없음
2015080600100485,2015년 8월 6일 18시,목요일,충청남도 천안시 서북구 업성동,중상사고,0,1,0,0,차대차 - 기타,안전운전불이행,건조,맑음,교차로 - 교차로안,승용,남,33세,상해없음,승용,남,47세,중상
2015080600100486,2015년 8월 6일 18시,목요일,충청남도 천안시 동남구 병천면,경상사고,0,0,2,0,차대차 - 추돌 - 주정차중,안전운전불이행,건조,맑음,단일로 - 기타,승용,남,33세,경상,승용,여,55세,경상
2015080600100487,2015년 8월 6일 18시,목요일,충청남도 공주시 우성면,중상사고,0,1,0,0,차대차 - 기타,안전운전불이행,건조,맑음,단일로 - 기타,화물,남,32세,상해없음,승용,남,27세,중상
2015080600100530,2015년 8월 6일 19시,목요일,충청남도 서천군 서천읍,경상사고,0,0,1,0,차대차 - 기타,안전운전불이행,건조,맑음,단일로 - 기타,승용,남,52세,상해없음,승용,여,47세,경상
2015080600100531,2015년 8월 6일 19시,목요일,충청남도 서천군 화양면,중상사고,0,1,0,0,차대사람 - 기타,안전운전불이행,건조,맑음,단일로 - 기타,승용,남,64세,상해없음,보행자,남,59세,중상
2015080600100584,2015년 8월 6일 20시,목요일,충청남도 천안시 서북구 두정동,중상사고,0,1,0,0,차대차 - 기타,안전운전불이행,건조,맑음,교차로 - 교차로부근,승용,남,26세,상해없음,승합,남,61세,중상
2015080600100585,2015년 8월 6일 20시,목요일,충청남도 아산시 배방읍,경상사고,0,0,1,0,차대사람 - 횡단중,안전운전불이행,건조,맑음,단일로 - 기타,이륜,남,22세,상해없음,보행자,여,74세,경상
2015080600100626,2015년 8월 6일 21시,목요일,충청남도 서산시 읍내동,경상사고,0,0,1,0,차대사람 - 횡단중,보행자보호의무위반,건조,맑음,단일로 - 횡단보도상,승용,남,46세,상해없음,보행자,여,56세,경상
2015080600100677,2015년 8월 6일 23시,목요일,충청남도 아산시 도고면,경상사고,0,0,1,0,차대차 - 추돌 - 주정차중,안전운전불이행,건조,맑음,단일로 - 기타,승용,남,47세,상해없음,승용,남,41세,경상
2015080700100047,2015년 8월 7일 02시,금요일,충청남도 당진시 읍내리,경상사고,0,0,2,0,차대차 - 측면직각충돌,안전운전불이행,건조,맑음,교차로 - 교차로안,승용,남,24세,상해없음,승용,남,39세,경상
2015080700100085,2015년 8월 7일 06시,금요일,충청남도 홍성군 홍성읍,경상사고,0,0,4,0,차대차 - 기타,신호위반,건조,맑음,교차로 - 교차로안,승용,남,43세,상해없음,승용,남,38세,경상
2015080700100086,2015년 8월 7일 06시,금요일,충청남도 당진시 순성면,경상사고,0,0,1,0,차대차 - 기타,교차로운행방법위반,건조,맑음,교차로 - 교차로안,이륜,남,73세,경상,화물,남,40세,상해없음
2015080700100107,2015년 8월 7일 07시,금요일,충청남도 천안시 서북구 성정동,경상사고,0,0,1,0,차대차 - 측면직각충돌,교차로운행방법위반,건조,맑음,교차로 - 교차로안,승용,남,38세,상해없음,승용,여,43세,경상
2015080700100133,2015년 8월 7일 08시,금요일,충청남도 논산시 양촌면,중상사고,0,1,0,0,차대사람 - 횡단중,안전운전불이행,건조,맑음,단일로 - 기타,원동기,남,69세,상해없음,보행자,남,78세,중상
2015080700100176,2015년 8월 7일 09시,금요일,충청남도 천안시 동남구 목천읍,중상사고,0,1,0,0,차대차 - 기타,신호위반,건조,맑음,교차로 - 교차로안,화물,남,52세,상해없음,승합,남,38세,상해없음
2015080700100206,2015년 8월 7일 10시,금요일,충청남도 홍성군 홍북면,중상사고,0,2,0,0,차대차 - 정면충돌,교차로운행방법위반,건조,맑음,교차로 - 교차로안,승용,여,49세,중상,승용,여,38세,중상
2015080700100266,2015년 8월 7일 12시,금요일,충청남도 천안시 서북구 성정동,경상사고,0,0,3,0,차대차 - 측면직각충돌,직진우회전진행방해,건조,맑음,교차로 - 교차로안,승용,남,40세,경상,승용,여,50세,경상
2015080700100267,2015년 8월 7일 12시,금요일,충청남도 홍성군 서부면,중상사고,0,2,4,0,차대차 - 추돌 - 주정차중,안전운전불이행,건조,맑음,단일로 - 기타,승합,남,55세,경상,승용,여,33세,경상
2015080700100269,2015년 8월 7일 12시,금요일,충청남도 금산군 금산읍,중상사고,0,1,0,1,차대차 - 측면직각충돌,직진우회전진행방해,건조,맑음,교차로 - 교차로안,승용,남,50세,상해없음,이륜,남,62세,부상신고
2015080700100303,2015년 8월 7일 13시,금요일,충청남도 서천군 비인면,중상사고,0,1,1,0,차대차 - 정면충돌,중앙선침범,건조,맑음,단일로 - 기타,승용,남,74세,상해없음,화물,남,65세,경상
2015080700100333,2015년 8월 7일 14시,금요일,충청남도 청양군 청양읍,중상사고,0,1,0,0,차량단독 - 전도전복,안전운전불이행,건조,맑음,단일로 - 기타,건설기계,남,48세,중상,,,,
2015080700100360,2015년 8월 7일 15시,금요일,충청남도 아산시 음봉면,경상사고,0,0,1,0,차대차 - 추돌 - 주정차중,안전운전불이행,건조,맑음,단일로 - 기타,승용,남,57세,상해없음,화물,남,24세,경상
2015080700100400,2015년 8월 7일 16시,금요일,충청남도 아산시 염치읍,경상사고,0,0,2,0,차대차 - 추돌 - 주정차중,안전운전불이행,건조,맑음,교차로 - 교차로부근,승용,남,60세,경상,건설기계,남,47세,경상
2015080700100436,2015년 8월 7일 17시,금요일,충청남도 아산시 모종동,중상사고,0,1,0,0,차대사람 - 횡단중,보행자보호의무위반,건조,맑음,단일로 - 횡단보도상,승용,남,19세,상해없음,보행자,여,57세,중상