사고번호,사고일시,요일,시군구,사고내용,사망자수,중상자수,경상자수,부상신고자수,사고유형,법규위반,노면상태,기상상태,도로형태,가해운전자 차종,가해운전자 성별,가해운전자 연령,가해운전자 상해정도,피해운전자 차종,피해운전자 성별,피해운전자 연령,피해운전자 상해정도
2015080700100437,2015년 8월 7일 17시,금요일,충청남도 서천군 장항읍,중상사고,0,1,0,0,차대차 - 기타,안전운전불이행,건조,맑음,교차로 - 교차로부근,승용,남,63세,상해없음,원동기,남,81세,중상
2015080700100438,2015년 8월 7일 17시,금요일,충청남도 천안시 동남구 대흥동,중상사고,0,1,1,0,차대차 - 추돌 - 주정차중,안전운전불이행,건조,맑음,교차로 - 교차로안,승용,남,31세,상해없음,승용,여,43세,경상
2015080700100489,2015년 8월 7일 18시,금요일,충청남도 천안시 서북구 부대동,경상사고,0,0,1,0,차대차 - 기타,차로위반,건조,맑음,단일로 - 기타,승용,여,61세,상해없음,승합,남,70세,상해없음
2015080700100490,2015년 8월 7일 18시,금요일,충청남도 예산군 예산읍,중상사고,0,1,0,0,차대차 - 기타,중앙선침범,건조,맑음,교차로 - 교차로부근,이륜,남,63세,중상,승용,남,48세,상해없음
2015080700100555,2015년 8월 7일 20시,금요일,충청남도 천안시 서북구 불당동,경상사고,0,0,3,0,차대차 - 정면충돌,신호위반,건조,맑음,교차로 - 교차로안,승용,여,42세,상해없음,승용,남,37세,경상
2015080700100556,2015년 8월 7일 20시,금요일,충청남도 홍성군 홍동면,중상사고,0,1,0,0,차대사람 - 차도통행중,안전운전불이행,건조,맑음,단일로 - 기타,화물,남,60세,상해없음,보행자,남,27세,중상
2015080700100592,2015년 8월 7일 21시,금요일,충청남도 공주시 봉정동,경상사고,0,0,1,0,차대차 - 추돌 - 진행중,안전운전불이행,건조,맑음,단일로 - 기타,승용,남,43세,상해없음,승용,남,54세,경상
2015080700100656,2015년 8월 7일 23시,금요일,충청남도 금산군 금성면,경상사고,0,0,1,0,차대차 - 추돌 - 진행중,안전거리미확보,건조,맑음,단일로 - 기타,승용,남,43세,상해없음,승용,여,50세,경상
2015080800100036,2015년 8월 8일 01시,토요일,충청남도 아산시 인주면,중상사고,0,1,1,0,차대차 - 추돌 - 주정차중,안전거리미확보,건조,맑음,교차로 - 교차로부근,승용,남,34세,상해없음,이륜,남,20세,경상
2015080800100037,2015년 8월 8일 01시,토요일,충청남도 당진시 석문면,중상사고,0,2,1,0,차대차 - 측면직각충돌,신호위반,건조,맑음,교차로 - 교차로안,승용,남,30세,상해없음,승용,여,64세,경상
2015080800100069,2015년 8월 8일 03시,토요일,충청남도 서산시 운산면,중상사고,0,1,0,0,차량단독 - 기타,안전운전불이행,건조,맑음,단일로 - 기타,화물,남,49세,중상,,,,
2015080800100090,2015년 8월 8일 04시,토요일,충청남도 청양군 화성면,중상사고,0,1,2,0,차대차 - 기타,중앙선침범,건조,맑음,단일로 - 기타,화물,남,54세,경상,승용,남,32세,중상
2015080800100134,2015년 8월 8일 07시,토요일,충청남도 서천군 서천읍,중상사고,0,1,0,0,차량단독 - 기타,안전운전불이행,건조,맑음,단일로 - 기타,원동기,남,76세,중상,,,,
2015080800100160,2015년 8월 8일 08시,토요일,충청남도 천안시 동남구 다가동,경상사고,0,0,1,0,차대차 - 추돌 - 주정차중,안전운전불이행,건조,맑음,교차로 - 교차로부근,승용,남,56세,상해없음,화물,남,58세,경상
2015080800100188,2015년 8월 8일 09시,토요일,충청남도 보령시 명천동,경상사고,0,0,1,0,차대차 - 추돌 - 주정차중,안전거리미확보,건조,맑음,교차로 - 교차로안,승용,남,50세,상해없음,이륜,남,81세,경상
2015080800100245,2015년 8월 8일 11시,토요일,충청남도 천안시 서북구 쌍용동,경상사고,0,0,1,0,차대사람 - 차도통행중,안전운전불이행,건조,맑음,단일로 - 기타,화물,남,37세,상해없음,보행자,여,69세,경상
2015080800100246,2015년 8월 8일 11시,토요일,충청남도 홍성군 홍성읍,경상사고,0,0,2,0,차대차 - 추돌 - 진행중,안전운전불이행,건조,흐림,교차로 - 교차로부근,이륜,남,65세,상해없음,승용,남,57세,상해없음
2015080800100316,2015년 8월 8일 13시,토요일,충청남도 논산시 부창동,중상사고,0,1,1,0,차대차 - 측면직각충돌,중앙선침범,습기,비,단일로 - 기타,자전거,남,80세,중상,승용,남,65세,상해없음
2015080800100317,2015년 8월 8일 13시,토요일,충청남도 아산시 송악면,중상사고,0,2,1,0,차대차 - 측면직각충돌,직진우회전진행방해,습기,비,교차로 - 교차로안,승용,남,52세,상해없음,승용,남,36세,중상
2015080800100318,2015년 8월 8일 13시,토요일,충청남도 당진시 석문면,경상사고,0,0,1,0,차대차 - 추돌 - 진행중,안전운전불이행,습기,비,단일로 - 기타,화물,남,58세,상해없음,원동기,남,55세,경상
2015080800100319,2015년 8월 8일 13시,토요일,충청남도 청양군 목면,중상사고,0,1,0,0,차대사람 - 기타,안전운전불이행,습기,비,단일로 - 기타,승용,남,68세,상해없음,보행자,여,75세,중상
2015080800100320,2015년 8월 8일 13시,토요일,충청남도 서산시 해미면,중상사고,0,1,2,0,차대차 - 추돌 - 주정차중,안전운전불이행,건조,맑음,단일로 - 기타,승용,남,34세,상해없음,승용,남,23세,경상
2015080800100395,2015년 8월 8일 15시,토요일,충청남도 천안시 서북구 입장면,사망사고,1,0,0,0,차량단독 - 공작물충돌,안전운전불이행,습기,비,단일로 - 기타,화물,남,71세,사망,,,,
2015080800100396,2015년 8월 8일 15시,토요일,충청남도 홍성군 서부면,중상사고,0,1,2,0,차대차 - 기타,교차로운행방법위반,건조,맑음,교차로 - 교차로안,승용,여,59세,상해없음,승용,남,45세,경상
2015080800100397,2015년 8월 8일 15시,토요일,충청남도 보령시 웅천읍,경상사고,0,0,1,0,차대차 - 추돌 - 진행중,신호위반,건조,맑음,교차로 - 교차로안,승용,남,64세,기타불명,화물,남,59세,경상
2015080800100487,2015년 8월 8일 17시,토요일,충청남도 홍성군 홍북면,중상사고,0,1,0,0,차대차 - 추돌 - 진행중,안전운전불이행,건조,흐림,단일로 - 기타,승용,여,46세,상해없음,농기계,남,59세,중상
2015080800100489,2015년 8월 8일 17시,토요일,충청남도 천안시 동남구 동면,중상사고,0,1,0,0,차대차 - 기타,안전운전불이행,건조,맑음,교차로 - 교차로안,화물,남,59세,상해없음,이륜,남,80세,중상
2015080800100530,2015년 8월 8일 18시,토요일,충청남도 보령시 성주면,경상사고,0,0,3,0,차대차 - 측면직각충돌,중앙선침범,건조,맑음,단일로 - 기타,승용,남,26세,상해없음,특수,남,41세,경상
2015080800100531,2015년 8월 8일 18시,토요일,충청남도 당진시 정미면,경상사고,0,0,1,0,차량단독 - 공작물충돌,안전운전불이행,건조,맑음,단일로 - 기타,승용,남,33세,경상,,,,
2015080800100532,2015년 8월 8일 18시,토요일,충청남도 청양군 대치면,경상사고,0,0,1,0,차량단독 - 공작물충돌,안전운전불이행,습기,맑음,단일로 - 기타,화물,남,52세,경상,,,,
2015080800100564,2015년 8월 8일 19시,토요일,충청남도 서천군 장항읍,경상사고,0,0,1,0,차대차 - 기타,직진우회전진행방해,건조,맑음,교차로 - 교차로안,승용,여,58세,상해없음,원동기,남,32세,경상
2015080800100602,2015년 8월 8일 20시,토요일,충청남도 보령시 궁촌동,경상사고,0,0,1,0,차대차 - 추돌 - 진행중,신호위반,건조,맑음,교차로 - 교차로안,승용,여,30세,상해없음,승용,남,52세,경상
2015080800100629,2015년 8월 8일 21시,토요일,충청남도 서산시 읍내동,경상사고,0,0,2,1,차대차 - 기타,신호위반,건조,맑음,교차로 - 교차로안,승용,여,67세,상해없음,승용,여,32세,경상
2015080800100630,2015년 8월 8일 21시,토요일,충청남도 아산시 신창면,중상사고,0,2,5,0,차대차 - 추돌 - 주정차중,안전운전불이행,건조,맑음,교차로 - 교차로부근,승용,남,58세,중상,승용,남,58세,경상
2015080900100028,2015년 8월 9일 01시,일요일,충청남도 홍성군 구항면,사망사고,1,0,0,0,차량단독 - 공작물충돌,안전운전불이행,건조,맑음,단일로 - 기타,승용,남,21세,사망,,,,
2015080900100029,2015년 8월 9일 01시,일요일,충청남도 당진시 읍내리,경상사고,0,0,1,0,차대차 - 추돌 - 진행중,교차로운행방법위반,건조,맑음,교차로 - 교차로부근,승용,남,22세,상해없음,승용,남,62세,경상
2015080900100042,2015년 8월 9일 02시,일요일,충청남도 천안시 동남구 구성동,경상사고,0,0,1,0,차대차 - 기타,안전운전불이행,건조,맑음,교차로 - 교차로안,승용,남,46세,상해없음,승용,남,34세,경상
2015080900100059,2015년 8월 9일 03시,일요일,충청남도 아산시 배방읍,경상사고,0,0,1,0,차대차 - 추돌 - 주정차중,안전운전불이행,건조,맑음,교차로 - 교차로부근,승용,남,45세,상해없음,승용,남,50세,경상
2015080900100090,2015년 8월 9일 06시,일요일,충청남도 천안시 서북구 성정동,경상사고,0,0,1,0,차대차 - 기타,안전운전불이행,건조,맑음,교차로 - 교차로부근,승용,남,62세,경상,승용,남,25세,상해없음
2015080900100103,2015년 8월 9일 07시,일요일,충청남도 천안시 서북구 신당동,중상사고,0,1,0,0,차대차 - 측면직각충돌,신호위반,건조,맑음,교차로 - 교차로안,승용,남,44세,상해없음,승용,남,23세,중상
2015080900100114,2015년 8월 9일 08시,일요일,충청남도 태안군 태안읍,경상사고,0,0,1,0,차대차 - 측면직각충돌,안전운전불이행,건조,맑음,단일로 - 기타,화물,남,66세,상해없음,승용,남,36세,경상
2015080900100121,2015년 8월 9일 09시,일요일,충청남도 당진시 송악읍,경상사고,0,0,2,0,차대차 - 기타,교차로운행방법위반,건조,맑음,교차로 - 교차로안,승용,남,47세,경상,승용,남,44세,경상
2015080900100143,2015년 8월 9일 10시,일요일,충청남도 천안시 동남구 성황동,중상사고,0,1,0,0,차대사람 - 횡단중,보행자보호의무위반,건조,맑음,교차로 - 교차로안,승용,남,49세,상해없음,보행자,남,55세,중상
2015080900100170,2015년 8월 9일 11시,일요일,충청남도 보령시 미산면,중상사고,0,2,2,0,차량단독 - 공작물충돌,안전운전불이행,건조,맑음,단일로 - 기타,승용,남,20세,상해없음,,,,
2015080900100190,2015년 8월 9일 12시,일요일,충청남도 태안군 소원면,경상사고,0,0,7,0,차대차 - 측면직각충돌,교차로운행방법위반,건조,맑음,교차로 - 교차로안,승용,남,18세,경상,승용,남,61세,상해없음
2015080900100191,2015년 8월 9일 12시,일요일,충청남도 당진시 원당리,경상사고,0,0,1,0,차대차 - 정면충돌,중앙선침범,건조,맑음,단일로 - 기타,승용,남,61세,상해없음,승합,남,53세,경상
2015080900100218,2015년 8월 9일 13시,일요일,충청남도 예산군 삽교읍,경상사고,0,0,1,0,차대차 - 기타,직진우회전진행방해,건조,맑음,교차로 - 교차로안,승용,남,58세,상해없음,이륜,남,56세,경상
2015080900100246,2015년 8월 9일 14시,일요일,충청남도 보령시 화산동,중상사고,0,1,0,0,차대차 - 추돌 - 주정차중,안전운전불이행,건조,맑음,단일로 - 기타,화물,남,40세,상해없음,승용,여,63세,중상
2015080900100266,2015년 8월 9일 15시,일요일,충청남도 서산시 해미면,경상사고,0,0,7,0,차대차 - 추돌 - 주정차중,안전운전불이행,건조,맑음,단일로 - 기타,승용,남,23세,경상,승용,남,29세,경상
2015080900100295,2015년 8월 9일 16시,일요일,충청남도 논산시 양촌면,경상사고,0,0,1,0,차대차 - 측면직각충돌,안전운전불이행,건조,맑음,단일로 - 기타,이륜,남,53세,경상,승용,남,38세,상해없음
2015080900100296,2015년 8월 9일 16시,일요일,충청남도 아산시 모종동,경상사고,0,0,2,0,차대차 - 추돌 - 주정차중,안전운전불이행,건조,맑음,단일로 - 기타,화물,남,49세,상해없음,승용,여,28세,경상
2015080900100327,2015년 8월 9일 17시,일요일,충청남도 천안시 서북구 성정동,경상사고,0,0,2,0,차대차 - 기타,안전운전불이행,건조,맑음,단일로 - 기타,승용,남,29세,기타불명,승합,남,45세,경상
2015080900100328,2015년 8월 9일 17시,일요일,충청남도 아산시 선장면,중상사고,0,1,0,0,차대차 - 측면직각충돌,안전운전불이행,건조,맑음,단일로 - 기타,승용,남,41세,상해없음,이륜,남,68세,중상
2015080900100353,2015년 8월 9일 18시,일요일,충청남도 천안시 서북구 두정동,중상사고,0,1,0,0,차대차 - 측면직각충돌,직진우회전진행방해,건조,맑음,교차로 - 교차로안,승용,여,45세,상해없음,자전거,남,15세,중상
2015080900100354,2015년 8월 9일 18시,일요일,충청남도 홍성군 홍성읍,경상사고,0,0,1,0,차대차 - 기타,안전운전불이행,건조,맑음,교차로 - 교차로부근,승용,남,50세,상해없음,승용,남,50세,경상
2015080900100355,2015년 8월 9일 18시,일요일,충청남도 공주시 신관동,경상사고,0,0,2,0,차대차 - 측면직각충돌,안전운전불이행,건조,맑음,교차로 - 교차로안,승용,여,42세,상해없음,화물,남,21세,경상
2015080900100428,2015년 8월 9일 20시,일요일,충청남도 아산시 배미동,중상사고,0,1,0,0,차대사람 - 기타,안전운전불이행,건조,맑음,단일로 - 기타,원동기,남,18세,상해없음,보행자,남,82세,중상
2015080900100460,2015년 8월 9일 21시,일요일,충청남도 천안시 동남구 청당동,경상사고,0,0,1,0,차대차 - 측면직각충돌,안전운전불이행,건조,맑음,단일로 - 기타,승용,남,59세,상해없음,원동기,남,26세,경상
2015080900100461,2015년 8월 9일 21시,일요일,충청남도 천안시 동남구 성황동,경상사고,0,0,1,0,차대사람 - 기타,안전운전불이행,건조,맑음,단일로 - 기타,승용,남,33세,상해없음,보행자,남,23세,경상
2015080900100481,2015년 8월 9일 22시,일요일,충청남도 금산군 추부면,중상사고,0,1,0,0,차대사람 - 길가장자리구역통행중,안전운전불이행,건조,맑음,단일로 - 교량,화물,남,55세,상해없음,보행자,여,57세,중상
2015080900100482,2015년 8월 9일 22시,일요일,충청남도 청양군 정산면,사망사고,1,1,0,0,차대차 - 추돌 - 진행중,안전운전불이행,건조,맑음,단일로 - 기타,화물,남,55세,중상,농기계,남,77세,사망
2015080900100504,2015년 8월 9일 23시,일요일,충청남도 천안시 서북구 성정동,경상사고,0,0,2,0,차대차 - 측면직각충돌,신호위반,건조,맑음,교차로 - 교차로안,승용,남,28세,상해없음,승용,남,54세,경상
2015081000100062,2015년 8월 10일 06시,월요일,충청남도 홍성군 홍성읍,경상사고,0,0,1,0,차대차 - 기타,안전운전불이행,건조,맑음,단일로 - 기타,승용,남,38세,상해없음,승용,남,72세,경상
2015081000100141,2015년 8월 10일 09시,월요일,충청남도 아산시 배미동,경상사고,0,0,1,0,차대차 - 기타,교차로운행방법위반,건조,맑음,단일로 - 기타,원동기,남,22세,경상,화물,남,58세,상해없음
2015081000100142,2015년 8월 10일 09시,월요일,충청남도 예산군 삽교읍,중상사고,0,1,0,0,차대차 - 추돌 - 진행중,안전운전불이행,건조,맑음,단일로 - 기타,화물,남,73세,상해없음,화물,여,48세,중상
2015081000100171,2015년 8월 10일 10시,월요일,충청남도 천안시 서북구 성정동,경상사고,0,0,1,0,차대차 - 기타,안전운전불이행,건조,맑음,단일로 - 기타,승용,남,63세,상해없음,승용,남,22세,경상
2015081000100172,2015년 8월 10일 10시,월요일,충청남도 홍성군 홍북면,경상사고,0,0,1,0,차대차 - 정면충돌,안전운전불이행,건조,맑음,단일로 - 기타,화물,남,58세,상해없음,승용,남,65세,경상
2015081000100203,2015년 8월 10일 11시,월요일,충청남도 논산시 지산동,경상사고,0,0,1,0,차대사람 - 보도통행중,안전운전불이행,건조,맑음,단일로 - 기타,승용,남,47세,상해없음,보행자,남,41세,경상
2015081000100204,2015년 8월 10일 11시,월요일,충청남도 아산시 풍기동,경상사고,0,0,1,0,차대차 - 기타,안전거리미확보,건조,맑음,단일로 - 기타,건설기계,남,56세,상해없음,승용,여,42세,경상
2015081000100238,2015년 8월 10일 12시,월요일,충청남도 서산시 동문동,경상사고,0,0,1,0,차대사람 - 기타,안전운전불이행,건조,맑음,단일로 - 기타,원동기,남,26세,상해없음,보행자,남,16세,경상
2015081000100283,2015년 8월 10일 13시,월요일,충청남도 아산시 둔포면,경상사고,0,0,1,0,차대차 - 기타,안전운전불이행,건조,맑음,교차로 - 교차로안,승용,남,79세,경상,승용,남,31세,상해없음
2015081000100284,2015년 8월 10일 13시,월요일,충청남도 청양군 운곡면,중상사고,0,1,1,0,차대차 - 측면직각충돌,직진우회전진행방해,건조,맑음,교차로 - 교차로안,승용,여,36세,중상,화물,남,33세,경상
2015081000100325,2015년 8월 10일 14시,월요일,충청남도 예산군 광시면,중상사고,0,1,0,0,차대차 - 추돌 - 진행중,안전운전불이행,건조,맑음,교차로 - 교차로부근,화물,남,79세,상해없음,원동기,남,87세,중상
2015081000100365,2015년 8월 10일 15시,월요일,충청남도 예산군 덕산면,중상사고,0,1,0,0,차량단독 - 전도전복,안전운전불이행,건조,맑음,단일로 - 기타,건설기계,남,51세,중상,,,,
2015081000100366,2015년 8월 10일 15시,월요일,충청남도 천안시 동남구 원성동,중상사고,0,1,0,0,차대차 - 측면직각충돌,안전운전불이행,건조,맑음,단일로 - 기타,승용,여,52세,상해없음,이륜,남,74세,중상
2015081000100449,2015년 8월 10일 17시,월요일,충청남도 천안시 동남구 청당동,경상사고,0,0,1,0,차대차 - 측면직각충돌,안전운전불이행,건조,맑음,단일로 - 기타,승용,여,50세,상해없음,승합,여,48세,경상
2015081000100484,2015년 8월 10일 18시,월요일,충청남도 서산시 석림동,중상사고,0,1,0,0,차대사람 - 기타,교차로운행방법위반,건조,맑음,교차로 - 교차로안,승용,남,33세,상해없음,보행자,남,77세,중상
2015081000100485,2015년 8월 10일 18시,월요일,충청남도 천안시 서북구 성거읍,경상사고,0,0,3,0,차대차 - 정면충돌,신호위반,건조,맑음,교차로 - 교차로안,화물,남,44세,상해없음,승용,남,22세,경상
2015081000100486,2015년 8월 10일 18시,월요일,충청남도 아산시 풍기동,중상사고,0,1,0,0,차대사람 - 횡단중,신호위반,건조,맑음,교차로 - 교차로안,이륜,남,57세,상해없음,보행자,남,7세,중상
2015081000100488,2015년 8월 10일 18시,월요일,충청남도 부여군 부여읍,중상사고,0,1,0,0,차대차 - 측면직각충돌,불법유턴,건조,맑음,단일로 - 기타,승용,남,52세,상해없음,이륜,남,63세,중상
2015081000100489,2015년 8월 10일 18시,월요일,충청남도 청양군 비봉면,경상사고,0,0,3,0,차대차 - 측면직각충돌,안전운전불이행,건조,맑음,단일로 - 기타,승용,남,36세,경상,화물,남,51세,경상
2015081000100534,2015년 8월 10일 19시,월요일,충청남도 홍성군 홍북면,경상사고,0,0,1,0,차대차 - 측면직각충돌,신호위반,건조,맑음,교차로 - 교차로안,화물,남,51세,상해없음,승용,남,57세,경상
2015081000100535,2015년 8월 10일 19시,월요일,충청남도 부여군 내산면,부상신고사고,0,0,0,1,차량단독 - 전도전복,안전운전불이행,건조,맑음,단일로 - 기타,승용,남,35세,부상신고,,,,
2015081000100574,2015년 8월 10일 20시,월요일,충청남도 예산군 예산읍,중상사고,0,1,1,0,차량단독 - 공작물충돌,신호위반,건조,맑음,교차로 - 교차로안,승용,남,30세,상해없음,,,,
2015081000100575,2015년 8월 10일 20시,월요일,충청남도 당진시 송산면,경상사고,0,0,1,1,차대차 - 측면직각충돌,교차로운행방법위반,건조,맑음,교차로 - 교차로안,승용,남,27세,부상신고,승용,여,52세,경상
2015081000100598,2015년 8월 10일 21시,월요일,충청남도 논산시 덕지동,경상사고,0,0,1,0,차대차 - 측면직각충돌,신호위반,건조,맑음,교차로 - 교차로안,기타불명,기타불명,기타불명,기타불명,승용,여,56세,경상
2015081000100599,2015년 8월 10일 21시,월요일,충청남도 아산시 신창면,중상사고,0,1,0,0,차대차 - 추돌 - 주정차중,안전운전불이행,건조,맑음,단일로 - 기타,승용,남,32세,상해없음,이륜,남,27세,중상
2015081000100600,2015년 8월 10일 21시,월요일,충청남도 보령시 신흑동,경상사고,0,0,1,0,차대사람 - 기타,안전운전불이행,건조,맑음,단일로 - 기타,승용,남,26세,상해없음,보행자,남,15세,경상
2015081000100601,2015년 8월 10일 21시,월요일,충청남도 천안시 동남구 문화동,경상사고,0,0,1,0,차대차 - 측면직각충돌,안전운전불이행,건조,맑음,교차로 - 교차로안,이륜,남,26세,상해없음,승합,남,52세,경상
2015081000100634,2015년 8월 10일 22시,월요일,충청남도 서산시 읍내동,경상사고,0,0,1,0,차대사람 - 길가장자리구역통행중,안전운전불이행,건조,흐림,교차로 - 교차로안,승용,남,21세,상해없음,보행자,남,33세,경상
2015081000100638,2015년 8월 10일 22시,월요일,충청남도 서산시 운산면,중상사고,0,1,3,0,차대차 - 측면직각충돌,안전운전불이행,건조,맑음,단일로 - 기타,승합,남,63세,상해없음,화물,남,36세,중상
2015081000100663,2015년 8월 10일 23시,월요일,충청남도 서산시 석남동,중상사고,0,1,0,0,차대차 - 추돌 - 주정차중,안전운전불이행,건조,흐림,교차로 - 교차로부근,승용,남,31세,상해없음,화물,남,28세,중상
2015081000100664,2015년 8월 10일 23시,월요일,충청남도 천안시 서북구 두정동,경상사고,0,0,1,0,차대차 - 기타,안전운전불이행,건조,맑음,단일로 - 기타,승용,남,47세,상해없음,승용,남,31세,경상
2015081100100016,2015년 8월 11일 00시,화요일,충청남도 논산시 광석면,중상사고,0,1,0,0,차량단독 - 전도전복,안전운전불이행,건조,맑음,단일로 - 기타,이륜,남,47세,중상,,,,
2015081100100031,2015년 8월 11일 01시,화요일,충청남도 태안군 소원면,중상사고,0,1,0,0,차량단독 - 공작물충돌,안전운전불이행,건조,맑음,단일로 - 기타,승용,여,33세,중상,,,,
2015081100100037,2015년 8월 11일 02시,화요일,충청남도 논산시 취암동,중상사고,0,2,0,0,차대차 - 측면직각충돌,안전운전불이행,건조,맑음,교차로 - 교차로부근,이륜,남,23세,중상,승용,남,36세,중상
2015081100100063,2015년 8월 11일 05시,화요일,충청남도 금산군 금산읍,경상사고,0,0,1,0,차대차 - 측면직각충돌,교차로운행방법위반,건조,맑음,교차로 - 교차로안,화물,남,57세,상해없음,자전거,남,72세,경상
2015081100100124,2015년 8월 11일 08시,화요일,충청남도 서산시 고북면,중상사고,0,1,0,0,차대사람 - 횡단중,안전운전불이행,건조,맑음,단일로 - 기타,승용,남,23세,상해없음,보행자,여,40세,중상
2015081100100125,2015년 8월 11일 08시,화요일,충청남도 예산군 예산읍,경상사고,0,0,2,0,차대차 - 추돌 - 진행중,안전운전불이행,건조,맑음,단일로 - 기타,승용,남,54세,상해없음,원동기,남,73세,경상
2015081100100126,2015년 8월 11일 08시,화요일,충청남도 청양군 청양읍,경상사고,0,0,1,0,차량단독 - 공작물충돌,안전운전불이행,건조,맑음,단일로 - 기타,승용,남,52세,경상,,,,
2015081100100127,2015년 8월 11일 08시,화요일,충청남도 천안시 동남구 목천읍,경상사고,0,0,1,0,차대사람 - 기타,기타,건조,맑음,기타 - 기타,승용,남,64세,상해없음,보행자,여,42세,경상
2015081100100217,2015년 8월 11일 11시,화요일,충청남도 논산시 반월동,중상사고,0,1,0,0,차대차 - 기타,교차로운행방법위반,건조,맑음,교차로 - 교차로안,화물,남,75세,상해없음,자전거,남,59세,중상
2015081100100250,2015년 8월 11일 12시,화요일,충청남도 태안군 소원면,경상사고,0,0,1,0,차대차 - 측면직각충돌,교차로운행방법위반,건조,맑음,교차로 - 교차로안,원동기,여,12세,경상,승용,여,34세,상해없음
2015081100100251,2015년 8월 11일 12시,화요일,충청남도 논산시 연무읍,중상사고,0,4,0,0,차대차 - 측면직각충돌,교차로운행방법위반,건조,맑음,교차로 - 교차로안,승용,여,65세,중상,승용,남,64세,상해없음
2015081100100288,2015년 8월 11일 13시,화요일,충청남도 당진시 읍내리,중상사고,0,1,1,0,차대차 - 측면직각충돌,안전운전불이행,건조,맑음,단일로 - 기타,승용,남,58세,상해없음,승용,남,41세,경상
2015081100100289,2015년 8월 11일 13시,화요일,충청남도 당진시 채운동,경상사고,0,0,1,0,차대차 - 추돌 - 진행중,안전운전불이행,건조,흐림,교차로 - 교차로안,건설기계,남,52세,상해없음,승용,여,39세,경상
2015081100100402,2015년 8월 11일 16시,화요일,충청남도 논산시 대교동,경상사고,0,0,1,0,차대차 - 측면직각충돌,안전운전불이행,건조,맑음,교차로 - 교차로부근,이륜,남,75세,상해없음,자전거,여,52세,경상
2015081100100403,2015년 8월 11일 16시,화요일,충청남도 공주시 중동,중상사고,0,1,0,0,차대사람 - 차도통행중,안전운전불이행,건조,맑음,교차로 - 교차로안,승용,남,55세,상해없음,보행자,여,75세,중상
2015081100100479,2015년 8월 11일 18시,화요일,충청남도 아산시 탕정면,경상사고,0,0,1,0,차대차 - 측면직각충돌,직진우회전진행방해,건조,맑음,교차로 - 교차로안,승용,남,41세,상해없음,승용,남,34세,경상
2015081100100480,2015년 8월 11일 18시,화요일,충청남도 보령시 대천동,경상사고,0,0,4,0,차대차 - 기타,안전운전불이행,건조,맑음,단일로 - 기타,승용,여,55세,경상,승용,남,59세,경상
2015081100100481,2015년 8월 11일 18시,화요일,충청남도 천안시 동남구 신부동,경상사고,0,0,1,0,차대사람 - 기타,안전운전불이행,건조,맑음,기타 - 기타,승용,남,38세,상해없음,보행자,여,20세,경상
2015081100100568,2015년 8월 11일 20시,화요일,충청남도 아산시 둔포면,경상사고,0,0,2,0,차대차 - 측면직각충돌,신호위반,건조,맑음,교차로 - 교차로안,승용,남,37세,상해없음,승용,남,29세,경상
2015081100100656,2015년 8월 11일 22시,화요일,충청남도 아산시 음봉면,경상사고,0,0,1,0,차대차 - 측면직각충돌,안전운전불이행,건조,맑음,교차로 - 교차로안,승용,남,53세,상해없음,승용,남,29세,상해없음
2015081100100699,2015년 8월 11일 23시,화요일,충청남도 천안시 동남구 안서동,중상사고,0,1,0,0,차대사람 - 기타,안전운전불이행,건조,맑음,단일로 - 기타,기타불명,기타불명,기타불명,기타불명,보행자,남,58세,중상
2015081100100700,2015년 8월 11일 23시,화요일,충청남도 천안시 서북구 입장면,중상사고,0,1,0,0,차대차 - 추돌 - 진행중,안전운전불이행,건조,맑음,단일로 - 기타,화물,남,46세,상해없음,승용,남,60세,중상
2015081200100094,2015년 8월 12일 07시,수요일,충청남도 천안시 서북구 성정동,경상사고,0,0,2,0,차대차 - 기타,안전운전불이행,건조,맑음,교차로 - 교차로안,원동기,남,27세,경상,승용,남,50세,상해없음
2015081200100156,2015년 8월 12일 09시,수요일,충청남도 천안시 동남구 북면,경상사고,0,0,1,0,차량단독 - 공작물충돌,안전운전불이행,건조,맑음,단일로 - 기타,승용,남,75세,경상,,,,
2015081200100186,2015년 8월 12일 10시,수요일,충청남도 당진시 채운동,중상사고,0,1,0,0,차대차 - 추돌 - 진행중,교차로운행방법위반,건조,맑음,교차로 - 교차로안,승용,남,22세,상해없음,승용,남,35세,상해없음
2015081200100216,2015년 8월 12일 11시,수요일,충청남도 논산시 내동,경상사고,0,0,1,0,차대차 - 정면충돌,중앙선침범,건조,맑음,단일로 - 기타,자전거,남,76세,경상,승용,여,43세,상해없음
2015081200100217,2015년 8월 12일 11시,수요일,충청남도 홍성군 광천읍,경상사고,0,0,1,0,차대사람 - 기타,직진우회전진행방해,건조,맑음,교차로 - 교차로안,승용,여,47세,상해없음,보행자,남,44세,경상
2015081200100250,2015년 8월 12일 12시,수요일,충청남도 공주시 봉정동,중상사고,0,1,0,0,차대차 - 기타,안전운전불이행,건조,맑음,단일로 - 기타,승용,남,28세,기타불명,이륜,남,73세,중상
2015081200100252,2015년 8월 12일 12시,수요일,충청남도 금산군 진산면,중상사고,0,1,0,0,차대차 - 정면충돌,안전운전불이행,건조,맑음,단일로 - 기타,승용,남,35세,상해없음,이륜,남,43세,중상