사고번호,사고일시,요일,시군구,사고내용,사망자수,중상자수,경상자수,부상신고자수,사고유형,법규위반,노면상태,기상상태,도로형태,가해운전자 차종,가해운전자 성별,가해운전자 연령,가해운전자 상해정도,피해운전자 차종,피해운전자 성별,피해운전자 연령,피해운전자 상해정도
2015081700100174,2015년 8월 17일 10시,월요일,충청남도 공주시 이인면,중상사고,0,1,0,0,차대차 - 측면직각충돌,안전운전불이행,건조,맑음,교차로 - 교차로안,이륜,여,76세,중상,승용,남,60세,기타불명
2015081700100297,2015년 8월 17일 13시,월요일,충청남도 천안시 서북구 성환읍,중상사고,0,1,0,0,차대차 - 기타,교차로운행방법위반,건조,맑음,교차로 - 교차로안,승용,남,61세,상해없음,원동기,여,56세,중상
2015081700100298,2015년 8월 17일 13시,월요일,충청남도 논산시 연무읍,경상사고,0,0,2,0,차대차 - 측면직각충돌,중앙선침범,건조,맑음,단일로 - 기타,특수,남,50세,상해없음,승용,남,27세,경상
2015081700100335,2015년 8월 17일 14시,월요일,충청남도 태안군 남면,경상사고,0,0,1,0,차대차 - 측면직각충돌,직진우회전진행방해,건조,맑음,교차로 - 교차로안,건설기계,남,50세,상해없음,승용,여,43세,경상
2015081700100371,2015년 8월 17일 15시,월요일,충청남도 공주시 반죽동,중상사고,0,1,0,0,차대차 - 측면직각충돌,안전운전불이행,건조,맑음,교차로 - 교차로안,화물,남,47세,상해없음,원동기,여,53세,중상
2015081700100465,2015년 8월 17일 17시,월요일,충청남도 태안군 남면,중상사고,0,1,0,0,차대사람 - 횡단중,안전운전불이행,건조,맑음,단일로 - 기타,승용,남,50세,상해없음,보행자,여,7세,중상
2015081700100466,2015년 8월 17일 17시,월요일,충청남도 천안시 동남구 병천면,중상사고,0,1,0,0,차대차 - 기타,안전운전불이행,건조,맑음,교차로 - 교차로안,화물,남,59세,상해없음,이륜,남,54세,중상
2015081700100467,2015년 8월 17일 17시,월요일,충청남도 천안시 동남구 성황동,경상사고,0,0,1,0,차대차 - 기타,안전운전불이행,건조,맑음,기타 - 기타,승용,남,67세,상해없음,자전거,남,58세,경상
2015081700100521,2015년 8월 17일 18시,월요일,충청남도 아산시 용화동,경상사고,0,0,1,0,차대차 - 측면직각충돌,안전운전불이행,건조,맑음,교차로 - 교차로안,승용,남,23세,상해없음,원동기,남,21세,경상
2015081700100566,2015년 8월 17일 19시,월요일,충청남도 논산시 연산면,경상사고,0,0,1,0,차대차 - 추돌 - 진행중,안전거리미확보,건조,맑음,단일로 - 기타,승용,여,45세,상해없음,승용,여,52세,경상
2015081700100618,2015년 8월 17일 20시,월요일,충청남도 논산시 취암동,중상사고,0,1,0,0,차대차 - 측면직각충돌,신호위반,건조,맑음,교차로 - 교차로안,화물,남,35세,상해없음,자전거,남,29세,중상
2015081700100619,2015년 8월 17일 20시,월요일,충청남도 청양군 청양읍,중상사고,0,1,0,0,차대사람 - 횡단중,안전운전불이행,건조,맑음,교차로 - 교차로부근,승용,남,27세,상해없음,보행자,여,65세,중상
2015081700100647,2015년 8월 17일 21시,월요일,충청남도 홍성군 광천읍,중상사고,0,1,0,0,차대차 - 측면직각충돌,교차로운행방법위반,건조,맑음,교차로 - 교차로안,승용,여,29세,상해없음,이륜,남,27세,중상
2015081700100648,2015년 8월 17일 21시,월요일,충청남도 당진시 송악읍,중상사고,0,1,0,0,차대차 - 기타,안전운전불이행,건조,맑음,단일로 - 기타,승용,남,45세,중상,특수,남,42세,상해없음
2015081700100687,2015년 8월 17일 22시,월요일,충청남도 아산시 권곡동,중상사고,0,4,0,0,차대차 - 추돌 - 주정차중,안전운전불이행,건조,맑음,단일로 - 기타,승용,남,50세,상해없음,승용,여,33세,중상
2015081700100708,2015년 8월 17일 23시,월요일,충청남도 서산시 석림동,사망사고,1,0,0,0,차대사람 - 횡단중,안전운전불이행,건조,맑음,교차로 - 교차로안,승용,남,58세,상해없음,보행자,여,44세,사망
2015081700100709,2015년 8월 17일 23시,월요일,충청남도 아산시 탕정면,중상사고,0,1,0,0,차대차 - 측면직각충돌,안전운전불이행,건조,맑음,교차로 - 교차로안,승용,여,57세,상해없음,화물,남,38세,중상
2015081800100045,2015년 8월 18일 04시,화요일,충청남도 태안군 안면읍,부상신고사고,0,0,0,1,차량단독 - 공작물충돌,안전운전불이행,건조,맑음,단일로 - 기타,승용,여,52세,부상신고,,,,
2015081800100058,2015년 8월 18일 05시,화요일,충청남도 아산시 영인면,중상사고,0,1,0,0,차대차 - 측면직각충돌,안전운전불이행,건조,맑음,교차로 - 교차로안,승용,남,56세,상해없음,자전거,남,78세,중상
2015081800100071,2015년 8월 18일 06시,화요일,충청남도 당진시 수청리,경상사고,0,0,1,0,차대차 - 측면직각충돌,신호위반,건조,맑음,교차로 - 교차로안,승용,남,53세,상해없음,승용,여,59세,경상
2015081800100097,2015년 8월 18일 07시,화요일,충청남도 논산시 채운면,중상사고,0,1,0,0,차대차 - 기타,신호위반,건조,맑음,교차로 - 교차로안,화물,남,58세,상해없음,이륜,남,81세,중상
2015081800100098,2015년 8월 18일 07시,화요일,충청남도 천안시 동남구 목천읍,사망사고,1,0,0,0,차량단독 - 공작물충돌,안전운전불이행,건조,맑음,단일로 - 기타,승용,남,48세,사망,,,,
2015081800100135,2015년 8월 18일 08시,화요일,충청남도 천안시 서북구 백석동,경상사고,0,0,1,0,차대차 - 추돌 - 진행중,안전운전불이행,건조,맑음,단일로 - 기타,승용,여,39세,상해없음,승합,남,55세,경상
2015081800100136,2015년 8월 18일 08시,화요일,충청남도 아산시 배방읍,경상사고,0,0,1,0,차대차 - 기타,안전운전불이행,건조,맑음,교차로 - 교차로부근,건설기계,남,55세,상해없음,승용,여,41세,경상
2015081800100178,2015년 8월 18일 09시,화요일,충청남도 당진시 대덕리,중상사고,0,1,0,0,차대사람 - 기타,보행자보호의무위반,건조,맑음,단일로 - 기타,화물,남,54세,상해없음,보행자,남,29세,중상
2015081800100179,2015년 8월 18일 09시,화요일,충청남도 천안시 동남구 다가동,경상사고,0,0,1,0,차대차 - 측면직각충돌,신호위반,건조,맑음,교차로 - 교차로안,승용,여,24세,상해없음,승용,남,64세,경상
2015081800100210,2015년 8월 18일 10시,화요일,충청남도 천안시 서북구 성환읍,중상사고,0,1,0,0,차대사람 - 보도통행중,보행자보호의무위반,건조,맑음,교차로 - 교차로안,화물,남,26세,상해없음,보행자,여,68세,중상
2015081800100244,2015년 8월 18일 11시,화요일,충청남도 천안시 동남구 신부동,경상사고,0,0,1,0,차대차 - 기타,안전운전불이행,건조,맑음,단일로 - 기타,승용,여,49세,상해없음,승용,남,55세,경상
2015081800100275,2015년 8월 18일 12시,화요일,충청남도 서산시 고북면,중상사고,0,1,0,0,차대차 - 기타,안전운전불이행,건조,맑음,교차로 - 교차로안,승합,남,51세,상해없음,자전거,남,13세,중상
2015081800100276,2015년 8월 18일 12시,화요일,충청남도 논산시 등화동,중상사고,0,1,0,0,차대차 - 측면직각충돌,안전거리미확보,건조,맑음,단일로 - 기타,이륜,남,80세,중상,화물,남,64세,상해없음
2015081800100277,2015년 8월 18일 12시,화요일,충청남도 논산시 화지동,중상사고,0,1,0,0,차대사람 - 횡단중,안전운전불이행,건조,맑음,교차로 - 교차로부근,승용,남,59세,상해없음,보행자,여,76세,중상
2015081800100278,2015년 8월 18일 12시,화요일,충청남도 홍성군 홍성읍,경상사고,0,0,2,0,차대사람 - 보도통행중,보행자보호의무위반,건조,맑음,단일로 - 횡단보도상,승용,여,37세,상해없음,보행자,여,38세,경상
2015081800100279,2015년 8월 18일 12시,화요일,충청남도 천안시 동남구 풍세면,중상사고,0,3,0,0,차대차 - 기타,안전운전불이행,건조,맑음,단일로 - 기타,승용,여,58세,상해없음,승용,여,42세,중상
2015081800100280,2015년 8월 18일 12시,화요일,충청남도 부여군 홍산면,경상사고,0,0,2,0,차대차 - 추돌 - 주정차중,안전운전불이행,건조,맑음,단일로 - 기타,특수,남,35세,상해없음,승용,남,63세,경상
2015081800100318,2015년 8월 18일 13시,화요일,충청남도 예산군 광시면,사망사고,1,0,0,0,차대차 - 정면충돌,중앙선침범,건조,맑음,단일로 - 기타,승용,남,68세,상해없음,이륜,남,81세,사망
2015081800100347,2015년 8월 18일 14시,화요일,충청남도 태안군 태안읍,중상사고,0,1,0,0,차대차 - 측면직각충돌,기타,건조,맑음,교차로 - 교차로안,승용,남,67세,상해없음,승용,남,62세,중상
2015081800100348,2015년 8월 18일 14시,화요일,충청남도 천안시 동남구 문화동,경상사고,0,0,1,0,차대차 - 기타,안전운전불이행,건조,맑음,단일로 - 기타,화물,남,50세,상해없음,자전거,여,73세,경상
2015081800100385,2015년 8월 18일 15시,화요일,충청남도 당진시 면천면,경상사고,0,0,1,0,차량단독 - 공작물충돌,안전운전불이행,건조,맑음,단일로 - 기타,승용,여,63세,경상,,,,
2015081800100416,2015년 8월 18일 16시,화요일,충청남도 보령시 청라면,경상사고,0,0,1,0,차량단독 - 공작물충돌,안전운전불이행,건조,맑음,단일로 - 기타,원동기,남,72세,경상,,,,
2015081800100455,2015년 8월 18일 17시,화요일,충청남도 태안군 고남면,사망사고,1,0,0,0,차대차 - 측면직각충돌,기타,건조,맑음,교차로 - 교차로안,화물,남,46세,상해없음,원동기,남,78세,사망
2015081800100456,2015년 8월 18일 17시,화요일,충청남도 태안군 안면읍,경상사고,0,0,4,0,차대차 - 추돌 - 진행중,안전거리미확보,건조,맑음,교차로 - 교차로안,승용,남,25세,상해없음,화물,남,32세,경상
2015081800100533,2015년 8월 18일 19시,화요일,충청남도 홍성군 홍동면,경상사고,0,0,1,0,차대차 - 기타,안전운전불이행,건조,맑음,단일로 - 기타,승용,여,39세,상해없음,원동기,남,63세,경상
2015081800100563,2015년 8월 18일 20시,화요일,충청남도 논산시 내동,중상사고,0,1,0,0,차대사람 - 횡단중,안전운전불이행,건조,맑음,교차로 - 교차로부근,승용,남,31세,상해없음,보행자,남,16세,중상
2015081800100564,2015년 8월 18일 20시,화요일,충청남도 당진시 송악읍,경상사고,0,0,1,0,차대차 - 측면직각충돌,교차로운행방법위반,건조,맑음,교차로 - 교차로안,승용,남,53세,상해없음,승용,남,60세,경상
2015081800100585,2015년 8월 18일 21시,화요일,충청남도 천안시 동남구 목천읍,중상사고,0,1,0,0,차대차 - 측면직각충돌,중앙선침범,건조,맑음,단일로 - 기타,승용,남,33세,상해없음,승용,남,48세,중상
2015081800100613,2015년 8월 18일 22시,화요일,충청남도 당진시 송악읍,경상사고,0,0,1,0,차량단독 - 공작물충돌,안전운전불이행,건조,맑음,단일로 - 기타,승용,남,38세,상해없음,,,,
2015081900100056,2015년 8월 19일 04시,수요일,충청남도 금산군 추부면,중상사고,0,1,0,1,차대차 - 추돌 - 진행중,안전운전불이행,기타,흐림,단일로 - 기타,승용,남,26세,부상신고,화물,남,50세,중상
2015081900100098,2015년 8월 19일 07시,수요일,충청남도 당진시 송악읍,경상사고,0,0,2,0,차대차 - 기타,신호위반,건조,맑음,교차로 - 교차로안,승용,남,67세,경상,승용,남,32세,경상
2015081900100159,2015년 8월 19일 09시,수요일,충청남도 논산시 화지동,경상사고,0,0,1,0,차대차 - 기타,안전운전불이행,건조,맑음,단일로 - 기타,승합,남,50세,상해없음,승용,여,28세,경상
2015081900100160,2015년 8월 19일 09시,수요일,충청남도 부여군 남면,중상사고,0,1,0,0,차대차 - 기타,안전운전불이행,건조,맑음,단일로 - 기타,승용,여,27세,상해없음,이륜,남,81세,중상
2015081900100191,2015년 8월 19일 10시,수요일,충청남도 천안시 서북구 쌍용동,경상사고,0,0,1,0,차대차 - 측면직각충돌,신호위반,건조,맑음,교차로 - 교차로안,승용,여,38세,상해없음,승용,남,66세,경상
2015081900100192,2015년 8월 19일 10시,수요일,충청남도 아산시 음봉면,중상사고,0,2,1,0,차대차 - 측면직각충돌,신호위반,건조,맑음,교차로 - 교차로안,승합,남,44세,상해없음,승용,남,51세,중상
2015081900100193,2015년 8월 19일 10시,수요일,충청남도 서천군 장항읍,경상사고,0,0,1,1,차대차 - 기타,중앙선침범,건조,맑음,단일로 - 기타,승용,남,49세,부상신고,승용,여,38세,경상
2015081900100277,2015년 8월 19일 13시,수요일,충청남도 천안시 동남구 목천읍,경상사고,0,0,1,0,차대차 - 추돌 - 주정차중,안전운전불이행,건조,맑음,단일로 - 기타,승용,남,46세,상해없음,승용,남,37세,경상
2015081900100315,2015년 8월 19일 14시,수요일,충청남도 천안시 서북구 두정동,경상사고,0,0,2,0,차대차 - 측면직각충돌,안전운전불이행,건조,맑음,단일로 - 기타,승용,남,63세,상해없음,승용,남,62세,경상
2015081900100316,2015년 8월 19일 14시,수요일,충청남도 홍성군 서부면,사망사고,1,1,0,0,차량단독 - 공작물충돌,안전운전불이행,건조,흐림,교차로 - 교차로안,화물,남,74세,중상,,,,
2015081900100317,2015년 8월 19일 14시,수요일,충청남도 금산군 추부면,경상사고,0,0,2,0,차대차 - 추돌 - 진행중,안전운전불이행,건조,맑음,단일로 - 기타,승용,남,71세,상해없음,승용,여,52세,경상
2015081900100348,2015년 8월 19일 15시,수요일,충청남도 보령시 신흑동,경상사고,0,0,2,0,차대차 - 추돌 - 주정차중,안전운전불이행,건조,맑음,단일로 - 기타,화물,남,62세,상해없음,승용,남,46세,경상
2015081900100349,2015년 8월 19일 15시,수요일,충청남도 공주시 웅진동,경상사고,0,0,1,0,차대차 - 추돌 - 주정차중,안전운전불이행,건조,맑음,교차로 - 교차로부근,승용,남,42세,기타불명,승용,여,49세,경상
2015081900100425,2015년 8월 19일 17시,수요일,충청남도 천안시 서북구 불당동,경상사고,0,0,1,0,차대차 - 측면직각충돌,안전운전불이행,건조,맑음,단일로 - 기타,승용,남,37세,상해없음,자전거,남,10세,경상
2015081900100464,2015년 8월 19일 18시,수요일,충청남도 논산시 은진면,중상사고,0,1,1,0,차대사람 - 횡단중,안전운전불이행,건조,맑음,교차로 - 교차로부근,이륜,남,60세,상해없음,보행자,여,39세,중상
2015081900100465,2015년 8월 19일 18시,수요일,충청남도 논산시 연무읍,경상사고,0,0,1,0,차대차 - 기타,안전운전불이행,건조,맑음,단일로 - 기타,승용,남,60세,상해없음,승용,여,63세,경상
2015081900100466,2015년 8월 19일 18시,수요일,충청남도 홍성군 홍북면,경상사고,0,0,1,0,차대차 - 측면직각충돌,신호위반,건조,흐림,교차로 - 교차로안,승용,남,45세,상해없음,승용,남,41세,경상
2015081900100467,2015년 8월 19일 18시,수요일,충청남도 부여군 부여읍,중상사고,0,1,0,0,차대사람 - 기타,안전운전불이행,건조,맑음,교차로 - 교차로안,승용,남,35세,상해없음,보행자,여,54세,중상
2015081900100468,2015년 8월 19일 18시,수요일,충청남도 당진시 송악읍,중상사고,0,1,0,0,차대사람 - 기타,안전운전불이행,건조,맑음,단일로 - 기타,승용,남,36세,상해없음,보행자,남,5세,중상
2015081900100547,2015년 8월 19일 20시,수요일,충청남도 보령시 신흑동,중상사고,0,1,0,0,차대차 - 기타,안전운전불이행,습기,비,교차로 - 교차로안,승용,남,20세,상해없음,이륜,남,28세,중상
2015081900100620,2015년 8월 19일 22시,수요일,충청남도 천안시 서북구 성환읍,경상사고,0,0,1,0,차대차 - 추돌 - 주정차중,안전운전불이행,건조,맑음,교차로 - 교차로부근,승합,남,43세,상해없음,화물,남,46세,경상
2015081900100621,2015년 8월 19일 22시,수요일,충청남도 아산시 용화동,경상사고,0,0,1,0,차대차 - 측면직각충돌,신호위반,건조,맑음,교차로 - 교차로안,승용,여,40세,상해없음,승용,남,23세,경상
2015081900100647,2015년 8월 19일 23시,수요일,충청남도 천안시 동남구 목천읍,경상사고,0,0,1,0,차대차 - 추돌 - 주정차중,안전운전불이행,건조,맑음,단일로 - 기타,승용,남,28세,상해없음,승용,남,49세,경상
2015082000100008,2015년 8월 20일 00시,목요일,충청남도 아산시 염치읍,경상사고,0,0,1,0,차대차 - 추돌 - 주정차중,안전운전불이행,습기,비,교차로 - 교차로부근,승용,남,34세,상해없음,승용,남,32세,경상
2015082000100073,2015년 8월 20일 06시,목요일,충청남도 청양군 화성면,경상사고,0,0,1,0,차량단독 - 공작물충돌,안전운전불이행,건조,맑음,단일로 - 기타,승용,남,20세,경상,,,,
2015082000100096,2015년 8월 20일 07시,목요일,충청남도 아산시 음봉면,경상사고,0,0,1,0,차대사람 - 기타,안전운전불이행,건조,맑음,기타 - 기타,화물,남,61세,상해없음,보행자,남,47세,경상
2015082000100097,2015년 8월 20일 07시,목요일,충청남도 천안시 서북구 성거읍,중상사고,0,2,0,0,차량단독 - 전도전복,안전운전불이행,건조,맑음,단일로 - 기타,승용,여,27세,중상,,,,
2015082000100134,2015년 8월 20일 08시,목요일,충청남도 천안시 서북구 불당동,경상사고,0,0,1,0,차대차 - 기타,교차로운행방법위반,건조,맑음,교차로 - 교차로안,승용,남,27세,상해없음,승용,여,50세,경상
2015082000100135,2015년 8월 20일 08시,목요일,충청남도 논산시 연산면,중상사고,0,1,2,0,차대차 - 추돌 - 주정차중,안전운전불이행,건조,흐림,교차로 - 교차로부근,화물,남,71세,중상,승용,남,50세,경상
2015082000100136,2015년 8월 20일 08시,목요일,충청남도 당진시 우강면,중상사고,0,1,0,0,차대차 - 기타,안전운전불이행,건조,맑음,교차로 - 교차로안,화물,남,71세,상해없음,승용,여,66세,중상
2015082000100170,2015년 8월 20일 09시,목요일,충청남도 보령시 남포면,중상사고,0,1,0,0,차대차 - 정면충돌,안전운전불이행,건조,맑음,단일로 - 기타,화물,남,48세,상해없음,원동기,남,71세,중상
2015082000100262,2015년 8월 20일 12시,목요일,충청남도 당진시 읍내리,부상신고사고,0,0,0,1,차대사람 - 길가장자리구역통행중,보행자보호의무위반,건조,맑음,교차로 - 교차로부근,화물,남,43세,상해없음,보행자,여,26세,부상신고
2015082000100289,2015년 8월 20일 13시,목요일,충청남도 아산시 신창면,경상사고,0,0,1,0,차대차 - 기타,안전운전불이행,건조,맑음,교차로 - 교차로안,자전거,남,23세,경상,승용,남,28세,상해없음
2015082000100290,2015년 8월 20일 13시,목요일,충청남도 부여군 옥산면,중상사고,0,1,0,0,차량단독 - 기타,안전운전불이행,건조,맑음,단일로 - 기타,승용,여,55세,상해없음,,,,
2015082000100326,2015년 8월 20일 14시,목요일,충청남도 천안시 서북구 직산읍,경상사고,0,0,1,0,차대차 - 측면직각충돌,중앙선침범,건조,맑음,단일로 - 기타,화물,남,44세,상해없음,승용,남,48세,경상
2015082000100327,2015년 8월 20일 14시,목요일,충청남도 천안시 동남구 원성동,경상사고,0,0,1,0,차대사람 - 기타,기타,건조,맑음,단일로 - 기타,승합,남,55세,상해없음,보행자,여,54세,경상
2015082000100366,2015년 8월 20일 15시,목요일,충청남도 당진시 정미면,경상사고,0,0,1,0,차대차 - 추돌 - 진행중,안전운전불이행,건조,맑음,단일로 - 기타,승용,여,26세,상해없음,승용,남,29세,경상
2015082000100407,2015년 8월 20일 16시,목요일,충청남도 보령시 웅천읍,중상사고,0,1,0,0,차대차 - 기타,기타,건조,맑음,단일로 - 교량,승용,여,37세,상해없음,이륜,여,70세,중상
2015082000100443,2015년 8월 20일 17시,목요일,충청남도 예산군 예산읍,중상사고,0,1,1,0,차대차 - 추돌 - 주정차중,안전운전불이행,건조,맑음,교차로 - 교차로부근,화물,남,71세,상해없음,승용,여,57세,경상
2015082000100485,2015년 8월 20일 18시,목요일,충청남도 금산군 제원면,사망사고,1,0,0,0,차대차 - 측면직각충돌,직진우회전진행방해,건조,맑음,교차로 - 교차로안,이륜,남,68세,사망,승용,남,66세,상해없음
2015082000100486,2015년 8월 20일 18시,목요일,충청남도 청양군 남양면,중상사고,0,1,0,0,차량단독 - 전도전복,안전운전불이행,건조,맑음,교차로 - 교차로부근,농기계,남,70세,중상,,,,
2015082000100515,2015년 8월 20일 19시,목요일,충청남도 서산시 동문동,중상사고,0,1,0,0,차대사람 - 횡단중,보행자보호의무위반,습기,비,단일로 - 횡단보도상,승용,여,38세,상해없음,보행자,여,14세,중상
2015082000100550,2015년 8월 20일 20시,목요일,충청남도 천안시 서북구 두정동,경상사고,0,0,2,0,차대차 - 기타,신호위반,습기,비,교차로 - 교차로안,승용,남,30세,상해없음,화물,남,22세,경상
2015082000100551,2015년 8월 20일 20시,목요일,충청남도 부여군 부여읍,중상사고,0,2,2,0,차대차 - 측면직각충돌,신호위반,습기,비,교차로 - 교차로안,화물,남,58세,상해없음,승용,남,61세,중상
2015082000100552,2015년 8월 20일 20시,목요일,충청남도 천안시 동남구 안서동,경상사고,0,0,1,0,차대차 - 기타,안전운전불이행,습기,비,교차로 - 교차로안,승용,남,25세,상해없음,이륜,남,21세,경상
2015082000100591,2015년 8월 20일 21시,목요일,충청남도 태안군 태안읍,경상사고,0,0,1,0,차대차 - 측면직각충돌,안전운전불이행,습기,비,교차로 - 교차로안,승용,남,42세,상해없음,원동기,남,44세,경상
2015082000100620,2015년 8월 20일 22시,목요일,충청남도 논산시 강산동,중상사고,0,1,0,0,차대사람 - 차도통행중,교차로운행방법위반,건조,맑음,교차로 - 교차로부근,승용,남,41세,상해없음,보행자,남,47세,중상
2015082000100621,2015년 8월 20일 22시,목요일,충청남도 예산군 덕산면,경상사고,0,0,3,0,차대차 - 기타,안전운전불이행,습기,비,단일로 - 기타,승용,남,39세,상해없음,승용,남,23세,경상
2015082000100622,2015년 8월 20일 22시,목요일,충청남도 천안시 동남구 북면,중상사고,0,1,0,0,차대차 - 측면직각충돌,안전운전불이행,건조,맑음,단일로 - 기타,승용,남,47세,상해없음,승합,남,54세,중상
2015082000100649,2015년 8월 20일 23시,목요일,충청남도 천안시 서북구 성환읍,경상사고,0,0,1,0,차대차 - 측면직각충돌,안전운전불이행,습기,비,교차로 - 교차로안,승용,남,25세,상해없음,승용,여,52세,경상
2015082100100014,2015년 8월 21일 00시,금요일,충청남도 아산시 장존동,중상사고,0,1,0,0,차량단독 - 공작물충돌,안전운전불이행,습기,비,단일로 - 기타,승용,남,45세,중상,,,,
2015082100100038,2015년 8월 21일 01시,금요일,충청남도 홍성군 홍성읍,경상사고,0,0,1,0,차대차 - 측면직각충돌,교차로운행방법위반,습기,비,교차로 - 교차로안,승용,여,46세,상해없음,원동기,남,20세,경상
2015082100100055,2015년 8월 21일 02시,금요일,충청남도 천안시 동남구 봉명동,중상사고,0,1,0,0,차대차 - 기타,안전운전불이행,습기,비,교차로 - 교차로안,승용,여,51세,상해없음,이륜,남,46세,중상
2015082100100161,2015년 8월 21일 08시,금요일,충청남도 서산시 예천동,중상사고,0,1,0,0,차대차 - 측면직각충돌,신호위반,건조,맑음,교차로 - 교차로안,자전거,남,31세,중상,승용,여,53세,상해없음
2015082100100196,2015년 8월 21일 09시,금요일,충청남도 천안시 서북구 쌍용동,중상사고,0,1,0,0,차량단독 - 공작물충돌,기타,습기,흐림,단일로 - 기타,승용,여,28세,중상,,,,
2015082100100197,2015년 8월 21일 09시,금요일,충청남도 천안시 서북구 성환읍,경상사고,0,0,1,0,차대차 - 기타,안전운전불이행,건조,맑음,교차로 - 교차로부근,원동기,여,67세,경상,화물,남,54세,상해없음
2015082100100198,2015년 8월 21일 09시,금요일,충청남도 논산시 등화동,중상사고,0,1,1,0,차대차 - 측면직각충돌,직진우회전진행방해,습기,비,교차로 - 교차로안,승용,남,68세,상해없음,승용,남,59세,중상
2015082100100230,2015년 8월 21일 10시,금요일,충청남도 천안시 동남구 신방동,중상사고,0,1,0,0,차대사람 - 횡단중,안전운전불이행,건조,맑음,단일로 - 기타,승용,여,44세,상해없음,보행자,여,82세,중상
2015082100100266,2015년 8월 21일 11시,금요일,충청남도 홍성군 구항면,사망사고,1,0,0,0,차대사람 - 기타,안전운전불이행,건조,맑음,단일로 - 기타,승합,남,44세,상해없음,보행자,여,82세,사망
2015082100100292,2015년 8월 21일 12시,금요일,충청남도 천안시 서북구 성거읍,경상사고,0,0,1,0,차대차 - 기타,중앙선침범,건조,맑음,단일로 - 기타,화물,남,62세,상해없음,승용,여,54세,경상
2015082100100293,2015년 8월 21일 12시,금요일,충청남도 예산군 봉산면,중상사고,0,1,0,0,차량단독 - 도로외이탈 - 추락,안전운전불이행,건조,맑음,단일로 - 기타,화물,남,54세,상해없음,,,,
2015082100100383,2015년 8월 21일 15시,금요일,충청남도 서산시 운산면,중상사고,0,2,1,0,차대차 - 추돌 - 진행중,안전거리미확보,건조,맑음,단일로 - 기타,화물,남,50세,경상,화물,남,33세,중상
2015082100100418,2015년 8월 21일 16시,금요일,충청남도 아산시 영인면,중상사고,0,1,0,0,차대차 - 측면직각충돌,신호위반,건조,맑음,교차로 - 교차로안,승용,남,35세,상해없음,승용,남,25세,중상
2015082100100419,2015년 8월 21일 16시,금요일,충청남도 당진시 채운동,경상사고,0,0,1,0,차대차 - 추돌 - 진행중,안전운전불이행,건조,맑음,단일로 - 기타,승용,여,34세,상해없음,승용,남,58세,상해없음
2015082100100420,2015년 8월 21일 16시,금요일,충청남도 당진시 합덕읍,경상사고,0,0,1,0,차대차 - 측면직각충돌,교차로운행방법위반,건조,맑음,교차로 - 교차로안,승용,남,45세,상해없음,이륜,여,66세,경상
2015082100100460,2015년 8월 21일 17시,금요일,충청남도 천안시 서북구 두정동,중상사고,0,1,0,0,차대차 - 추돌 - 주정차중,안전운전불이행,건조,맑음,교차로 - 교차로안,승용,남,28세,상해없음,원동기,남,50세,중상
2015082100100461,2015년 8월 21일 17시,금요일,충청남도 논산시 취암동,중상사고,0,1,0,0,차대차 - 측면직각충돌,안전운전불이행,건조,맑음,단일로 - 기타,승용,여,37세,상해없음,이륜,남,61세,중상
2015082100100462,2015년 8월 21일 17시,금요일,충청남도 홍성군 홍성읍,경상사고,0,0,1,0,차대차 - 추돌 - 진행중,기타,건조,맑음,교차로 - 교차로안,화물,남,44세,상해없음,승용,남,55세,경상
2015082100100504,2015년 8월 21일 18시,금요일,충청남도 당진시 석문면,사망사고,1,0,0,0,차대차 - 정면충돌,안전운전불이행,건조,맑음,단일로 - 기타,이륜,남,47세,사망,승용,남,36세,상해없음
2015082100100534,2015년 8월 21일 19시,금요일,충청남도 천안시 서북구 성정동,경상사고,0,0,3,0,차대차 - 추돌 - 주정차중,안전운전불이행,건조,맑음,단일로 - 기타,승용,남,46세,상해없음,승용,남,63세,경상
2015082100100575,2015년 8월 21일 20시,금요일,충청남도 천안시 서북구 두정동,경상사고,0,0,1,0,차대차 - 측면직각충돌,중앙선침범,건조,맑음,단일로 - 기타,승용,남,47세,상해없음,원동기,남,18세,경상
2015082100100576,2015년 8월 21일 20시,금요일,충청남도 논산시 양촌면,경상사고,0,0,1,0,차대차 - 추돌 - 주정차중,안전운전불이행,건조,맑음,단일로 - 기타,승용,남,50세,경상,화물,남,53세,상해없음
2015082100100577,2015년 8월 21일 20시,금요일,충청남도 아산시 탕정면,경상사고,0,0,2,0,차대차 - 정면충돌,안전운전불이행,건조,맑음,교차로 - 교차로안,승용,남,41세,상해없음,승용,남,33세,경상
2015082100100619,2015년 8월 21일 21시,금요일,충청남도 천안시 서북구 쌍용동,경상사고,0,0,1,0,차대차 - 기타,안전운전불이행,건조,맑음,교차로 - 교차로부근,승용,남,36세,상해없음,승용,남,49세,경상
2015082100100620,2015년 8월 21일 21시,금요일,충청남도 아산시 탕정면,경상사고,0,0,1,0,차대차 - 측면직각충돌,중앙선침범,건조,맑음,단일로 - 기타,승용,남,56세,상해없음,승용,남,28세,경상