사고번호,사고일시,요일,시군구,사고내용,사망자수,중상자수,경상자수,부상신고자수,사고유형,법규위반,노면상태,기상상태,도로형태,가해운전자 차종,가해운전자 성별,가해운전자 연령,가해운전자 상해정도,피해운전자 차종,피해운전자 성별,피해운전자 연령,피해운전자 상해정도
2015082100100621,2015년 8월 21일 21시,금요일,충청남도 보령시 남곡동,중상사고,0,1,1,0,차량단독 - 공작물충돌,안전운전불이행,건조,맑음,단일로 - 기타,승용,여,31세,경상,,,,
2015082100100658,2015년 8월 21일 22시,금요일,충청남도 천안시 서북구 두정동,중상사고,0,1,0,0,차대사람 - 보도통행중,신호위반,건조,맑음,교차로 - 교차로부근,승합,여,52세,상해없음,보행자,남,35세,중상
2015082100100659,2015년 8월 21일 22시,금요일,충청남도 천안시 서북구 백석동,경상사고,0,0,1,0,차대차 - 기타,신호위반,건조,맑음,교차로 - 교차로안,승용,남,31세,상해없음,승용,남,52세,경상
2015082100100661,2015년 8월 21일 22시,금요일,충청남도 당진시 원당리,경상사고,0,0,1,0,차대차 - 측면직각충돌,안전운전불이행,건조,맑음,단일로 - 기타,승용,남,56세,상해없음,자전거,남,14세,경상
2015082100100690,2015년 8월 21일 23시,금요일,충청남도 보령시 남포면,경상사고,0,0,2,0,차대차 - 추돌 - 진행중,안전운전불이행,건조,맑음,교차로 - 교차로부근,승합,남,30세,상해없음,화물,남,56세,경상
2015082200100075,2015년 8월 22일 04시,토요일,충청남도 당진시 신평면,경상사고,0,0,3,0,차대차 - 추돌 - 주정차중,안전운전불이행,습기,비,단일로 - 기타,승용,남,50세,상해없음,승용,남,30세,경상
2015082200100112,2015년 8월 22일 06시,토요일,충청남도 서산시 대산읍,경상사고,0,0,1,0,차량단독 - 공작물충돌,안전운전불이행,건조,맑음,단일로 - 기타,승용,남,44세,경상,,,,
2015082200100133,2015년 8월 22일 07시,토요일,충청남도 아산시 배방읍,중상사고,0,1,0,0,차대차 - 추돌 - 진행중,안전운전불이행,건조,맑음,단일로 - 기타,승용,남,26세,상해없음,화물,남,56세,중상
2015082200100134,2015년 8월 22일 07시,토요일,충청남도 청양군 대치면,경상사고,0,0,1,0,차대차 - 측면직각충돌,과속,건조,맑음,단일로 - 기타,승용,남,48세,상해없음,화물,남,51세,상해없음
2015082200100175,2015년 8월 22일 09시,토요일,충청남도 천안시 서북구 성정동,경상사고,0,0,1,0,차대차 - 기타,교차로운행방법위반,건조,맑음,교차로 - 교차로부근,승용,남,30세,상해없음,승용,남,30세,경상
2015082200100176,2015년 8월 22일 09시,토요일,충청남도 보령시 동대동,중상사고,0,1,0,0,차대사람 - 횡단중,신호위반,건조,맑음,단일로 - 횡단보도상,승용,남,28세,상해없음,보행자,여,20세,중상
2015082200100205,2015년 8월 22일 10시,토요일,충청남도 아산시 배미동,중상사고,0,1,0,0,차대사람 - 차도통행중,안전운전불이행,건조,맑음,기타 - 기타,승용,여,49세,상해없음,보행자,남,51세,중상
2015082200100236,2015년 8월 22일 11시,토요일,충청남도 부여군 홍산면,사망사고,1,0,0,0,차대차 - 기타,안전운전불이행,건조,맑음,단일로 - 기타,승용,남,21세,상해없음,이륜,남,72세,사망
2015082200100303,2015년 8월 22일 13시,토요일,충청남도 공주시 유구읍,경상사고,0,0,1,0,차대차 - 정면충돌,중앙선침범,건조,맑음,단일로 - 기타,승용,남,57세,상해없음,화물,남,63세,경상
2015082200100378,2015년 8월 22일 15시,토요일,충청남도 태안군 남면,중상사고,0,3,0,0,차대차 - 추돌 - 주정차중,안전운전불이행,건조,맑음,교차로 - 교차로부근,승용,남,32세,중상,승용,남,68세,중상
2015082200100512,2015년 8월 22일 19시,토요일,충청남도 천안시 서북구 두정동,경상사고,0,0,1,0,차대사람 - 기타,안전운전불이행,건조,맑음,단일로 - 기타,승용,여,37세,상해없음,보행자,여,30세,경상
2015082200100513,2015년 8월 22일 19시,토요일,충청남도 아산시 송악면,사망사고,1,0,1,0,차대차 - 정면충돌,중앙선침범,건조,맑음,기타 - 기타,원동기,남,52세,사망,승용,남,59세,경상
2015082200100547,2015년 8월 22일 20시,토요일,충청남도 태안군 소원면,중상사고,0,1,0,0,차대사람 - 횡단중,안전운전불이행,건조,맑음,단일로 - 기타,승용,남,39세,상해없음,보행자,여,5세,중상
2015082200100548,2015년 8월 22일 20시,토요일,충청남도 보령시 웅천읍,경상사고,0,0,1,0,차대차 - 측면직각충돌,중앙선침범,건조,맑음,단일로 - 기타,원동기,남,73세,경상,승용,남,51세,상해없음
2015082200100577,2015년 8월 22일 21시,토요일,충청남도 아산시 배방읍,경상사고,0,0,1,0,차대차 - 기타,교차로운행방법위반,건조,맑음,교차로 - 교차로안,승용,남,33세,상해없음,원동기,남,20세,경상
2015082200100578,2015년 8월 22일 21시,토요일,충청남도 예산군 예산읍,부상신고사고,0,0,0,1,차량단독 - 공작물충돌,안전운전불이행,건조,맑음,교차로 - 교차로부근,화물,남,49세,부상신고,,,,
2015082200100579,2015년 8월 22일 21시,토요일,충청남도 당진시 면천면,중상사고,0,1,2,0,차대차 - 추돌 - 진행중,안전운전불이행,건조,맑음,단일로 - 기타,승용,남,47세,상해없음,승용,여,43세,중상
2015082200100608,2015년 8월 22일 22시,토요일,충청남도 서산시 운산면,경상사고,0,0,5,0,차대차 - 기타,안전운전불이행,건조,맑음,단일로 - 기타,화물,남,38세,경상,승용,여,43세,경상
2015082200100637,2015년 8월 22일 23시,토요일,충청남도 아산시 초사동,중상사고,0,1,1,0,차대차 - 추돌 - 진행중,안전운전불이행,건조,맑음,기타 - 기타,승용,남,34세,상해없음,승용,남,46세,경상
2015082300100052,2015년 8월 23일 02시,일요일,충청남도 아산시 용화동,경상사고,0,0,1,0,차대차 - 측면직각충돌,신호위반,건조,맑음,교차로 - 교차로안,승합,여,52세,상해없음,승용,남,25세,경상
2015082300100053,2015년 8월 23일 02시,일요일,충청남도 예산군 예산읍,중상사고,0,2,2,0,차대차 - 측면직각충돌,신호위반,건조,맑음,교차로 - 교차로안,승용,남,26세,상해없음,승용,여,57세,경상
2015082300100076,2015년 8월 23일 04시,일요일,충청남도 천안시 서북구 성정동,경상사고,0,0,2,0,차대차 - 측면직각충돌,신호위반,건조,맑음,교차로 - 교차로안,승용,남,18세,상해없음,승용,여,31세,경상
2015082300100100,2015년 8월 23일 06시,일요일,충청남도 서산시 인지면,중상사고,0,1,0,0,차량단독 - 도로외이탈 - 기타,안전운전불이행,건조,맑음,단일로 - 기타,이륜,남,42세,중상,,,,
2015082300100115,2015년 8월 23일 07시,일요일,충청남도 논산시 연산면,사망사고,1,0,0,0,차대사람 - 기타,안전운전불이행,건조,맑음,단일로 - 기타,화물,남,56세,상해없음,보행자,여,65세,사망
2015082300100139,2015년 8월 23일 09시,일요일,충청남도 당진시 우강면,중상사고,0,1,0,0,차대차 - 추돌 - 진행중,안전운전불이행,건조,맑음,단일로 - 기타,승용,남,73세,상해없음,원동기,남,74세,중상
2015082300100154,2015년 8월 23일 10시,일요일,충청남도 태안군 태안읍,중상사고,0,1,0,0,차대차 - 측면직각충돌,안전운전불이행,건조,맑음,단일로 - 기타,승용,여,61세,상해없음,이륜,여,55세,중상
2015082300100155,2015년 8월 23일 10시,일요일,충청남도 태안군 근흥면,경상사고,0,0,2,0,차대차 - 추돌 - 주정차중,안전운전불이행,건조,맑음,교차로 - 교차로안,승용,남,44세,상해없음,승용,남,45세,경상
2015082300100230,2015년 8월 23일 13시,일요일,충청남도 금산군 군북면,중상사고,0,1,0,0,차량단독 - 공작물충돌,안전운전불이행,건조,맑음,단일로 - 기타,승용,남,48세,상해없음,,,,
2015082300100251,2015년 8월 23일 14시,일요일,충청남도 논산시 취암동,경상사고,0,0,2,0,차대차 - 기타,안전운전불이행,건조,맑음,단일로 - 기타,이륜,남,16세,경상,승용,남,23세,경상
2015082300100252,2015년 8월 23일 14시,일요일,충청남도 공주시 유구읍,중상사고,0,1,0,0,차대차 - 측면직각충돌,안전운전불이행,건조,맑음,교차로 - 교차로안,화물,남,63세,상해없음,이륜,남,63세,중상
2015082300100324,2015년 8월 23일 16시,일요일,충청남도 당진시 합덕읍,중상사고,0,1,1,0,차대차 - 정면충돌,중앙선침범,건조,맑음,단일로 - 기타,승용,남,60세,상해없음,승용,남,39세,경상
2015082300100367,2015년 8월 23일 17시,일요일,충청남도 서산시 동문동,경상사고,0,0,1,0,차대차 - 측면직각충돌,교차로운행방법위반,건조,맑음,교차로 - 교차로안,승용,여,36세,상해없음,이륜,여,44세,경상
2015082300100368,2015년 8월 23일 17시,일요일,충청남도 청양군 청양읍,경상사고,0,0,1,0,차대차 - 기타,안전운전불이행,건조,맑음,교차로 - 교차로안,승용,여,63세,경상,승용,남,26세,상해없음
2015082300100466,2015년 8월 23일 20시,일요일,충청남도 천안시 서북구 성환읍,사망사고,1,0,0,0,차대차 - 추돌 - 진행중,안전운전불이행,건조,맑음,단일로 - 기타,승용,남,32세,상해없음,자전거,남,32세,사망
2015082300100467,2015년 8월 23일 20시,일요일,충청남도 부여군 부여읍,중상사고,0,1,0,0,차대차 - 기타,안전운전불이행,건조,맑음,단일로 - 횡단보도상,승용,남,27세,상해없음,자전거,남,65세,중상
2015082300100498,2015년 8월 23일 21시,일요일,충청남도 천안시 서북구 성정동,경상사고,0,0,4,0,차대차 - 측면직각충돌,교차로운행방법위반,건조,맑음,교차로 - 교차로안,승용,남,32세,경상,승용,남,25세,상해없음
2015082300100499,2015년 8월 23일 21시,일요일,충청남도 보령시 동대동,경상사고,0,0,1,0,차대사람 - 기타,안전운전불이행,건조,맑음,기타 - 기타,승용,남,23세,기타불명,보행자,여,16세,경상
2015082300100500,2015년 8월 23일 21시,일요일,충청남도 공주시 신관동,경상사고,0,0,1,0,차대사람 - 횡단중,안전운전불이행,건조,맑음,단일로 - 기타,이륜,남,21세,상해없음,보행자,남,27세,경상
2015082300100528,2015년 8월 23일 22시,일요일,충청남도 천안시 서북구 직산읍,경상사고,0,0,1,0,차대차 - 추돌 - 주정차중,안전운전불이행,건조,맑음,교차로 - 교차로부근,승용,남,51세,상해없음,화물,남,59세,경상
2015082300100529,2015년 8월 23일 22시,일요일,충청남도 논산시 연산면,경상사고,0,0,2,0,차대차 - 추돌 - 진행중,안전거리미확보,건조,맑음,교차로 - 교차로부근,승용,남,28세,상해없음,승용,여,28세,경상
2015082300100530,2015년 8월 23일 22시,일요일,충청남도 아산시 둔포면,경상사고,0,0,1,0,차대차 - 측면직각충돌,안전운전불이행,건조,맑음,교차로 - 교차로안,승용,기타불명,기타불명,기타불명,승용,남,33세,경상
2015082300100531,2015년 8월 23일 22시,일요일,충청남도 공주시 금흥동,경상사고,0,0,1,0,차대차 - 정면충돌,중앙선침범,건조,맑음,단일로 - 기타,승용,남,44세,상해없음,승용,남,34세,경상
2015082300100550,2015년 8월 23일 23시,일요일,충청남도 서산시 읍내동,중상사고,0,2,0,0,차대차 - 측면직각충돌,안전운전불이행,건조,맑음,단일로 - 기타,승용,남,55세,상해없음,승용,남,57세,상해없음
2015082400100042,2015년 8월 24일 04시,월요일,충청남도 천안시 동남구 풍세면,중상사고,0,1,0,0,차대차 - 추돌 - 진행중,안전거리미확보,건조,맑음,단일로 - 기타,승용,남,23세,상해없음,건설기계,남,42세,중상
2015082400100057,2015년 8월 24일 06시,월요일,충청남도 아산시 염치읍,경상사고,0,0,1,0,차대차 - 기타,안전운전불이행,건조,맑음,기타 - 기타,화물,기타불명,기타불명,기타불명,원동기,남,69세,경상
2015082400100076,2015년 8월 24일 07시,월요일,충청남도 당진시 읍내리,경상사고,0,0,1,0,차대차 - 추돌 - 주정차중,안전운전불이행,건조,맑음,교차로 - 교차로부근,승용,남,29세,상해없음,승용,남,50세,경상
2015082400100113,2015년 8월 24일 08시,월요일,충청남도 당진시 송산면,경상사고,0,0,1,0,차대차 - 추돌 - 진행중,안전운전불이행,건조,맑음,단일로 - 기타,승용,남,41세,상해없음,승용,남,30세,경상
2015082400100181,2015년 8월 24일 10시,월요일,충청남도 태안군 안면읍,경상사고,0,0,1,0,차대차 - 정면충돌,안전운전불이행,건조,맑음,단일로 - 기타,승합,여,48세,상해없음,원동기,남,60세,경상
2015082400100212,2015년 8월 24일 11시,월요일,충청남도 천안시 서북구 두정동,중상사고,0,1,0,0,차대차 - 측면직각충돌,안전운전불이행,건조,맑음,교차로 - 교차로안,승용,여,41세,상해없음,승용,남,34세,중상
2015082400100244,2015년 8월 24일 12시,월요일,충청남도 논산시 내동,중상사고,0,1,0,0,차대차 - 측면직각충돌,교차로운행방법위반,건조,맑음,교차로 - 교차로안,승용,남,47세,상해없음,승용,남,31세,중상
2015082400100245,2015년 8월 24일 12시,월요일,충청남도 아산시 송악면,중상사고,0,1,4,0,차대차 - 추돌 - 주정차중,안전운전불이행,건조,맑음,단일로 - 기타,화물,남,51세,상해없음,승합,남,52세,경상
2015082400100276,2015년 8월 24일 13시,월요일,충청남도 보령시 성주면,중상사고,0,2,0,0,차대차 - 정면충돌,안전운전불이행,건조,맑음,단일로 - 기타,승용,여,65세,중상,승용,남,60세,상해없음
2015082400100296,2015년 8월 24일 14시,월요일,충청남도 천안시 동남구 신방동,경상사고,0,0,1,0,차대차 - 측면직각충돌,안전운전불이행,건조,맑음,교차로 - 교차로부근,화물,남,57세,상해없음,자전거,남,9세,경상
2015082400100343,2015년 8월 24일 15시,월요일,충청남도 천안시 서북구 성정동,경상사고,0,0,1,0,차대차 - 추돌 - 주정차중,안전운전불이행,건조,맑음,단일로 - 기타,승용,남,58세,상해없음,승용,여,60세,경상
2015082400100386,2015년 8월 24일 16시,월요일,충청남도 당진시 채운동,경상사고,0,0,1,0,차대차 - 추돌 - 진행중,안전운전불이행,건조,맑음,단일로 - 기타,승용,남,45세,상해없음,원동기,남,75세,경상
2015082400100416,2015년 8월 24일 17시,월요일,충청남도 논산시 연산면,경상사고,0,0,2,0,차대차 - 측면직각충돌,교차로운행방법위반,건조,흐림,교차로 - 교차로안,화물,여,41세,경상,승용,남,41세,경상
2015082400100492,2015년 8월 24일 19시,월요일,충청남도 천안시 서북구 쌍용동,경상사고,0,0,2,0,차대차 - 측면직각충돌,신호위반,건조,맑음,교차로 - 교차로부근,승용,남,71세,상해없음,승용,여,32세,경상
2015082400100493,2015년 8월 24일 19시,월요일,충청남도 아산시 탕정면,중상사고,0,2,0,0,차대차 - 측면직각충돌,신호위반,건조,맑음,교차로 - 교차로안,승용,남,23세,상해없음,승용,남,32세,중상
2015082400100494,2015년 8월 24일 19시,월요일,충청남도 아산시 염치읍,경상사고,0,0,1,0,차대차 - 측면직각충돌,차로위반,건조,맑음,단일로 - 기타,화물,남,57세,상해없음,승용,남,55세,경상
2015082400100495,2015년 8월 24일 19시,월요일,충청남도 서천군 서천읍,경상사고,0,0,1,0,차대차 - 기타,안전운전불이행,기타,비,단일로 - 기타,승용,여,34세,상해없음,승용,남,66세,상해없음
2015082400100558,2015년 8월 24일 21시,월요일,충청남도 보령시 동대동,경상사고,0,0,2,0,차대차 - 기타,직진우회전진행방해,건조,맑음,교차로 - 교차로안,승용,여,55세,상해없음,승용,남,62세,경상
2015082500100013,2015년 8월 25일 00시,화요일,충청남도 당진시 시곡리,사망사고,1,0,0,0,차대사람 - 횡단중,안전운전불이행,습기,비,단일로 - 기타,승용,남,33세,상해없음,보행자,남,45세,사망
2015082500100085,2015년 8월 25일 06시,화요일,충청남도 아산시 둔포면,경상사고,0,0,1,0,차대차 - 기타,안전운전불이행,습기,비,단일로 - 기타,승용,남,28세,경상,승합,남,61세,상해없음
2015082500100098,2015년 8월 25일 07시,화요일,충청남도 천안시 동남구 수신면,중상사고,0,2,0,0,차량단독 - 전도전복,안전운전불이행,습기,비,단일로 - 기타,승용,남,51세,중상,,,,
2015082500100140,2015년 8월 25일 08시,화요일,충청남도 아산시 초사동,경상사고,0,0,1,0,차대차 - 기타,안전운전불이행,습기,비,교차로 - 교차로안,화물,남,54세,경상,화물,남,34세,상해없음
2015082500100142,2015년 8월 25일 08시,화요일,충청남도 당진시 신평면,경상사고,0,0,1,0,차대차 - 측면직각충돌,중앙선침범,습기,비,교차로 - 교차로부근,승용,남,37세,상해없음,승용,남,33세,경상
2015082500100143,2015년 8월 25일 08시,화요일,충청남도 천안시 동남구 목천읍,경상사고,0,0,1,0,차대차 - 기타,안전운전불이행,건조,맑음,단일로 - 기타,화물,남,35세,상해없음,승용,여,43세,경상
2015082500100205,2015년 8월 25일 10시,화요일,충청남도 천안시 서북구 입장면,경상사고,0,0,2,0,차대차 - 측면직각충돌,교차로운행방법위반,습기,비,교차로 - 교차로안,승용,여,35세,상해없음,화물,남,60세,경상
2015082500100206,2015년 8월 25일 10시,화요일,충청남도 천안시 서북구 직산읍,경상사고,0,0,1,0,차대차 - 기타,안전운전불이행,습기,비,교차로 - 교차로안,승용,여,45세,상해없음,승합,남,29세,경상
2015082500100207,2015년 8월 25일 10시,화요일,충청남도 논산시 부적면,경상사고,0,0,2,0,차대차 - 기타,안전운전불이행,습기,비,단일로 - 기타,화물,남,42세,경상,화물,남,54세,경상
2015082500100208,2015년 8월 25일 10시,화요일,충청남도 천안시 동남구 신부동,경상사고,0,0,1,0,차대차 - 추돌 - 주정차중,안전거리미확보,건조,맑음,단일로 - 기타,화물,여,50세,상해없음,화물,남,40세,경상
2015082500100264,2015년 8월 25일 12시,화요일,충청남도 천안시 서북구 쌍용동,경상사고,0,0,1,0,차대차 - 기타,안전거리미확보,습기,비,단일로 - 기타,승용,여,40세,상해없음,승용,여,40세,경상
2015082500100265,2015년 8월 25일 12시,화요일,충청남도 천안시 서북구 두정동,중상사고,0,2,0,0,차대차 - 기타,기타,습기,비,단일로 - 기타,승용,남,67세,상해없음,승용,남,40세,중상
2015082500100266,2015년 8월 25일 12시,화요일,충청남도 홍성군 서부면,경상사고,0,0,3,0,차대차 - 정면충돌,교차로운행방법위반,습기,비,교차로 - 교차로안,승용,여,55세,경상,승용,남,54세,경상
2015082500100300,2015년 8월 25일 13시,화요일,충청남도 아산시 배방읍,경상사고,0,0,2,0,차대차 - 추돌 - 진행중,안전운전불이행,습기,비,교차로 - 교차로부근,화물,남,41세,상해없음,승용,남,57세,경상
2015082500100331,2015년 8월 25일 14시,화요일,충청남도 천안시 서북구 성정동,경상사고,0,0,1,0,차대차 - 측면직각충돌,교차로운행방법위반,습기,비,교차로 - 교차로안,화물,남,58세,상해없음,승용,여,46세,경상
2015082500100332,2015년 8월 25일 14시,화요일,충청남도 천안시 동남구 봉명동,부상신고사고,0,0,0,1,차대사람 - 기타,안전운전불이행,습기,비,단일로 - 기타,승합,남,45세,상해없음,보행자,남,45세,부상신고
2015082500100333,2015년 8월 25일 14시,화요일,충청남도 천안시 동남구 봉명동,경상사고,0,0,1,0,차대차 - 기타,교차로운행방법위반,건조,맑음,교차로 - 교차로안,화물,남,58세,상해없음,승용,남,54세,경상
2015082500100413,2015년 8월 25일 16시,화요일,충청남도 천안시 서북구 성정동,경상사고,0,0,1,0,차대차 - 추돌 - 주정차중,안전운전불이행,습기,비,단일로 - 기타,승용,여,51세,상해없음,승용,남,25세,경상
2015082500100414,2015년 8월 25일 16시,화요일,충청남도 논산시 내동,경상사고,0,0,1,1,차대차 - 측면직각충돌,차로위반,습기,비,교차로 - 교차로부근,화물,여,58세,부상신고,화물,남,61세,경상
2015082500100451,2015년 8월 25일 17시,화요일,충청남도 천안시 서북구 성정동,중상사고,0,1,0,0,차대차 - 추돌 - 주정차중,안전운전불이행,건조,맑음,단일로 - 기타,승용,남,60세,상해없음,승용,남,52세,상해없음
2015082500100452,2015년 8월 25일 17시,화요일,충청남도 공주시 송선동,중상사고,0,1,0,0,차대차 - 추돌 - 진행중,안전운전불이행,습기,비,단일로 - 기타,승용,남,37세,상해없음,자전거,남,74세,중상
2015082500100454,2015년 8월 25일 17시,화요일,충청남도 부여군 부여읍,중상사고,0,3,0,0,차대차 - 추돌 - 주정차중,안전운전불이행,습기,비,단일로 - 기타,승용,여,55세,기타불명,승용,남,65세,중상
2015082500100455,2015년 8월 25일 17시,화요일,충청남도 천안시 동남구 청당동,중상사고,0,1,0,2,차대차 - 기타,안전운전불이행,습기,비,단일로 - 교량,화물,남,47세,상해없음,승용,남,54세,중상
2015082500100497,2015년 8월 25일 18시,화요일,충청남도 논산시 연산면,중상사고,0,2,0,0,차대차 - 정면충돌,교차로운행방법위반,습기,맑음,교차로 - 교차로안,승합,여,28세,상해없음,승용,남,67세,중상
2015082500100538,2015년 8월 25일 19시,화요일,충청남도 아산시 법곡동,경상사고,0,0,2,0,차대사람 - 길가장자리구역통행중,보행자보호의무위반,습기,비,단일로 - 기타,승용,남,66세,상해없음,보행자,남,43세,경상
2015082500100539,2015년 8월 25일 19시,화요일,충청남도 보령시 명천동,경상사고,0,0,2,0,차대차 - 기타,안전운전불이행,건조,맑음,기타 - 기타,승용,남,50세,기타불명,승용,남,72세,경상
2015082500100540,2015년 8월 25일 19시,화요일,충청남도 예산군 예산읍,경상사고,0,0,2,0,차대차 - 측면직각충돌,신호위반,건조,맑음,교차로 - 교차로부근,화물,남,43세,경상,승용,남,34세,경상
2015082500100587,2015년 8월 25일 20시,화요일,충청남도 논산시 반월동,중상사고,0,1,0,0,차대사람 - 횡단중,보행자보호의무위반,건조,맑음,교차로 - 교차로안,승용,남,60세,상해없음,보행자,여,75세,중상
2015082500100588,2015년 8월 25일 20시,화요일,충청남도 보령시 동대동,경상사고,0,0,2,0,차대차 - 추돌 - 주정차중,안전운전불이행,건조,맑음,교차로 - 교차로부근,승용,여,41세,상해없음,승용,남,43세,경상
2015082500100589,2015년 8월 25일 20시,화요일,충청남도 천안시 동남구 다가동,중상사고,0,2,0,0,차대사람 - 차도통행중,안전거리미확보,건조,맑음,단일로 - 기타,승용,남,54세,상해없음,보행자,남,56세,중상
2015082500100590,2015년 8월 25일 20시,화요일,충청남도 천안시 동남구 목천읍,중상사고,0,1,0,0,차대차 - 기타,차로위반,건조,맑음,단일로 - 기타,승용,남,52세,상해없음,원동기,남,47세,중상
2015082500100637,2015년 8월 25일 21시,화요일,충청남도 논산시 강경읍,중상사고,0,1,0,0,차대차 - 기타,기타,건조,맑음,교차로 - 교차로안,승용,남,52세,상해없음,이륜,남,18세,중상
2015082500100670,2015년 8월 25일 22시,화요일,충청남도 천안시 서북구 성환읍,경상사고,0,0,2,0,차대차 - 측면직각충돌,안전운전불이행,건조,맑음,교차로 - 교차로안,화물,남,55세,상해없음,승용,여,55세,경상
2015082500100693,2015년 8월 25일 23시,화요일,충청남도 논산시 대교동,중상사고,0,1,0,0,차대사람 - 기타,기타,건조,맑음,단일로 - 기타,승용,남,30세,상해없음,보행자,남,15세,중상
2015082500100694,2015년 8월 25일 23시,화요일,충청남도 천안시 동남구 청당동,경상사고,0,0,1,0,차대차 - 기타,신호위반,건조,맑음,교차로 - 교차로안,승용,남,56세,상해없음,승용,여,54세,경상
2015082600100097,2015년 8월 26일 07시,수요일,충청남도 천안시 서북구 부대동,중상사고,0,2,2,0,차대차 - 기타,안전운전불이행,건조,맑음,교차로 - 교차로부근,화물,남,42세,경상,승용,남,22세,중상
2015082600100128,2015년 8월 26일 08시,수요일,충청남도 천안시 서북구 업성동,경상사고,0,0,1,0,차대차 - 기타,안전거리미확보,건조,맑음,교차로 - 교차로안,승합,남,51세,상해없음,승용,남,30세,경상
2015082600100164,2015년 8월 26일 09시,수요일,충청남도 보령시 동대동,중상사고,0,1,0,0,차대차 - 기타,불법유턴,건조,맑음,단일로 - 기타,승용,남,47세,상해없음,이륜,남,43세,중상
2015082600100202,2015년 8월 26일 10시,수요일,충청남도 천안시 서북구 성정동,경상사고,0,0,1,0,차대차 - 기타,안전운전불이행,건조,맑음,단일로 - 기타,화물,남,51세,상해없음,원동기,남,20세,경상
2015082600100203,2015년 8월 26일 10시,수요일,충청남도 당진시 읍내리,경상사고,0,0,1,0,차대차 - 기타,신호위반,건조,맑음,교차로 - 교차로안,이륜,남,50세,상해없음,승용,남,27세,경상
2015082600100204,2015년 8월 26일 10시,수요일,충청남도 당진시 송산면,중상사고,0,1,1,0,차대차 - 기타,안전운전불이행,건조,맑음,단일로 - 기타,화물,남,57세,상해없음,이륜,남,67세,중상
2015082600100205,2015년 8월 26일 10시,수요일,충청남도 천안시 동남구 봉명동,경상사고,0,0,1,0,차대사람 - 기타,안전운전불이행,건조,맑음,기타 - 기타,승용,남,51세,상해없음,보행자,남,12세,경상
2015082600100238,2015년 8월 26일 11시,수요일,충청남도 서산시 동문동,경상사고,0,0,1,0,차대차 - 측면직각충돌,직진우회전진행방해,건조,맑음,교차로 - 교차로안,승용,남,48세,상해없음,승용,남,30세,경상
2015082600100239,2015년 8월 26일 11시,수요일,충청남도 금산군 금산읍,경상사고,0,0,2,0,차대차 - 추돌 - 진행중,차로위반,건조,맑음,단일로 - 기타,승용,여,49세,상해없음,승용,여,49세,경상
2015082600100270,2015년 8월 26일 12시,수요일,충청남도 아산시 배방읍,경상사고,0,0,1,0,차대차 - 측면직각충돌,안전운전불이행,건조,맑음,단일로 - 기타,승용,여,54세,상해없음,승용,남,77세,경상
2015082600100271,2015년 8월 26일 12시,수요일,충청남도 서천군 서면,경상사고,0,0,1,0,차대차 - 추돌 - 진행중,안전거리미확보,건조,맑음,단일로 - 기타,화물,남,44세,상해없음,화물,남,58세,경상
2015082600100298,2015년 8월 26일 13시,수요일,충청남도 천안시 동남구 삼룡동,중상사고,0,1,0,0,차대사람 - 기타,안전운전불이행,건조,맑음,단일로 - 기타,승용,남,61세,상해없음,보행자,여,68세,중상
2015082600100333,2015년 8월 26일 14시,수요일,충청남도 아산시 도고면,중상사고,0,1,0,0,차대차 - 측면직각충돌,안전운전불이행,건조,맑음,교차로 - 교차로안,승용,남,18세,상해없음,승용,남,68세,중상
2015082600100334,2015년 8월 26일 14시,수요일,충청남도 금산군 금성면,중상사고,0,1,0,0,차량단독 - 공작물충돌,안전운전불이행,건조,맑음,교차로 - 교차로부근,화물,남,71세,상해없음,,,,
2015082600100335,2015년 8월 26일 14시,수요일,충청남도 청양군 남양면,중상사고,0,1,0,0,차대차 - 기타,기타,건조,맑음,교차로 - 교차로안,승합,남,55세,상해없음,농기계,남,78세,중상
2015082600100336,2015년 8월 26일 14시,수요일,충청남도 천안시 동남구 원성동,경상사고,0,0,1,0,차대차 - 정면충돌,신호위반,건조,맑음,교차로 - 교차로안,승용,여,26세,상해없음,이륜,남,44세,경상
2015082600100404,2015년 8월 26일 16시,수요일,충청남도 천안시 서북구 두정동,경상사고,0,0,1,0,차대차 - 추돌 - 주정차중,안전운전불이행,건조,맑음,단일로 - 기타,자전거,남,13세,경상,승합,남,50세,상해없음
2015082600100406,2015년 8월 26일 16시,수요일,충청남도 금산군 복수면,중상사고,0,1,1,0,차대차 - 추돌 - 진행중,안전운전불이행,건조,맑음,교차로 - 교차로부근,화물,남,53세,상해없음,승용,남,72세,경상
2015082600100443,2015년 8월 26일 17시,수요일,충청남도 부여군 부여읍,경상사고,0,0,1,0,차대차 - 기타,안전운전불이행,건조,맑음,단일로 - 기타,이륜,남,22세,경상,승용,남,34세,상해없음
2015082600100444,2015년 8월 26일 17시,수요일,충청남도 천안시 동남구 목천읍,경상사고,0,0,1,0,차대차 - 기타,안전운전불이행,건조,맑음,교차로 - 교차로부근,승용,여,53세,경상,승합,남,52세,상해없음
2015082600100489,2015년 8월 26일 18시,수요일,충청남도 아산시 득산동,경상사고,0,0,2,0,차대차 - 추돌 - 주정차중,안전운전불이행,건조,맑음,교차로 - 교차로부근,승용,남,41세,상해없음,승용,여,36세,경상