사고번호,사고일시,요일,시군구,사고내용,사망자수,중상자수,경상자수,부상신고자수,사고유형,법규위반,노면상태,기상상태,도로형태,가해운전자 차종,가해운전자 성별,가해운전자 연령,가해운전자 상해정도,피해운전자 차종,피해운전자 성별,피해운전자 연령,피해운전자 상해정도
2015091200100412,2015년 9월 12일 15시,토요일,충청남도 당진시 신평면,경상사고,0,0,1,0,차대차 - 추돌 - 진행중,교차로운행방법위반,건조,맑음,교차로 - 교차로안,승용,여,40세,상해없음,화물,남,33세,경상
2015091200100413,2015년 9월 12일 15시,토요일,충청남도 천안시 동남구 북면,중상사고,0,1,1,0,차대차 - 정면충돌,안전운전불이행,건조,맑음,교차로 - 교차로부근,화물,남,46세,상해없음,화물,남,73세,중상
2015091200100455,2015년 9월 12일 16시,토요일,충청남도 천안시 서북구 성정동,중상사고,0,2,1,0,차대차 - 기타,신호위반,건조,맑음,교차로 - 교차로부근,승용,남,46세,상해없음,승용,여,21세,중상
2015091200100456,2015년 9월 12일 16시,토요일,충청남도 천안시 동남구 북면,경상사고,0,0,3,0,차대차 - 측면직각충돌,중앙선침범,건조,맑음,단일로 - 기타,승용,남,30세,상해없음,승용,남,27세,경상
2015091200100502,2015년 9월 12일 17시,토요일,충청남도 홍성군 홍성읍,경상사고,0,0,1,0,차대사람 - 길가장자리구역통행중,안전운전불이행,건조,맑음,단일로 - 기타,승용,남,65세,상해없음,보행자,여,33세,경상
2015091200100503,2015년 9월 12일 17시,토요일,충청남도 예산군 덕산면,중상사고,0,2,1,0,차대차 - 정면충돌,중앙선침범,건조,맑음,단일로 - 기타,승용,남,49세,경상,승용,여,49세,중상
2015091200100585,2015년 9월 12일 19시,토요일,충청남도 태안군 소원면,중상사고,0,1,0,0,차대차 - 측면직각충돌,직진우회전진행방해,건조,맑음,교차로 - 교차로안,승용,남,41세,상해없음,이륜,여,70세,중상
2015091200100586,2015년 9월 12일 19시,토요일,충청남도 천안시 서북구 성거읍,경상사고,0,0,1,0,차대사람 - 기타,안전운전불이행,건조,맑음,단일로 - 기타,승합,남,43세,상해없음,보행자,남,36세,경상
2015091200100588,2015년 9월 12일 19시,토요일,충청남도 천안시 동남구 목천읍,중상사고,0,1,0,0,차대사람 - 차도통행중,안전운전불이행,건조,맑음,단일로 - 기타,승용,여,38세,상해없음,보행자,남,3세,중상
2015091200100629,2015년 9월 12일 20시,토요일,충청남도 천안시 동남구 목천읍,중상사고,0,1,0,0,차대차 - 측면직각충돌,중앙선침범,건조,맑음,교차로 - 교차로부근,기타불명,기타불명,기타불명,기타불명,이륜,남,46세,중상
2015091200100691,2015년 9월 12일 22시,토요일,충청남도 서산시 읍내동,사망사고,1,0,0,1,차대사람 - 횡단중,과속,건조,맑음,단일로 - 기타,승용,남,61세,부상신고,보행자,남,61세,사망
2015091200100723,2015년 9월 12일 23시,토요일,충청남도 서산시 석림동,경상사고,0,0,2,0,차대차 - 추돌 - 진행중,안전운전불이행,건조,맑음,단일로 - 기타,승용,남,28세,경상,승용,여,44세,경상
2015091200100724,2015년 9월 12일 23시,토요일,충청남도 아산시 신창면,중상사고,0,1,0,0,차대차 - 측면직각충돌,안전운전불이행,건조,맑음,교차로 - 교차로부근,승용,남,32세,상해없음,원동기,남,20세,중상
2015091300100013,2015년 9월 13일 00시,일요일,충청남도 천안시 서북구 성정동,경상사고,0,0,1,0,차대차 - 추돌 - 진행중,안전운전불이행,습기,비,교차로 - 교차로부근,승용,남,37세,상해없음,승용,남,33세,경상
2015091300100014,2015년 9월 13일 00시,일요일,충청남도 천안시 서북구 백석동,경상사고,0,0,1,0,차량단독 - 기타,안전운전불이행,습기,맑음,단일로 - 기타,승용,남,52세,상해없음,,,,
2015091300100038,2015년 9월 13일 01시,일요일,충청남도 천안시 동남구 목천읍,중상사고,0,1,0,1,차량단독 - 공작물충돌,안전운전불이행,건조,맑음,교차로 - 교차로부근,승용,여,31세,부상신고,,,,
2015091300100086,2015년 9월 13일 05시,일요일,충청남도 서산시 잠홍동,경상사고,0,0,1,0,차량단독 - 공작물충돌,안전운전불이행,건조,맑음,교차로 - 교차로부근,승용,남,29세,경상,,,,
2015091300100087,2015년 9월 13일 05시,일요일,충청남도 천안시 서북구 두정동,경상사고,0,0,1,0,차대차 - 정면충돌,중앙선침범,건조,맑음,교차로 - 교차로부근,승용,남,26세,상해없음,승용,남,36세,경상
2015091300100088,2015년 9월 13일 05시,일요일,충청남도 서천군 화양면,중상사고,0,1,2,0,차대차 - 기타,중앙선침범,습기,안개,단일로 - 기타,승용,여,33세,중상,승용,남,35세,경상
2015091300100101,2015년 9월 13일 06시,일요일,충청남도 천안시 서북구 불당동,중상사고,0,1,0,0,차대차 - 추돌 - 진행중,안전운전불이행,습기,비,단일로 - 기타,승용,남,21세,상해없음,특수,남,38세,중상
2015091300100116,2015년 9월 13일 07시,일요일,충청남도 청양군 비봉면,경상사고,0,0,2,0,차대차 - 정면충돌,중앙선침범,건조,맑음,단일로 - 기타,승합,남,64세,경상,승용,남,56세,경상
2015091300100117,2015년 9월 13일 07시,일요일,충청남도 천안시 동남구 영성동,경상사고,0,0,2,0,차대차 - 측면직각충돌,안전운전불이행,건조,맑음,단일로 - 기타,승용,여,65세,경상,화물,남,34세,경상
2015091300100177,2015년 9월 13일 10시,일요일,충청남도 아산시 인주면,경상사고,0,0,1,0,차대차 - 추돌 - 진행중,안전운전불이행,건조,맑음,단일로 - 기타,승용,남,59세,상해없음,이륜,남,32세,경상
2015091300100178,2015년 9월 13일 10시,일요일,충청남도 보령시 주포면,경상사고,0,0,1,0,차량단독 - 전도전복,안전운전불이행,건조,맑음,단일로 - 기타,농기계,남,74세,경상,,,,
2015091300100179,2015년 9월 13일 10시,일요일,충청남도 당진시 고대면,경상사고,0,0,1,0,차대차 - 추돌 - 진행중,교차로운행방법위반,건조,맑음,교차로 - 교차로안,승용,남,33세,상해없음,승용,남,54세,경상
2015091300100207,2015년 9월 13일 11시,일요일,충청남도 태안군 태안읍,중상사고,0,1,0,1,차대차 - 측면직각충돌,중앙선침범,건조,맑음,교차로 - 교차로안,승용,남,21세,부상신고,화물,남,42세,중상
2015091300100208,2015년 9월 13일 11시,일요일,충청남도 홍성군 광천읍,경상사고,0,0,1,0,차대차 - 추돌 - 진행중,안전운전불이행,건조,맑음,교차로 - 교차로안,이륜,여,42세,경상,승용,남,70세,상해없음
2015091300100209,2015년 9월 13일 11시,일요일,충청남도 홍성군 홍성읍,경상사고,0,0,1,0,차대차 - 기타,안전운전불이행,건조,맑음,교차로 - 교차로안,승용,남,61세,상해없음,승용,남,77세,경상
2015091300100210,2015년 9월 13일 11시,일요일,충청남도 천안시 서북구 성거읍,경상사고,0,0,1,0,차대차 - 추돌 - 진행중,안전거리미확보,건조,맑음,단일로 - 기타,승합,남,61세,상해없음,승용,여,42세,경상
2015091300100241,2015년 9월 13일 12시,일요일,충청남도 서천군 한산면,중상사고,0,1,0,0,차대차 - 기타,안전운전불이행,건조,맑음,단일로 - 기타,승용,여,62세,상해없음,원동기,남,70세,중상
2015091300100271,2015년 9월 13일 13시,일요일,충청남도 보령시 동대동,경상사고,0,0,1,0,차대차 - 측면직각충돌,안전운전불이행,건조,맑음,교차로 - 교차로안,승용,남,44세,상해없음,자전거,남,77세,경상
2015091300100272,2015년 9월 13일 13시,일요일,충청남도 보령시 신흑동,중상사고,0,1,0,0,차대차 - 추돌 - 진행중,안전운전불이행,건조,맑음,기타 - 기타,기타불명,기타불명,기타불명,기타불명,자전거,여,68세,중상
2015091300100307,2015년 9월 13일 14시,일요일,충청남도 당진시 석문면,경상사고,0,0,1,0,차대사람 - 길가장자리구역통행중,안전운전불이행,건조,맑음,교차로 - 교차로부근,승용,남,54세,상해없음,보행자,여,43세,경상
2015091300100308,2015년 9월 13일 14시,일요일,충청남도 천안시 서북구 성거읍,경상사고,0,0,1,0,차대차 - 추돌 - 진행중,안전운전불이행,건조,맑음,단일로 - 기타,승합,남,60세,상해없음,승합,남,43세,상해없음
2015091300100353,2015년 9월 13일 15시,일요일,충청남도 예산군 신양면,중상사고,0,2,1,0,차대차 - 측면직각충돌,불법유턴,건조,맑음,교차로 - 교차로부근,승용,남,63세,중상,화물,남,47세,경상
2015091300100354,2015년 9월 13일 15시,일요일,충청남도 예산군 고덕면,경상사고,0,0,1,1,차대차 - 기타,안전운전불이행,건조,맑음,단일로 - 기타,이륜,남,77세,부상신고,자전거,여,60세,경상
2015091300100392,2015년 9월 13일 16시,일요일,충청남도 홍성군 홍성읍,중상사고,0,1,0,0,차대차 - 측면직각충돌,안전운전불이행,건조,맑음,단일로 - 기타,승용,남,54세,상해없음,이륜,남,45세,중상
2015091300100393,2015년 9월 13일 16시,일요일,충청남도 아산시 인주면,경상사고,0,0,1,0,차대차 - 측면직각충돌,안전운전불이행,건조,맑음,단일로 - 기타,화물,남,48세,상해없음,승용,여,33세,경상
2015091300100491,2015년 9월 13일 18시,일요일,충청남도 홍성군 홍성읍,경상사고,0,0,1,0,차대차 - 측면직각충돌,안전운전불이행,건조,맑음,교차로 - 교차로안,승용,남,28세,상해없음,이륜,남,46세,경상
2015091300100493,2015년 9월 13일 18시,일요일,충청남도 청양군 청양읍,중상사고,0,2,0,0,차대차 - 측면직각충돌,신호위반,건조,맑음,교차로 - 교차로안,승용,남,39세,상해없음,승용,여,51세,중상
2015091300100531,2015년 9월 13일 19시,일요일,충청남도 천안시 서북구 쌍용동,경상사고,0,0,2,0,차대차 - 기타,안전운전불이행,건조,맑음,단일로 - 기타,승용,남,22세,경상,승용,여,43세,상해없음
2015091300100533,2015년 9월 13일 19시,일요일,충청남도 청양군 청양읍,경상사고,0,0,2,0,차대차 - 측면직각충돌,직진우회전진행방해,건조,맑음,교차로 - 교차로안,승용,남,26세,상해없음,승용,남,57세,경상
2015091300100534,2015년 9월 13일 19시,일요일,충청남도 천안시 서북구 쌍용동,경상사고,0,0,1,0,차대차 - 기타,안전운전불이행,건조,맑음,교차로 - 교차로안,승합,남,71세,기타불명,승합,남,53세,상해없음
2015091300100563,2015년 9월 13일 20시,일요일,충청남도 태안군 태안읍,중상사고,0,1,0,0,차대차 - 측면직각충돌,신호위반,건조,맑음,교차로 - 교차로안,승용,남,37세,상해없음,이륜,남,22세,중상
2015091300100601,2015년 9월 13일 21시,일요일,충청남도 논산시 취암동,경상사고,0,0,1,0,차대차 - 측면직각충돌,신호위반,건조,맑음,교차로 - 교차로안,이륜,남,16세,경상,승용,남,57세,상해없음
2015091300100602,2015년 9월 13일 21시,일요일,충청남도 공주시 정안면,경상사고,0,0,2,0,차대차 - 추돌 - 주정차중,안전운전불이행,건조,맑음,단일로 - 기타,승용,남,36세,상해없음,승용,남,32세,경상
2015091400100008,2015년 9월 14일 00시,월요일,충청남도 천안시 서북구 두정동,경상사고,0,0,2,0,차대차 - 측면직각충돌,신호위반,건조,맑음,교차로 - 교차로안,승용,남,23세,상해없음,승용,남,61세,경상
2015091400100009,2015년 9월 14일 00시,월요일,충청남도 공주시 산성동,중상사고,0,1,0,0,차대차 - 측면직각충돌,안전운전불이행,건조,맑음,교차로 - 교차로안,화물,남,51세,상해없음,이륜,남,12세,중상
2015091400100016,2015년 9월 14일 01시,월요일,충청남도 논산시 내동,경상사고,0,0,1,0,차량단독 - 공작물충돌,안전운전불이행,건조,맑음,교차로 - 교차로부근,승용,남,21세,경상,,,,
2015091400100047,2015년 9월 14일 05시,월요일,충청남도 부여군 부여읍,중상사고,0,1,0,0,차대사람 - 보도통행중,안전운전불이행,건조,맑음,단일로 - 기타,승용,남,51세,상해없음,보행자,여,73세,중상
2015091400100088,2015년 9월 14일 07시,월요일,충청남도 천안시 서북구 두정동,경상사고,0,0,1,0,차대사람 - 횡단중,보행자보호의무위반,건조,맑음,교차로 - 교차로부근,승용,여,49세,상해없음,보행자,여,65세,경상
2015091400100132,2015년 9월 14일 08시,월요일,충청남도 천안시 서북구 두정동,경상사고,0,0,1,0,차대사람 - 횡단중,보행자보호의무위반,건조,맑음,교차로 - 교차로부근,승용,여,50세,상해없음,보행자,여,36세,경상
2015091400100133,2015년 9월 14일 08시,월요일,충청남도 천안시 서북구 신당동,경상사고,0,0,1,0,차대차 - 추돌 - 주정차중,안전운전불이행,건조,맑음,단일로 - 기타,승용,남,21세,기타불명,승용,남,59세,경상
2015091400100134,2015년 9월 14일 08시,월요일,충청남도 홍성군 홍성읍,중상사고,0,1,2,0,차대차 - 추돌 - 주정차중,안전운전불이행,건조,맑음,단일로 - 기타,승용,남,66세,상해없음,승합,여,37세,경상
2015091400100135,2015년 9월 14일 08시,월요일,충청남도 청양군 청양읍,중상사고,0,1,0,0,차대차 - 측면직각충돌,교차로운행방법위반,건조,맑음,교차로 - 교차로안,승용,여,34세,상해없음,원동기,여,68세,중상
2015091400100164,2015년 9월 14일 09시,월요일,충청남도 논산시 채운면,경상사고,0,0,2,0,차대차 - 추돌 - 진행중,안전운전불이행,건조,맑음,단일로 - 기타,승용,여,36세,경상,승용,여,48세,경상
2015091400100165,2015년 9월 14일 09시,월요일,충청남도 당진시 합덕읍,중상사고,0,1,0,0,차대차 - 측면직각충돌,교차로운행방법위반,건조,맑음,교차로 - 교차로안,승용,여,41세,상해없음,이륜,남,77세,중상
2015091400100236,2015년 9월 14일 11시,월요일,충청남도 천안시 서북구 성환읍,중상사고,0,1,0,0,차대차 - 측면직각충돌,안전운전불이행,건조,맑음,교차로 - 교차로안,원동기,남,68세,중상,승용,남,24세,상해없음
2015091400100237,2015년 9월 14일 11시,월요일,충청남도 청양군 청양읍,중상사고,0,1,0,0,차대차 - 측면직각충돌,안전운전불이행,건조,맑음,교차로 - 교차로안,승용,남,56세,상해없음,자전거,남,74세,중상
2015091400100277,2015년 9월 14일 12시,월요일,충청남도 서산시 고북면,중상사고,0,1,0,0,차량단독 - 도로외이탈 - 추락,안전운전불이행,건조,맑음,단일로 - 기타,원동기,남,83세,중상,,,,
2015091400100278,2015년 9월 14일 12시,월요일,충청남도 당진시 석문면,중상사고,0,1,5,0,차대차 - 측면직각충돌,중앙선침범,건조,맑음,단일로 - 기타,승용,남,49세,상해없음,승합,남,45세,경상
2015091400100310,2015년 9월 14일 13시,월요일,충청남도 서산시 읍내동,경상사고,0,0,1,0,차대사람 - 횡단중,보행자보호의무위반,건조,맑음,교차로 - 교차로부근,승용,여,26세,상해없음,보행자,남,63세,경상
2015091400100311,2015년 9월 14일 13시,월요일,충청남도 홍성군 홍성읍,경상사고,0,0,1,0,차대차 - 측면직각충돌,직진우회전진행방해,건조,맑음,교차로 - 교차로안,승용,남,63세,상해없음,화물,남,63세,경상
2015091400100387,2015년 9월 14일 15시,월요일,충청남도 논산시 가야곡면,중상사고,0,1,1,0,차량단독 - 전도전복,안전운전불이행,건조,맑음,단일로 - 기타,이륜,남,66세,경상,,,,
2015091400100388,2015년 9월 14일 15시,월요일,충청남도 공주시 의당면,경상사고,0,0,1,0,차량단독 - 공작물충돌,안전운전불이행,건조,맑음,단일로 - 기타,승용,여,53세,경상,,,,
2015091400100423,2015년 9월 14일 16시,월요일,충청남도 아산시 용화동,경상사고,0,0,1,0,차대차 - 추돌 - 주정차중,안전운전불이행,건조,맑음,교차로 - 교차로부근,승용,여,57세,상해없음,승용,여,42세,경상
2015091400100424,2015년 9월 14일 16시,월요일,충청남도 아산시 권곡동,경상사고,0,0,2,0,차대차 - 추돌 - 주정차중,안전운전불이행,건조,맑음,단일로 - 기타,승용,남,73세,상해없음,승용,남,43세,경상
2015091400100425,2015년 9월 14일 16시,월요일,충청남도 공주시 신관동,경상사고,0,0,1,0,차대차 - 측면직각충돌,안전운전불이행,건조,맑음,교차로 - 교차로안,승합,남,48세,기타불명,이륜,남,74세,경상
2015091400100462,2015년 9월 14일 17시,월요일,충청남도 공주시 중동,중상사고,0,1,0,0,차대사람 - 횡단중,안전운전불이행,건조,맑음,단일로 - 횡단보도상,승용,남,44세,기타불명,보행자,남,9세,중상
2015091400100463,2015년 9월 14일 17시,월요일,충청남도 예산군 대술면,중상사고,0,1,0,0,차대차 - 추돌 - 진행중,안전운전불이행,건조,맑음,단일로 - 터널,화물,남,58세,상해없음,승용,여,47세,중상
2015091400100464,2015년 9월 14일 17시,월요일,충청남도 천안시 동남구 구룡동,경상사고,0,0,1,0,차대차 - 측면직각충돌,안전거리미확보,건조,맑음,단일로 - 기타,원동기,남,58세,경상,승용,여,61세,상해없음
2015091400100465,2015년 9월 14일 17시,월요일,충청남도 천안시 동남구 성남면,경상사고,0,0,1,0,차대차 - 기타,안전운전불이행,건조,맑음,단일로 - 기타,자전거,남,13세,경상,승용,남,51세,상해없음
2015091400100506,2015년 9월 14일 18시,월요일,충청남도 서산시 읍내동,중상사고,0,1,1,0,차대차 - 측면직각충돌,신호위반,건조,맑음,교차로 - 교차로안,승용,남,67세,상해없음,승용,여,62세,중상
2015091400100507,2015년 9월 14일 18시,월요일,충청남도 논산시 연무읍,경상사고,0,0,1,1,차대차 - 추돌 - 주정차중,안전운전불이행,건조,맑음,단일로 - 기타,원동기,남,79세,부상신고,화물,남,66세,상해없음
2015091400100555,2015년 9월 14일 19시,월요일,충청남도 공주시 쌍신동,중상사고,0,1,0,0,차대차 - 측면직각충돌,안전운전불이행,건조,맑음,교차로 - 교차로안,승용,여,61세,기타불명,승용,남,47세,상해없음
2015091400100556,2015년 9월 14일 19시,월요일,충청남도 금산군 추부면,경상사고,0,0,1,0,차대차 - 정면충돌,중앙선침범,건조,맑음,단일로 - 기타,화물,남,41세,상해없음,승용,남,54세,경상
2015091400100557,2015년 9월 14일 19시,월요일,충청남도 청양군 정산면,경상사고,0,0,1,0,차대사람 - 차도통행중,안전운전불이행,건조,맑음,단일로 - 기타,승합,남,40세,상해없음,보행자,남,34세,경상
2015091400100599,2015년 9월 14일 20시,월요일,충청남도 아산시 배방읍,중상사고,0,1,0,0,차대차 - 측면직각충돌,신호위반,건조,맑음,교차로 - 교차로안,이륜,남,36세,중상,승용,남,47세,상해없음
2015091400100672,2015년 9월 14일 22시,월요일,충청남도 아산시 용화동,경상사고,0,0,2,0,차대차 - 정면충돌,중앙선침범,건조,맑음,기타 - 기타,승용,남,43세,상해없음,승용,남,54세,경상
2015091400100702,2015년 9월 14일 23시,월요일,충청남도 천안시 서북구 두정동,중상사고,0,1,0,0,차대차 - 정면충돌,안전운전불이행,건조,맑음,기타 - 기타,자전거,남,29세,상해없음,자전거,남,32세,중상
2015091500100020,2015년 9월 15일 01시,화요일,충청남도 공주시 검상동,사망사고,1,1,5,0,차대차 - 추돌 - 진행중,안전운전불이행,건조,맑음,단일로 - 기타,승용,남,23세,사망,화물,남,34세,경상
2015091500100044,2015년 9월 15일 04시,화요일,충청남도 천안시 동남구 원성동,경상사고,0,0,1,0,차대차 - 추돌 - 주정차중,안전운전불이행,건조,맑음,교차로 - 교차로부근,승용,남,29세,상해없음,승용,남,62세,경상
2015091500100091,2015년 9월 15일 07시,화요일,충청남도 천안시 서북구 성환읍,경상사고,0,0,1,0,차대차 - 측면직각충돌,교차로운행방법위반,건조,맑음,교차로 - 교차로안,화물,남,63세,상해없음,승용,여,64세,경상
2015091500100092,2015년 9월 15일 07시,화요일,충청남도 논산시 가야곡면,중상사고,0,1,0,0,차대차 - 추돌 - 주정차중,안전운전불이행,건조,맑음,교차로 - 교차로부근,승용,여,48세,상해없음,승용,여,56세,중상
2015091500100093,2015년 9월 15일 07시,화요일,충청남도 서천군 서천읍,경상사고,0,0,1,0,차대차 - 추돌 - 주정차중,안전운전불이행,건조,맑음,교차로 - 교차로부근,자전거,남,31세,경상,승용,남,39세,상해없음
2015091500100195,2015년 9월 15일 09시,화요일,충청남도 천안시 서북구 백석동,중상사고,0,1,0,0,차대사람 - 횡단중,신호위반,건조,맑음,단일로 - 기타,승용,여,35세,상해없음,보행자,여,56세,중상
2015091500100221,2015년 9월 15일 10시,화요일,충청남도 서천군 장항읍,경상사고,0,0,1,0,차대차 - 측면직각충돌,교차로운행방법위반,건조,맑음,교차로 - 교차로안,이륜,남,85세,경상,승용,남,59세,상해없음
2015091500100223,2015년 9월 15일 10시,화요일,충청남도 천안시 동남구 목천읍,경상사고,0,0,2,1,차대차 - 추돌 - 주정차중,안전운전불이행,건조,맑음,단일로 - 기타,승용,여,53세,상해없음,승용,남,31세,부상신고
2015091500100245,2015년 9월 15일 11시,화요일,충청남도 보령시 주교면,경상사고,0,0,2,0,차대차 - 측면직각충돌,안전운전불이행,건조,맑음,단일로 - 기타,화물,남,57세,상해없음,승용,남,45세,경상
2015091500100247,2015년 9월 15일 11시,화요일,충청남도 홍성군 은하면,경상사고,0,0,2,0,차대차 - 측면직각충돌,안전운전불이행,건조,맑음,단일로 - 기타,화물,남,57세,경상,승용,남,60세,경상
2015091500100284,2015년 9월 15일 12시,화요일,충청남도 부여군 은산면,중상사고,0,2,1,0,차대차 - 측면직각충돌,중앙선침범,건조,맑음,단일로 - 기타,승용,남,71세,상해없음,이륜,남,66세,중상
2015091500100285,2015년 9월 15일 12시,화요일,충청남도 부여군 부여읍,중상사고,0,1,0,0,차대차 - 측면직각충돌,교차로운행방법위반,건조,맑음,교차로 - 교차로안,화물,남,54세,상해없음,이륜,남,58세,중상
2015091500100286,2015년 9월 15일 12시,화요일,충청남도 당진시 송악읍,중상사고,0,1,0,0,차대차 - 측면직각충돌,안전운전불이행,건조,맑음,단일로 - 기타,이륜,남,18세,중상,승용,남,33세,상해없음
2015091500100287,2015년 9월 15일 12시,화요일,충청남도 당진시 송악읍,경상사고,0,0,4,0,차대차 - 측면직각충돌,안전거리미확보,건조,맑음,단일로 - 기타,승용,여,44세,경상,승용,여,48세,경상
2015091500100319,2015년 9월 15일 13시,화요일,충청남도 태안군 안면읍,중상사고,0,3,0,0,차대차 - 측면직각충돌,중앙선침범,건조,맑음,교차로 - 교차로부근,승용,남,73세,중상,승용,남,26세,중상
2015091500100320,2015년 9월 15일 13시,화요일,충청남도 서산시 해미면,중상사고,0,1,0,0,차대차 - 추돌 - 진행중,안전운전불이행,건조,맑음,단일로 - 기타,화물,남,62세,상해없음,건설기계,남,43세,상해없음
2015091500100321,2015년 9월 15일 13시,화요일,충청남도 서천군 한산면,경상사고,0,0,3,0,차대차 - 측면직각충돌,교차로운행방법위반,건조,맑음,교차로 - 교차로안,승용,여,60세,경상,화물,남,55세,경상
2015091500100322,2015년 9월 15일 13시,화요일,충청남도 금산군 금성면,중상사고,0,1,2,0,차대차 - 추돌 - 주정차중,안전운전불이행,건조,맑음,교차로 - 교차로부근,화물,남,49세,상해없음,승용,여,52세,중상
2015091500100324,2015년 9월 15일 13시,화요일,충청남도 당진시 면천면,중상사고,0,1,0,0,차대차 - 추돌 - 진행중,안전운전불이행,건조,맑음,단일로 - 기타,화물,남,32세,상해없음,화물,남,38세,중상
2015091500100406,2015년 9월 15일 15시,화요일,충청남도 논산시 연무읍,중상사고,0,1,0,0,차대사람 - 횡단중,안전운전불이행,건조,맑음,교차로 - 교차로안,승용,남,76세,상해없음,보행자,여,75세,중상
2015091500100408,2015년 9월 15일 15시,화요일,충청남도 금산군 금산읍,경상사고,0,0,1,0,차대차 - 측면직각충돌,교차로운행방법위반,건조,맑음,교차로 - 교차로안,승용,남,47세,상해없음,자전거,여,42세,경상
2015091500100446,2015년 9월 15일 16시,화요일,충청남도 당진시 석문면,중상사고,0,1,0,0,차대차 - 측면직각충돌,안전운전불이행,건조,맑음,단일로 - 기타,승합,남,49세,상해없음,이륜,여,71세,중상
2015091500100447,2015년 9월 15일 16시,화요일,충청남도 당진시 원당리,경상사고,0,0,1,0,차대차 - 측면직각충돌,교차로운행방법위반,건조,맑음,교차로 - 교차로안,승합,여,48세,상해없음,승용,남,42세,경상
2015091500100448,2015년 9월 15일 16시,화요일,충청남도 천안시 동남구 쌍용동,경상사고,0,0,2,0,차대차 - 측면직각충돌,중앙선침범,건조,맑음,단일로 - 기타,승용,남,46세,상해없음,승용,남,23세,경상
2015091500100493,2015년 9월 15일 17시,화요일,충청남도 아산시 온천동,경상사고,0,0,1,0,차대차 - 측면직각충돌,중앙선침범,건조,맑음,기타 - 기타,원동기,남,35세,상해없음,승용,남,40세,경상
2015091500100494,2015년 9월 15일 17시,화요일,충청남도 부여군 내산면,중상사고,0,1,3,0,차대차 - 기타,안전운전불이행,건조,맑음,단일로 - 기타,화물,남,66세,상해없음,화물,남,40세,경상
2015091500100540,2015년 9월 15일 18시,화요일,충청남도 천안시 서북구 쌍용동,경상사고,0,0,1,0,차대차 - 정면충돌,신호위반,건조,맑음,교차로 - 교차로안,승용,여,40세,경상,승용,남,21세,상해없음
2015091500100541,2015년 9월 15일 18시,화요일,충청남도 논산시 은진면,중상사고,0,1,1,0,차대차 - 정면충돌,안전운전불이행,건조,맑음,단일로 - 기타,승용,남,68세,경상,승합,남,51세,중상
2015091500100542,2015년 9월 15일 18시,화요일,충청남도 예산군 삽교읍,중상사고,0,1,1,0,차대차 - 측면직각충돌,직진우회전진행방해,건조,맑음,교차로 - 교차로안,화물,남,61세,경상,승용,남,55세,중상
2015091500100593,2015년 9월 15일 19시,화요일,충청남도 논산시 연무읍,경상사고,0,0,1,0,차대사람 - 횡단중,안전운전불이행,건조,맑음,단일로 - 기타,이륜,남,68세,상해없음,보행자,여,55세,경상
2015091500100624,2015년 9월 15일 20시,화요일,충청남도 서산시 석남동,경상사고,0,0,1,0,차대차 - 기타,안전운전불이행,건조,맑음,교차로 - 교차로부근,승합,남,55세,상해없음,자전거,여,16세,경상
2015091500100625,2015년 9월 15일 20시,화요일,충청남도 홍성군 홍성읍,중상사고,0,1,1,0,차대차 - 측면직각충돌,차로위반,건조,맑음,단일로 - 기타,원동기,남,71세,중상,승용,여,22세,경상
2015091500100673,2015년 9월 15일 21시,화요일,충청남도 천안시 서북구 성환읍,중상사고,0,1,0,0,차대차 - 정면충돌,직진우회전진행방해,건조,맑음,교차로 - 교차로안,승용,여,36세,상해없음,원동기,남,55세,중상
2015091500100674,2015년 9월 15일 21시,화요일,충청남도 논산시 성동면,경상사고,0,0,3,0,차대차 - 추돌 - 진행중,안전운전불이행,건조,맑음,단일로 - 기타,승용,남,27세,상해없음,화물,남,46세,경상
2015091500100725,2015년 9월 15일 23시,화요일,충청남도 아산시 용화동,경상사고,0,0,1,0,차대차 - 측면직각충돌,안전운전불이행,건조,맑음,기타 - 기타,승용,남,53세,상해없음,승용,남,57세,경상
2015091600100052,2015년 9월 16일 04시,수요일,충청남도 예산군 예산읍,중상사고,0,1,0,0,차대사람 - 차도통행중,안전운전불이행,건조,맑음,단일로 - 기타,화물,남,38세,상해없음,보행자,남,21세,중상
2015091600100079,2015년 9월 16일 06시,수요일,충청남도 당진시 신평면,경상사고,0,0,1,0,차대차 - 측면직각충돌,안전거리미확보,건조,맑음,단일로 - 기타,승용,남,34세,경상,화물,남,35세,상해없음
2015091600100143,2015년 9월 16일 08시,수요일,충청남도 논산시 양촌면,중상사고,0,1,0,0,차대차 - 측면직각충돌,안전운전불이행,건조,맑음,교차로 - 교차로안,승합,남,39세,상해없음,농기계,남,66세,중상
2015091600100144,2015년 9월 16일 08시,수요일,충청남도 홍성군 금마면,경상사고,0,0,1,0,차대차 - 측면직각충돌,안전운전불이행,건조,맑음,교차로 - 교차로안,건설기계,남,64세,상해없음,승용,남,61세,경상
2015091600100145,2015년 9월 16일 08시,수요일,충청남도 금산군 진산면,경상사고,0,0,1,0,차대사람 - 길가장자리구역통행중,안전운전불이행,건조,맑음,단일로 - 기타,농기계,남,65세,상해없음,보행자,남,59세,경상