사고번호,사고일시,요일,시군구,사고내용,사망자수,중상자수,경상자수,부상신고자수,사고유형,법규위반,노면상태,기상상태,도로형태,가해운전자 차종,가해운전자 성별,가해운전자 연령,가해운전자 상해정도,피해운전자 차종,피해운전자 성별,피해운전자 연령,피해운전자 상해정도
2015091600100182,2015년 9월 16일 09시,수요일,충청남도 천안시 서북구 성정동,경상사고,0,0,2,0,차대차 - 측면직각충돌,교차로운행방법위반,건조,맑음,교차로 - 교차로안,화물,남,26세,상해없음,화물,여,57세,경상
2015091600100226,2015년 9월 16일 10시,수요일,충청남도 홍성군 홍성읍,경상사고,0,0,1,0,차대사람 - 기타,안전운전불이행,건조,맑음,단일로 - 기타,승용,남,45세,상해없음,보행자,남,23세,경상
2015091600100227,2015년 9월 16일 10시,수요일,충청남도 당진시 면천면,중상사고,0,1,0,0,차대사람 - 차도통행중,안전운전불이행,건조,맑음,단일로 - 기타,건설기계,남,37세,상해없음,보행자,남,6세,중상
2015091600100295,2015년 9월 16일 12시,수요일,충청남도 태안군 태안읍,중상사고,0,1,0,0,차대차 - 측면직각충돌,중앙선침범,건조,맑음,단일로 - 기타,승용,여,45세,상해없음,승합,남,62세,중상
2015091600100296,2015년 9월 16일 12시,수요일,충청남도 서산시 오남동,부상신고사고,0,0,0,1,차대차 - 측면직각충돌,안전운전불이행,건조,맑음,교차로 - 교차로부근,화물,남,69세,상해없음,이륜,남,64세,부상신고
2015091600100297,2015년 9월 16일 12시,수요일,충청남도 서천군 서천읍,중상사고,0,1,0,0,차대사람 - 횡단중,안전운전불이행,건조,맑음,교차로 - 교차로안,화물,남,49세,상해없음,보행자,남,90세 이상,중상
2015091600100326,2015년 9월 16일 13시,수요일,충청남도 논산시 연산면,경상사고,0,0,1,0,차대차 - 추돌 - 주정차중,안전운전불이행,건조,맑음,교차로 - 교차로부근,승용,남,75세,상해없음,승용,여,68세,경상
2015091600100327,2015년 9월 16일 13시,수요일,충청남도 홍성군 구항면,중상사고,0,2,0,0,차대차 - 추돌 - 진행중,안전운전불이행,건조,맑음,교차로 - 교차로부근,승용,남,56세,상해없음,승용,여,50세,중상
2015091600100328,2015년 9월 16일 13시,수요일,충청남도 아산시 탕정면,중상사고,0,1,0,0,차대차 - 기타,안전운전불이행,건조,맑음,교차로 - 교차로안,승용,남,22세,상해없음,승용,여,27세,중상
2015091600100329,2015년 9월 16일 13시,수요일,충청남도 공주시 신관동,중상사고,0,1,0,0,차대차 - 추돌 - 진행중,안전거리미확보,건조,맑음,단일로 - 기타,승용,여,33세,상해없음,이륜,남,84세,중상
2015091600100357,2015년 9월 16일 14시,수요일,충청남도 논산시 연무읍,중상사고,0,2,0,0,차대차 - 추돌 - 주정차중,안전운전불이행,건조,맑음,교차로 - 교차로부근,승용,남,49세,상해없음,승합,남,37세,중상
2015091600100393,2015년 9월 16일 15시,수요일,충청남도 서산시 읍내동,부상신고사고,0,0,0,1,차대차 - 측면직각충돌,직진우회전진행방해,건조,맑음,교차로 - 교차로안,이륜,여,54세,부상신고,승용,여,41세,상해없음
2015091600100429,2015년 9월 16일 16시,수요일,충청남도 홍성군 홍성읍,중상사고,0,1,0,0,차대사람 - 횡단중,안전운전불이행,건조,맑음,교차로 - 교차로안,승합,남,51세,상해없음,보행자,여,74세,중상
2015091600100430,2015년 9월 16일 16시,수요일,충청남도 천안시 동남구 신방동,경상사고,0,0,1,0,차대차 - 기타,기타,건조,맑음,단일로 - 기타,승용,남,33세,상해없음,승용,여,50세,경상
2015091600100466,2015년 9월 16일 17시,수요일,충청남도 천안시 서북구 쌍용동,경상사고,0,0,1,0,차대차 - 측면직각충돌,안전운전불이행,건조,맑음,단일로 - 기타,화물,남,63세,상해없음,승용,남,74세,경상
2015091600100467,2015년 9월 16일 17시,수요일,충청남도 천안시 서북구 부대동,경상사고,0,0,1,0,차대차 - 측면직각충돌,안전운전불이행,건조,맑음,단일로 - 기타,승용,여,46세,상해없음,승용,여,51세,경상
2015091600100511,2015년 9월 16일 18시,수요일,충청남도 홍성군 홍성읍,경상사고,0,0,1,0,차대차 - 기타,안전운전불이행,건조,맑음,단일로 - 기타,승용,여,61세,상해없음,자전거,남,53세,경상
2015091600100512,2015년 9월 16일 18시,수요일,충청남도 보령시 동대동,중상사고,0,1,0,0,차대사람 - 길가장자리구역통행중,안전운전불이행,건조,맑음,단일로 - 기타,승용,남,52세,상해없음,보행자,여,64세,중상
2015091600100513,2015년 9월 16일 18시,수요일,충청남도 청양군 청양읍,중상사고,0,1,0,0,차대사람 - 횡단중,보행자보호의무위반,건조,맑음,교차로 - 교차로안,승합,남,58세,상해없음,보행자,남,12세,중상
2015091600100561,2015년 9월 16일 19시,수요일,충청남도 천안시 서북구 백석동,경상사고,0,0,2,0,차대차 - 추돌 - 진행중,안전운전불이행,건조,맑음,교차로 - 교차로부근,승용,남,62세,상해없음,승용,남,37세,경상
2015091600100562,2015년 9월 16일 19시,수요일,충청남도 당진시 송악읍,중상사고,0,1,0,0,차대사람 - 횡단중,안전운전불이행,건조,맑음,기타 - 기타,승용,남,50세,상해없음,보행자,남,65세,중상
2015091600100646,2015년 9월 16일 21시,수요일,충청남도 당진시 송악읍,경상사고,0,0,1,0,차대차 - 측면직각충돌,교차로운행방법위반,건조,맑음,교차로 - 교차로안,승용,남,53세,상해없음,승용,여,51세,경상
2015091600100698,2015년 9월 16일 22시,수요일,충청남도 천안시 서북구 쌍용동,중상사고,0,2,2,0,차대차 - 기타,중앙선침범,건조,맑음,단일로 - 기타,승용,남,30세,상해없음,승합,남,60세,중상
2015091600100730,2015년 9월 16일 23시,수요일,충청남도 당진시 송악읍,경상사고,0,0,2,0,차대차 - 기타,안전운전불이행,건조,맑음,단일로 - 기타,승용,남,34세,상해없음,승용,남,25세,상해없음
2015091700100099,2015년 9월 17일 06시,목요일,충청남도 태안군 태안읍,경상사고,0,0,1,0,차대차 - 기타,안전운전불이행,건조,맑음,단일로 - 기타,이륜,남,43세,경상,승용,남,32세,상해없음
2015091700100100,2015년 9월 17일 06시,목요일,충청남도 아산시 신창면,경상사고,0,0,3,0,차대차 - 추돌 - 주정차중,안전운전불이행,건조,맑음,단일로 - 기타,승용,남,25세,경상,승합,남,46세,경상
2015091700100126,2015년 9월 17일 07시,목요일,충청남도 공주시 금성동,경상사고,0,0,1,0,차대차 - 측면직각충돌,안전운전불이행,건조,맑음,교차로 - 교차로안,원동기,남,59세,경상,승용,여,40세,상해없음
2015091700100173,2015년 9월 17일 08시,목요일,충청남도 금산군 금산읍,중상사고,0,2,0,0,차대차 - 측면직각충돌,교차로운행방법위반,건조,맑음,교차로 - 교차로안,화물,여,40세,상해없음,이륜,여,60세,중상
2015091700100294,2015년 9월 17일 11시,목요일,충청남도 천안시 동남구 신부동,경상사고,0,0,1,0,차대차 - 측면직각충돌,안전운전불이행,건조,맑음,단일로 - 기타,승용,남,32세,상해없음,이륜,남,46세,경상
2015091700100331,2015년 9월 17일 12시,목요일,충청남도 논산시 연산면,사망사고,1,0,0,0,차량단독 - 도로외이탈 - 기타,안전운전불이행,건조,맑음,단일로 - 기타,승용,남,72세,사망,,,,
2015091700100332,2015년 9월 17일 12시,목요일,충청남도 당진시 대덕리,경상사고,0,0,1,0,차대차 - 측면직각충돌,안전운전불이행,건조,맑음,교차로 - 교차로안,자전거,남,68세,경상,승용,여,47세,상해없음
2015091700100363,2015년 9월 17일 13시,목요일,충청남도 서산시 동문동,경상사고,0,0,1,0,차대사람 - 길가장자리구역통행중,안전운전불이행,건조,맑음,교차로 - 교차로안,승용,남,36세,상해없음,보행자,여,54세,경상
2015091700100364,2015년 9월 17일 13시,목요일,충청남도 홍성군 홍북면,경상사고,0,0,2,0,차대차 - 측면직각충돌,신호위반,건조,맑음,교차로 - 교차로안,승용,남,68세,상해없음,승용,남,30세,경상
2015091700100365,2015년 9월 17일 13시,목요일,충청남도 아산시 온천동,중상사고,0,1,0,0,차대차 - 기타,안전운전불이행,건조,맑음,교차로 - 교차로안,원동기,남,18세,중상,승용,남,59세,상해없음
2015091700100366,2015년 9월 17일 13시,목요일,충청남도 보령시 웅천읍,중상사고,0,1,0,0,차대차 - 정면충돌,안전운전불이행,건조,맑음,단일로 - 기타,화물,남,63세,상해없음,이륜,남,73세,중상
2015091700100432,2015년 9월 17일 15시,목요일,충청남도 천안시 서북구 직산읍,중상사고,0,2,0,0,차대차 - 추돌 - 진행중,안전운전불이행,건조,맑음,단일로 - 기타,화물,남,53세,상해없음,승용,남,68세,중상
2015091700100468,2015년 9월 17일 16시,목요일,충청남도 천안시 동남구 사직동,경상사고,0,0,1,0,차대차 - 추돌 - 주정차중,안전운전불이행,건조,맑음,단일로 - 기타,자전거,남,35세,상해없음,이륜,남,81세,경상
2015091700100514,2015년 9월 17일 17시,목요일,충청남도 홍성군 은하면,중상사고,0,1,0,0,차대사람 - 횡단중,보행자보호의무위반,건조,맑음,단일로 - 횡단보도상,승용,남,59세,상해없음,보행자,여,13세,중상
2015091700100515,2015년 9월 17일 17시,목요일,충청남도 당진시 신평면,경상사고,0,0,1,0,차대차 - 추돌 - 진행중,안전운전불이행,건조,맑음,단일로 - 기타,승용,여,49세,상해없음,승용,여,33세,경상
2015091700100569,2015년 9월 17일 18시,목요일,충청남도 금산군 금산읍,경상사고,0,0,1,0,차대차 - 측면직각충돌,직진우회전진행방해,건조,맑음,교차로 - 교차로안,승합,남,68세,상해없음,승용,여,67세,경상
2015091700100628,2015년 9월 17일 19시,목요일,충청남도 논산시 내동,중상사고,0,1,0,0,차대차 - 측면직각충돌,불법유턴,건조,맑음,교차로 - 교차로안,승용,남,63세,상해없음,이륜,남,25세,중상
2015091700100673,2015년 9월 17일 20시,목요일,충청남도 천안시 서북구 성정동,중상사고,0,1,0,0,차대차 - 측면직각충돌,신호위반,건조,맑음,교차로 - 교차로부근,화물,남,48세,상해없음,승용,남,30세,중상
2015091700100704,2015년 9월 17일 21시,목요일,충청남도 당진시 읍내리,중상사고,0,1,2,0,차대차 - 측면직각충돌,교차로운행방법위반,건조,맑음,교차로 - 교차로안,승용,남,33세,상해없음,승용,남,30세,경상
2015091700100705,2015년 9월 17일 21시,목요일,충청남도 청양군 정산면,경상사고,0,0,1,0,차대차 - 측면직각충돌,직진우회전진행방해,건조,맑음,교차로 - 교차로안,승용,남,45세,상해없음,화물,여,54세,경상
2015091700100746,2015년 9월 17일 22시,목요일,충청남도 홍성군 금마면,경상사고,0,0,2,0,차대차 - 추돌 - 주정차중,안전운전불이행,건조,맑음,단일로 - 기타,승용,남,52세,상해없음,승용,남,57세,경상
2015091700100747,2015년 9월 17일 22시,목요일,충청남도 당진시 신평면,경상사고,0,0,1,0,차대사람 - 길가장자리구역통행중,안전운전불이행,건조,맑음,단일로 - 기타,승용,남,45세,상해없음,보행자,남,54세,경상
2015091700100782,2015년 9월 17일 23시,목요일,충청남도 서산시 석남동,중상사고,0,1,0,0,차량단독 - 공작물충돌,안전운전불이행,건조,맑음,교차로 - 교차로부근,승용,남,51세,중상,,,,
2015091800100042,2015년 9월 18일 02시,금요일,충청남도 홍성군 홍성읍,경상사고,0,0,1,0,차량단독 - 공작물충돌,안전운전불이행,건조,맑음,단일로 - 기타,이륜,남,48세,경상,,,,
2015091800100043,2015년 9월 18일 02시,금요일,충청남도 당진시 수청리,경상사고,0,0,1,0,차대차 - 추돌 - 주정차중,안전운전불이행,건조,맑음,단일로 - 기타,승용,남,36세,상해없음,승용,남,22세,경상
2015091800100063,2015년 9월 18일 04시,금요일,충청남도 계룡시 두마면,중상사고,0,1,0,0,차량단독 - 공작물충돌,안전운전불이행,건조,맑음,단일로 - 기타,승용,남,45세,중상,,,,
2015091800100072,2015년 9월 18일 05시,금요일,충청남도 당진시 송산면,경상사고,0,0,1,0,차대차 - 추돌 - 진행중,중앙선침범,건조,맑음,단일로 - 기타,승용,남,52세,상해없음,승용,남,25세,경상
2015091800100088,2015년 9월 18일 06시,금요일,충청남도 천안시 서북구 성정동,중상사고,0,1,0,0,차대차 - 기타,안전운전불이행,건조,맑음,교차로 - 교차로부근,화물,남,38세,상해없음,원동기,남,27세,중상
2015091800100089,2015년 9월 18일 06시,금요일,충청남도 천안시 서북구 성정동,중상사고,0,1,0,0,차량단독 - 전도전복,안전운전불이행,건조,맑음,단일로 - 기타,원동기,남,25세,중상,,,,
2015091800100119,2015년 9월 18일 07시,금요일,충청남도 천안시 서북구 직산읍,경상사고,0,0,1,0,차대차 - 기타,안전운전불이행,건조,맑음,단일로 - 기타,승용,여,24세,경상,화물,남,42세,상해없음
2015091800100160,2015년 9월 18일 08시,금요일,충청남도 천안시 서북구 성거읍,경상사고,0,0,10,0,차대차 - 추돌 - 진행중,안전운전불이행,건조,맑음,기타 - 기타,화물,남,41세,상해없음,승합,남,68세,경상
2015091800100202,2015년 9월 18일 09시,금요일,충청남도 예산군 예산읍,경상사고,0,0,1,0,차대차 - 측면직각충돌,안전운전불이행,건조,맑음,단일로 - 기타,승용,여,47세,상해없음,승용,여,55세,경상
2015091800100203,2015년 9월 18일 09시,금요일,충청남도 천안시 동남구 신부동,중상사고,0,1,0,0,차대사람 - 횡단중,안전운전불이행,건조,맑음,단일로 - 기타,승용,남,53세,상해없음,보행자,여,54세,중상
2015091800100250,2015년 9월 18일 10시,금요일,충청남도 보령시 천북면,경상사고,0,0,1,0,차대차 - 측면직각충돌,직진우회전진행방해,건조,맑음,교차로 - 교차로안,승용,남,45세,경상,건설기계,남,32세,상해없음
2015091800100251,2015년 9월 18일 10시,금요일,충청남도 천안시 동남구 삼룡동,중상사고,0,2,0,0,차대차 - 측면직각충돌,교차로운행방법위반,건조,맑음,교차로 - 교차로안,승용,남,55세,상해없음,승용,남,77세,중상
2015091800100281,2015년 9월 18일 11시,금요일,충청남도 당진시 시곡리,경상사고,0,0,2,0,차대차 - 측면직각충돌,차로위반,건조,맑음,단일로 - 기타,화물,남,58세,기타불명,승용,남,68세,경상
2015091800100318,2015년 9월 18일 12시,금요일,충청남도 서산시 읍내동,경상사고,0,0,2,0,차대차 - 측면직각충돌,안전운전불이행,건조,맑음,교차로 - 교차로안,승용,남,36세,상해없음,승용,남,42세,경상
2015091800100319,2015년 9월 18일 12시,금요일,충청남도 부여군 부여읍,중상사고,0,1,0,0,차대차 - 측면직각충돌,직진우회전진행방해,건조,맑음,교차로 - 교차로안,승용,남,41세,상해없음,자전거,여,51세,중상
2015091800100353,2015년 9월 18일 13시,금요일,충청남도 보령시 동대동,중상사고,0,2,0,0,차대차 - 측면직각충돌,교차로운행방법위반,건조,맑음,교차로 - 교차로안,승용,남,33세,상해없음,이륜,남,72세,중상
2015091800100354,2015년 9월 18일 13시,금요일,충청남도 공주시 유구읍,경상사고,0,0,1,0,차대사람 - 기타,안전운전불이행,건조,맑음,교차로 - 교차로안,승용,여,53세,상해없음,보행자,남,50세,경상
2015091800100391,2015년 9월 18일 14시,금요일,충청남도 당진시 읍내리,경상사고,0,0,1,0,차대차 - 측면직각충돌,교차로운행방법위반,건조,맑음,교차로 - 교차로안,승용,남,72세,상해없음,승용,남,32세,경상
2015091800100429,2015년 9월 18일 15시,금요일,충청남도 천안시 서북구 직산읍,경상사고,0,0,1,0,차대차 - 기타,안전운전불이행,건조,맑음,단일로 - 기타,승용,남,53세,상해없음,화물,남,49세,경상
2015091800100480,2015년 9월 18일 16시,금요일,충청남도 서천군 서면,경상사고,0,0,1,0,차대차 - 추돌 - 주정차중,안전운전불이행,건조,맑음,단일로 - 기타,승용,남,49세,상해없음,승용,여,27세,경상
2015091800100481,2015년 9월 18일 16시,금요일,충청남도 천안시 동남구 구성동,중상사고,0,1,0,0,차대차 - 측면직각충돌,안전운전불이행,건조,맑음,단일로 - 기타,자전거,남,12세,중상,승합,남,67세,상해없음
2015091800100526,2015년 9월 18일 17시,금요일,충청남도 공주시 유구읍,경상사고,0,0,1,0,차대차 - 추돌 - 진행중,안전운전불이행,건조,맑음,단일로 - 기타,화물,남,38세,상해없음,승용,여,65세,경상
2015091800100572,2015년 9월 18일 18시,금요일,충청남도 서산시 대산읍,중상사고,0,1,2,0,차대차 - 기타,안전운전불이행,건조,맑음,단일로 - 기타,기타불명,기타불명,기타불명,기타불명,승용,남,25세,중상
2015091800100573,2015년 9월 18일 18시,금요일,충청남도 아산시 염치읍,중상사고,0,1,0,0,차대차 - 추돌 - 진행중,안전운전불이행,건조,맑음,기타 - 기타,승용,남,45세,상해없음,원동기,남,68세,중상
2015091800100630,2015년 9월 18일 19시,금요일,충청남도 계룡시 금암동,중상사고,0,1,1,0,차대차 - 정면충돌,신호위반,건조,맑음,교차로 - 교차로안,승용,여,24세,경상,승용,남,32세,중상
2015091800100631,2015년 9월 18일 19시,금요일,충청남도 천안시 동남구 신방동,경상사고,0,0,1,0,차대차 - 측면직각충돌,신호위반,건조,맑음,교차로 - 교차로부근,이륜,남,20세,경상,승용,남,36세,상해없음
2015091800100697,2015년 9월 18일 20시,금요일,충청남도 논산시 부적면,중상사고,0,1,0,0,차대차 - 추돌 - 진행중,안전운전불이행,건조,맑음,단일로 - 기타,화물,남,23세,상해없음,이륜,남,51세,중상
2015091800100698,2015년 9월 18일 20시,금요일,충청남도 당진시 신평면,중상사고,0,2,0,0,차대차 - 추돌 - 진행중,안전운전불이행,건조,맑음,단일로 - 기타,화물,남,54세,상해없음,승용,남,29세,중상
2015091800100699,2015년 9월 18일 20시,금요일,충청남도 천안시 동남구 신방동,경상사고,0,0,1,0,차대차 - 측면직각충돌,안전운전불이행,건조,맑음,교차로 - 교차로부근,승용,여,50세,상해없음,승용,남,53세,경상
2015091800100738,2015년 9월 18일 21시,금요일,충청남도 당진시 신평면,중상사고,0,1,0,0,차대사람 - 기타,안전운전불이행,건조,맑음,기타 - 기타,기타불명,기타불명,기타불명,기타불명,보행자,남,21세,중상
2015091800100777,2015년 9월 18일 22시,금요일,충청남도 천안시 서북구 두정동,중상사고,0,1,1,0,차대차 - 정면충돌,신호위반,건조,맑음,교차로 - 교차로안,원동기,남,24세,중상,승용,남,52세,상해없음
2015091800100778,2015년 9월 18일 22시,금요일,충청남도 천안시 서북구 쌍용동,경상사고,0,0,1,0,차대사람 - 보도통행중,기타,건조,맑음,단일로 - 기타,자전거,남,19세,상해없음,보행자,남,53세,경상
2015091800100817,2015년 9월 18일 23시,금요일,충청남도 서산시 읍내동,경상사고,0,0,1,0,차대사람 - 횡단중,보행자보호의무위반,건조,맑음,단일로 - 횡단보도상,승용,남,46세,상해없음,보행자,남,42세,경상
2015091900100019,2015년 9월 19일 00시,토요일,충청남도 당진시 시곡리,중상사고,0,1,0,0,차대사람 - 길가장자리구역통행중,안전운전불이행,건조,맑음,기타 - 기타,기타불명,기타불명,기타불명,기타불명,보행자,남,68세,중상
2015091900100143,2015년 9월 19일 06시,토요일,충청남도 보령시 동대동,경상사고,0,0,1,0,차대차 - 추돌 - 주정차중,안전운전불이행,건조,맑음,단일로 - 기타,승용,남,35세,상해없음,승용,남,43세,기타불명
2015091900100144,2015년 9월 19일 06시,토요일,충청남도 당진시 정미면,경상사고,0,0,1,0,차대차 - 측면직각충돌,안전운전불이행,건조,맑음,단일로 - 기타,승용,남,47세,상해없음,승합,남,64세,경상
2015091900100154,2015년 9월 19일 07시,토요일,충청남도 서산시 부석면,경상사고,0,0,1,1,차량단독 - 공작물충돌,안전운전불이행,건조,맑음,단일로 - 기타,원동기,남,16세,부상신고,,,,
2015091900100176,2015년 9월 19일 08시,토요일,충청남도 서산시 부석면,중상사고,0,1,0,0,차대차 - 측면직각충돌,교차로운행방법위반,건조,맑음,교차로 - 교차로안,승용,여,47세,상해없음,농기계,남,70세,중상
2015091900100177,2015년 9월 19일 08시,토요일,충청남도 당진시 석문면,중상사고,0,2,0,0,차대차 - 추돌 - 진행중,안전운전불이행,건조,맑음,단일로 - 기타,승용,남,19세,상해없음,화물,남,72세,중상
2015091900100178,2015년 9월 19일 08시,토요일,충청남도 천안시 동남구 목천읍,중상사고,0,1,0,0,차대차 - 추돌 - 주정차중,안전운전불이행,건조,맑음,단일로 - 기타,승용,남,31세,기타불명,승용,여,38세,중상
2015091900100240,2015년 9월 19일 10시,토요일,충청남도 천안시 서북구 성환읍,경상사고,0,0,1,0,차대차 - 추돌 - 진행중,안전운전불이행,건조,맑음,교차로 - 교차로안,승용,여,42세,상해없음,승용,여,55세,경상
2015091900100241,2015년 9월 19일 10시,토요일,충청남도 예산군 응봉면,경상사고,0,0,1,0,차대차 - 추돌 - 진행중,안전운전불이행,건조,맑음,단일로 - 기타,화물,남,33세,상해없음,화물,남,54세,경상
2015091900100271,2015년 9월 19일 11시,토요일,충청남도 천안시 서북구 두정동,부상신고사고,0,0,0,1,차대차 - 측면직각충돌,안전운전불이행,건조,맑음,교차로 - 교차로안,원동기,남,26세,부상신고,화물,남,65세,상해없음
2015091900100272,2015년 9월 19일 11시,토요일,충청남도 논산시 상월면,중상사고,0,2,0,0,차대차 - 측면직각충돌,신호위반,건조,맑음,교차로 - 교차로안,승용,남,55세,상해없음,화물,남,49세,중상
2015091900100273,2015년 9월 19일 11시,토요일,충청남도 홍성군 서부면,경상사고,0,0,1,0,차대차 - 측면직각충돌,안전운전불이행,건조,맑음,교차로 - 교차로부근,승용,남,87세,상해없음,원동기,여,62세,경상
2015091900100274,2015년 9월 19일 11시,토요일,충청남도 청양군 청양읍,사망사고,1,1,1,0,차대차 - 추돌 - 진행중,차로위반,건조,맑음,단일로 - 기타,농기계,남,66세,경상,원동기,남,65세,사망
2015091900100321,2015년 9월 19일 12시,토요일,충청남도 보령시 주교면,중상사고,0,1,0,0,차대차 - 측면직각충돌,안전운전불이행,건조,맑음,교차로 - 교차로안,화물,남,43세,상해없음,이륜,남,72세,중상
2015091900100364,2015년 9월 19일 13시,토요일,충청남도 예산군 응봉면,경상사고,0,0,1,0,차대차 - 측면직각충돌,신호위반,건조,맑음,교차로 - 교차로안,이륜,남,79세,경상,승용,남,52세,상해없음
2015091900100365,2015년 9월 19일 13시,토요일,충청남도 천안시 동남구 광덕면,경상사고,0,0,1,0,차대차 - 추돌 - 진행중,안전운전불이행,건조,맑음,교차로 - 교차로안,승용,남,67세,상해없음,승용,남,60세,경상
2015091900100366,2015년 9월 19일 13시,토요일,충청남도 천안시 동남구 다가동,부상신고사고,0,0,0,1,차대사람 - 기타,안전운전불이행,건조,맑음,단일로 - 기타,승용,남,23세,상해없음,보행자,여,52세,부상신고
2015091900100408,2015년 9월 19일 14시,토요일,충청남도 천안시 동남구 신방동,경상사고,0,0,3,0,차대차 - 추돌 - 진행중,차로위반,건조,맑음,단일로 - 기타,건설기계,남,44세,상해없음,승용,여,44세,경상
2015091900100448,2015년 9월 19일 15시,토요일,충청남도 보령시 미산면,경상사고,0,0,1,0,차량단독 - 도로외이탈 - 추락,안전운전불이행,건조,맑음,단일로 - 기타,승용,남,61세,경상,,,,
2015091900100449,2015년 9월 19일 15시,토요일,충청남도 공주시 의당면,중상사고,0,1,0,0,차대차 - 측면직각충돌,안전운전불이행,건조,맑음,교차로 - 교차로안,승용,남,39세,상해없음,이륜,남,79세,중상
2015091900100450,2015년 9월 19일 15시,토요일,충청남도 당진시 면천면,중상사고,0,1,1,0,차대차 - 측면직각충돌,안전운전불이행,건조,맑음,단일로 - 기타,승용,남,61세,상해없음,승용,남,50세,경상
2015091900100488,2015년 9월 19일 16시,토요일,충청남도 천안시 서북구 두정동,경상사고,0,0,2,0,차대차 - 기타,신호위반,건조,맑음,교차로 - 교차로안,승용,남,38세,상해없음,승합,남,47세,경상
2015091900100489,2015년 9월 19일 16시,토요일,충청남도 서천군 마산면,경상사고,0,0,1,0,차량단독 - 전도전복,안전운전불이행,건조,맑음,단일로 - 기타,이륜,남,46세,경상,,,,
2015091900100490,2015년 9월 19일 16시,토요일,충청남도 예산군 응봉면,중상사고,0,1,2,0,차대차 - 정면충돌,중앙선침범,건조,맑음,단일로 - 기타,화물,남,68세,경상,승용,여,30세,중상
2015091900100491,2015년 9월 19일 16시,토요일,충청남도 천안시 동남구 구성동,중상사고,0,2,0,0,차대차 - 추돌 - 주정차중,안전운전불이행,건조,맑음,교차로 - 교차로부근,승합,남,57세,상해없음,승용,남,32세,중상
2015091900100535,2015년 9월 19일 17시,토요일,충청남도 홍성군 갈산면,경상사고,0,0,3,0,차대차 - 측면직각충돌,안전운전불이행,건조,맑음,단일로 - 기타,승용,남,36세,상해없음,승용,여,44세,경상
2015091900100536,2015년 9월 19일 17시,토요일,충청남도 당진시 수청리,경상사고,0,0,1,0,차대차 - 추돌 - 진행중,안전운전불이행,건조,맑음,단일로 - 기타,승용,남,58세,상해없음,승용,남,49세,경상
2015091900100537,2015년 9월 19일 17시,토요일,충청남도 천안시 동남구 안서동,경상사고,0,0,1,0,차대차 - 추돌 - 진행중,안전거리미확보,건조,맑음,단일로 - 기타,이륜,남,23세,경상,화물,남,56세,상해없음
2015091900100590,2015년 9월 19일 18시,토요일,충청남도 천안시 서북구 두정동,경상사고,0,0,1,0,차대차 - 기타,안전운전불이행,건조,맑음,교차로 - 교차로부근,원동기,남,40세,상해없음,승용,남,35세,상해없음
2015091900100591,2015년 9월 19일 18시,토요일,충청남도 논산시 연무읍,경상사고,0,0,1,0,차대차 - 추돌 - 주정차중,안전운전불이행,건조,맑음,교차로 - 교차로부근,승용,남,23세,상해없음,승용,남,29세,경상
2015091900100592,2015년 9월 19일 18시,토요일,충청남도 아산시 인주면,경상사고,0,0,2,0,차대차 - 측면직각충돌,안전운전불이행,건조,맑음,단일로 - 기타,승용,남,69세,상해없음,승용,여,50세,경상
2015091900100593,2015년 9월 19일 18시,토요일,충청남도 보령시 신흑동,경상사고,0,0,2,0,차대차 - 측면직각충돌,신호위반,건조,맑음,교차로 - 교차로안,승합,남,42세,상해없음,승용,남,24세,경상
2015091900100594,2015년 9월 19일 18시,토요일,충청남도 부여군 규암면,중상사고,0,2,0,0,차대차 - 측면직각충돌,신호위반,건조,맑음,교차로 - 교차로안,승용,여,41세,상해없음,화물,남,73세,중상
2015091900100640,2015년 9월 19일 19시,토요일,충청남도 서산시 석남동,경상사고,0,0,2,0,차대차 - 측면직각충돌,신호위반,건조,맑음,교차로 - 교차로안,승용,여,39세,상해없음,승용,남,56세,상해없음
2015091900100641,2015년 9월 19일 19시,토요일,충청남도 서산시 부석면,중상사고,0,2,3,0,차대차 - 정면충돌,안전운전불이행,건조,맑음,교차로 - 교차로부근,승용,여,33세,경상,승용,남,31세,중상
2015091900100642,2015년 9월 19일 19시,토요일,충청남도 홍성군 서부면,경상사고,0,0,2,0,차대사람 - 길가장자리구역통행중,안전운전불이행,건조,맑음,교차로 - 교차로부근,승용,여,31세,상해없음,보행자,여,54세,경상
2015091900100643,2015년 9월 19일 19시,토요일,충청남도 당진시 송산면,경상사고,0,0,2,0,차대차 - 기타,안전운전불이행,건조,맑음,단일로 - 기타,화물,남,42세,상해없음,승용,남,28세,경상
2015091900100644,2015년 9월 19일 19시,토요일,충청남도 당진시 정미면,중상사고,0,1,0,0,차대차 - 정면충돌,중앙선침범,건조,맑음,단일로 - 기타,승용,남,68세,기타불명,승용,여,62세,중상
2015091900100685,2015년 9월 19일 20시,토요일,충청남도 금산군 군북면,경상사고,0,0,2,0,차대차 - 정면충돌,중앙선침범,건조,맑음,단일로 - 기타,화물,남,55세,상해없음,승용,여,48세,경상
2015091900100728,2015년 9월 19일 21시,토요일,충청남도 천안시 서북구 입장면,경상사고,0,0,4,0,차대차 - 기타,안전운전불이행,건조,맑음,교차로 - 교차로안,승용,여,44세,상해없음,승용,남,50세,경상
2015091900100729,2015년 9월 19일 21시,토요일,충청남도 보령시 성주면,중상사고,0,1,4,0,차대차 - 추돌 - 주정차중,안전운전불이행,건조,맑음,단일로 - 기타,승용,여,65세,경상,승용,남,58세,상해없음