사고번호,사고일시,요일,시군구,사고내용,사망자수,중상자수,경상자수,부상신고자수,사고유형,법규위반,노면상태,기상상태,도로형태,가해운전자 차종,가해운전자 성별,가해운전자 연령,가해운전자 상해정도,피해운전자 차종,피해운전자 성별,피해운전자 연령,피해운전자 상해정도
2015100300100023,2015년 10월 3일 00시,토요일,충청남도 아산시 배방읍,중상사고,0,2,1,0,차대차 - 측면직각충돌,직진우회전진행방해,건조,맑음,교차로 - 교차로안,승용,남,56세,상해없음,승용,여,58세,중상
2015100300100024,2015년 10월 3일 00시,토요일,충청남도 예산군 예산읍,중상사고,0,2,0,0,차대차 - 기타,안전운전불이행,건조,맑음,단일로 - 기타,승용,남,46세,상해없음,승용,남,22세,중상
2015100300100025,2015년 10월 3일 00시,토요일,충청남도 천안시 동남구 신부동,경상사고,0,0,1,0,차대사람 - 기타,안전운전불이행,건조,맑음,단일로 - 기타,승용,남,51세,상해없음,보행자,남,21세,경상
2015100300100061,2015년 10월 3일 02시,토요일,충청남도 공주시 반포면,경상사고,0,0,3,0,차대차 - 추돌 - 진행중,안전운전불이행,건조,맑음,단일로 - 기타,승용,여,42세,기타불명,승용,남,56세,경상
2015100300100114,2015년 10월 3일 06시,토요일,충청남도 천안시 서북구 쌍용동,경상사고,0,0,1,0,차대차 - 측면직각충돌,신호위반,건조,맑음,교차로 - 교차로안,화물,남,46세,상해없음,승용,남,57세,경상
2015100300100130,2015년 10월 3일 07시,토요일,충청남도 당진시 합덕읍,중상사고,0,2,0,0,차대차 - 측면직각충돌,교차로운행방법위반,건조,맑음,교차로 - 교차로안,원동기,남,67세,중상,승용,남,49세,중상
2015100300100144,2015년 10월 3일 08시,토요일,충청남도 논산시 취암동,경상사고,0,0,2,0,차대차 - 측면직각충돌,교차로운행방법위반,건조,맑음,교차로 - 교차로안,승용,남,19세,상해없음,승용,남,40세,경상
2015100300100169,2015년 10월 3일 09시,토요일,충청남도 태안군 소원면,경상사고,0,0,2,0,차대차 - 정면충돌,안전운전불이행,건조,맑음,단일로 - 기타,승용,남,78세,상해없음,승용,남,70세,경상
2015100300100200,2015년 10월 3일 10시,토요일,충청남도 당진시 우강면,경상사고,0,0,2,0,차대사람 - 길가장자리구역통행중,안전운전불이행,건조,맑음,단일로 - 기타,화물,남,66세,상해없음,보행자,남,55세,경상
2015100300100225,2015년 10월 3일 11시,토요일,충청남도 아산시 온천동,경상사고,0,0,1,0,차대차 - 측면직각충돌,직진우회전진행방해,건조,맑음,교차로 - 교차로안,승용,남,27세,상해없음,승용,남,35세,경상
2015100300100261,2015년 10월 3일 12시,토요일,충청남도 공주시 옥룡동,중상사고,0,1,0,0,차대차 - 추돌 - 주정차중,안전운전불이행,건조,맑음,단일로 - 기타,원동기,남,44세,중상,화물,남,62세,상해없음
2015100300100262,2015년 10월 3일 12시,토요일,충청남도 예산군 예산읍,사망사고,1,0,1,0,차대차 - 측면직각충돌,직진우회전진행방해,건조,맑음,교차로 - 교차로안,승용,남,60세,상해없음,이륜,남,61세,사망
2015100300100332,2015년 10월 3일 14시,토요일,충청남도 태안군 소원면,중상사고,0,1,0,0,차량단독 - 공작물충돌,안전운전불이행,건조,맑음,단일로 - 기타,승용,남,74세,중상,,,,
2015100300100367,2015년 10월 3일 15시,토요일,충청남도 논산시 광석면,경상사고,0,0,1,0,차대차 - 추돌 - 진행중,안전운전불이행,건조,맑음,단일로 - 기타,기타불명,기타불명,기타불명,기타불명,자전거,남,15세,경상
2015100300100368,2015년 10월 3일 15시,토요일,충청남도 계룡시 신도안면,경상사고,0,0,1,0,차대차 - 추돌 - 주정차중,안전운전불이행,건조,맑음,단일로 - 기타,승용,남,44세,상해없음,승용,남,44세,경상
2015100300100369,2015년 10월 3일 15시,토요일,충청남도 아산시 모종동,경상사고,0,0,1,0,차대차 - 기타,안전운전불이행,건조,맑음,교차로 - 교차로부근,자전거,여,19세,경상,승용,남,54세,상해없음
2015100300100370,2015년 10월 3일 15시,토요일,충청남도 공주시 산성동,경상사고,0,0,2,0,차대차 - 측면직각충돌,안전운전불이행,건조,맑음,교차로 - 교차로안,원동기,여,50세,경상,이륜,남,55세,상해없음
2015100300100371,2015년 10월 3일 15시,토요일,충청남도 예산군 예산읍,부상신고사고,0,0,0,1,차대사람 - 기타,안전운전불이행,건조,맑음,단일로 - 기타,화물,기타불명,기타불명,기타불명,보행자,여,77세,부상신고
2015100300100450,2015년 10월 3일 17시,토요일,충청남도 서산시 부석면,중상사고,0,1,0,0,차대차 - 측면직각충돌,신호위반,건조,맑음,교차로 - 교차로안,화물,남,53세,상해없음,승용,여,46세,중상
2015100300100451,2015년 10월 3일 17시,토요일,충청남도 천안시 서북구 두정동,경상사고,0,0,1,0,차대차 - 추돌 - 주정차중,안전거리미확보,건조,맑음,단일로 - 기타,승용,남,56세,상해없음,승용,남,63세,경상
2015100300100452,2015년 10월 3일 17시,토요일,충청남도 예산군 광시면,부상신고사고,0,0,0,1,차량단독 - 전도전복,안전운전불이행,건조,맑음,단일로 - 기타,승용,남,67세,부상신고,,,,
2015100300100453,2015년 10월 3일 17시,토요일,충청남도 당진시 합덕읍,중상사고,0,2,0,0,차대차 - 측면직각충돌,안전운전불이행,건조,맑음,단일로 - 기타,화물,남,36세,상해없음,원동기,남,75세,중상
2015100300100502,2015년 10월 3일 18시,토요일,충청남도 서산시 양대동,중상사고,0,1,0,0,차량단독 - 기타,안전운전불이행,건조,맑음,단일로 - 기타,이륜,남,61세,중상,,,,
2015100300100503,2015년 10월 3일 18시,토요일,충청남도 태안군 안면읍,경상사고,0,0,4,0,차대차 - 추돌 - 진행중,안전운전불이행,건조,맑음,단일로 - 기타,승용,남,44세,상해없음,승용,남,42세,경상
2015100300100504,2015년 10월 3일 18시,토요일,충청남도 서천군 서천읍,경상사고,0,0,1,0,차대사람 - 차도통행중,안전운전불이행,건조,맑음,교차로 - 교차로안,승용,남,18세,상해없음,보행자,여,65세,경상
2015100300100505,2015년 10월 3일 18시,토요일,충청남도 천안시 동남구 신부동,경상사고,0,0,1,0,차대사람 - 길가장자리구역통행중,안전운전불이행,건조,맑음,단일로 - 기타,화물,남,46세,상해없음,보행자,남,59세,경상
2015100300100534,2015년 10월 3일 19시,토요일,충청남도 천안시 서북구 성거읍,경상사고,0,0,1,0,차량단독 - 전도전복,안전운전불이행,건조,맑음,단일로 - 기타,원동기,남,16세,경상,,,,
2015100300100535,2015년 10월 3일 19시,토요일,충청남도 논산시 대교동,사망사고,1,0,0,0,차대사람 - 횡단중,과속,건조,맑음,단일로 - 기타,화물,남,53세,상해없음,보행자,남,90세 이상,사망
2015100300100536,2015년 10월 3일 19시,토요일,충청남도 보령시 청소면,경상사고,0,0,1,0,차대차 - 추돌 - 진행중,안전운전불이행,건조,맑음,단일로 - 기타,화물,남,49세,상해없음,화물,남,46세,경상
2015100300100573,2015년 10월 3일 20시,토요일,충청남도 천안시 서북구 성성동,경상사고,0,0,1,0,차대차 - 측면직각충돌,신호위반,건조,맑음,교차로 - 교차로안,화물,남,67세,상해없음,화물,여,50세,경상
2015100300100574,2015년 10월 3일 20시,토요일,충청남도 천안시 서북구 쌍용동,경상사고,0,0,1,0,차대차 - 측면직각충돌,직진우회전진행방해,건조,맑음,교차로 - 교차로안,승용,남,28세,상해없음,승용,남,44세,경상
2015100300100657,2015년 10월 3일 23시,토요일,충청남도 천안시 동남구 봉명동,경상사고,0,0,1,0,차대차 - 측면직각충돌,신호위반,건조,맑음,교차로 - 교차로안,승용,남,38세,상해없음,승용,남,53세,경상
2015100400100027,2015년 10월 4일 01시,일요일,충청남도 천안시 서북구 쌍용동,경상사고,0,0,1,0,차대차 - 측면직각충돌,안전운전불이행,건조,맑음,교차로 - 교차로안,승용,남,30세,상해없음,승용,남,59세,경상
2015100400100112,2015년 10월 4일 08시,일요일,충청남도 태안군 고남면,경상사고,0,0,2,0,차대차 - 추돌 - 주정차중,안전운전불이행,건조,맑음,단일로 - 기타,화물,남,77세,경상,화물,남,60세,상해없음
2015100400100113,2015년 10월 4일 08시,일요일,충청남도 공주시 중동,중상사고,0,1,0,0,차대사람 - 기타,안전운전불이행,건조,맑음,단일로 - 기타,승합,남,47세,상해없음,보행자,여,33세,중상
2015100400100114,2015년 10월 4일 08시,일요일,충청남도 당진시 송산면,경상사고,0,0,1,0,차대차 - 측면직각충돌,안전운전불이행,건조,맑음,단일로 - 기타,화물,남,32세,상해없음,승용,남,43세,경상
2015100400100145,2015년 10월 4일 10시,일요일,충청남도 서산시 동문동,중상사고,0,1,0,0,차대차 - 측면직각충돌,기타,건조,맑음,교차로 - 교차로안,승용,여,56세,중상,승용,남,19세,상해없음
2015100400100146,2015년 10월 4일 10시,일요일,충청남도 금산군 금성면,중상사고,0,1,0,0,차대차 - 측면직각충돌,안전운전불이행,건조,맑음,교차로 - 교차로부근,승용,남,51세,상해없음,자전거,남,85세,중상
2015100400100168,2015년 10월 4일 11시,일요일,충청남도 서산시 동문동,경상사고,0,0,1,0,차대차 - 정면충돌,중앙선침범,건조,맑음,단일로 - 기타,이륜,남,20세,경상,승용,남,61세,상해없음
2015100400100169,2015년 10월 4일 11시,일요일,충청남도 태안군 태안읍,중상사고,0,1,0,0,차대차 - 측면직각충돌,직진우회전진행방해,건조,맑음,교차로 - 교차로안,이륜,남,79세,중상,화물,남,23세,상해없음
2015100400100192,2015년 10월 4일 12시,일요일,충청남도 논산시 강산동,중상사고,0,1,3,0,차대차 - 기타,안전운전불이행,건조,맑음,단일로 - 기타,승용,남,79세,상해없음,승용,남,66세,경상
2015100400100193,2015년 10월 4일 12시,일요일,충청남도 당진시 송악읍,경상사고,0,0,1,0,차대차 - 측면직각충돌,안전운전불이행,건조,맑음,단일로 - 기타,승용,남,66세,상해없음,농기계,남,38세,경상
2015100400100214,2015년 10월 4일 13시,일요일,충청남도 천안시 서북구 불당동,경상사고,0,0,4,3,차대차 - 측면직각충돌,신호위반,건조,맑음,교차로 - 교차로안,승용,남,36세,상해없음,승용,남,35세,경상
2015100400100242,2015년 10월 4일 14시,일요일,충청남도 천안시 서북구 쌍용동,부상신고사고,0,0,0,1,차대차 - 기타,안전운전불이행,건조,맑음,교차로 - 교차로안,자전거,남,16세,부상신고,승용,남,37세,상해없음
2015100400100243,2015년 10월 4일 14시,일요일,충청남도 당진시 대호지면,중상사고,0,1,1,0,차대차 - 측면직각충돌,중앙선침범,건조,맑음,단일로 - 기타,승용,남,37세,상해없음,승합,남,40세,경상
2015100400100273,2015년 10월 4일 15시,일요일,충청남도 예산군 덕산면,경상사고,0,0,2,0,차대차 - 추돌 - 진행중,안전운전불이행,건조,맑음,단일로 - 기타,승용,남,68세,상해없음,승용,여,57세,경상
2015100400100301,2015년 10월 4일 16시,일요일,충청남도 아산시 음봉면,경상사고,0,0,1,0,차대차 - 추돌 - 주정차중,안전운전불이행,건조,맑음,교차로 - 교차로부근,승용,남,63세,상해없음,승용,남,30세,경상
2015100400100337,2015년 10월 4일 17시,일요일,충청남도 천안시 서북구 두정동,부상신고사고,0,0,0,1,차대차 - 추돌 - 주정차중,안전운전불이행,건조,맑음,단일로 - 기타,승용,여,46세,부상신고,승용,남,22세,상해없음
2015100400100376,2015년 10월 4일 18시,일요일,충청남도 서산시 석남동,경상사고,0,0,1,0,차대차 - 측면직각충돌,신호위반,건조,맑음,교차로 - 교차로부근,원동기,남,16세,경상,화물,남,64세,상해없음
2015100400100377,2015년 10월 4일 18시,일요일,충청남도 공주시 탄천면,중상사고,0,1,0,0,차대사람 - 길가장자리구역통행중,안전운전불이행,건조,맑음,단일로 - 기타,이륜,남,75세,상해없음,보행자,여,80세,중상
2015100400100378,2015년 10월 4일 18시,일요일,충청남도 당진시 채운동,중상사고,0,2,3,0,차대차 - 정면충돌,중앙선침범,건조,맑음,단일로 - 기타,승합,남,56세,상해없음,승용,여,56세,중상
2015100400100379,2015년 10월 4일 18시,일요일,충청남도 천안시 동남구 사직동,중상사고,0,1,0,0,차대차 - 추돌 - 진행중,안전운전불이행,건조,맑음,교차로 - 교차로안,승용,여,35세,상해없음,이륜,남,60세,중상
2015100400100409,2015년 10월 4일 19시,일요일,충청남도 홍성군 광천읍,경상사고,0,0,1,0,차대사람 - 차도통행중,안전운전불이행,건조,맑음,교차로 - 교차로부근,승용,남,32세,상해없음,보행자,여,63세,경상
2015100400100435,2015년 10월 4일 20시,일요일,충청남도 천안시 동남구 청수동,중상사고,0,1,0,0,차대차 - 측면직각충돌,안전운전불이행,건조,맑음,단일로 - 기타,승용,남,41세,상해없음,이륜,남,17세,중상
2015100400100480,2015년 10월 4일 22시,일요일,충청남도 아산시 득산동,중상사고,0,1,6,0,차대차 - 추돌 - 진행중,안전거리미확보,건조,맑음,단일로 - 기타,승용,남,27세,경상,승용,남,43세,경상
2015100400100481,2015년 10월 4일 22시,일요일,충청남도 금산군 금산읍,경상사고,0,0,1,0,차대사람 - 횡단중,보행자보호의무위반,건조,맑음,교차로 - 교차로안,화물,남,23세,상해없음,보행자,남,7세,경상
2015100500100007,2015년 10월 5일 00시,월요일,충청남도 보령시 웅천읍,중상사고,0,1,0,0,차량단독 - 공작물충돌,안전운전불이행,건조,맑음,단일로 - 기타,승용,남,18세,상해없음,,,,
2015100500100033,2015년 10월 5일 03시,월요일,충청남도 예산군 대술면,중상사고,0,2,0,0,차대차 - 추돌 - 진행중,안전운전불이행,건조,맑음,단일로 - 기타,화물,남,55세,상해없음,농기계,남,73세,중상
2015100500100038,2015년 10월 5일 04시,월요일,충청남도 서산시 동문동,경상사고,0,0,1,0,차대사람 - 횡단중,안전운전불이행,건조,맑음,교차로 - 교차로부근,화물,남,45세,상해없음,보행자,남,77세,경상
2015100500100039,2015년 10월 5일 04시,월요일,충청남도 서천군 비인면,중상사고,0,2,2,0,차량단독 - 전도전복,안전운전불이행,건조,맑음,단일로 - 기타,화물,남,56세,경상,,,,
2015100500100094,2015년 10월 5일 07시,월요일,충청남도 천안시 서북구 백석동,중상사고,0,1,0,0,차대차 - 측면직각충돌,안전운전불이행,건조,맑음,단일로 - 기타,승합,남,68세,상해없음,이륜,남,25세,중상
2015100500100135,2015년 10월 5일 08시,월요일,충청남도 태안군 태안읍,중상사고,0,1,0,0,차대사람 - 보도통행중,보행자보호의무위반,건조,맑음,교차로 - 교차로안,화물,남,48세,상해없음,보행자,남,11세,중상
2015100500100136,2015년 10월 5일 08시,월요일,충청남도 천안시 서북구 불당동,중상사고,0,3,0,1,차대차 - 측면직각충돌,안전운전불이행,건조,맑음,교차로 - 교차로안,승용,남,31세,부상신고,화물,남,34세,중상
2015100500100137,2015년 10월 5일 08시,월요일,충청남도 천안시 서북구 성환읍,중상사고,0,1,2,0,차대차 - 추돌 - 진행중,안전운전불이행,건조,맑음,단일로 - 기타,화물,남,44세,상해없음,화물,남,39세,경상
2015100500100138,2015년 10월 5일 08시,월요일,충청남도 당진시 읍내리,경상사고,0,0,2,0,차대차 - 측면직각충돌,안전운전불이행,건조,맑음,교차로 - 교차로안,승용,여,48세,상해없음,승용,여,33세,경상
2015100500100139,2015년 10월 5일 08시,월요일,충청남도 천안시 동남구 청당동,경상사고,0,0,1,0,차대차 - 기타,안전운전불이행,건조,맑음,교차로 - 교차로부근,화물,기타불명,기타불명,기타불명,승용,여,47세,경상
2015100500100215,2015년 10월 5일 10시,월요일,충청남도 청양군 청양읍,경상사고,0,0,2,1,차대차 - 기타,안전운전불이행,건조,맑음,교차로 - 교차로안,화물,여,45세,경상,건설기계,남,33세,경상
2015100500100244,2015년 10월 5일 11시,월요일,충청남도 논산시 관촉동,중상사고,0,1,3,0,차대차 - 측면직각충돌,안전운전불이행,건조,맑음,교차로 - 교차로안,승용,남,36세,상해없음,승용,남,59세,중상
2015100500100245,2015년 10월 5일 11시,월요일,충청남도 천안시 동남구 봉명동,중상사고,0,1,0,0,차대차 - 추돌 - 주정차중,안전운전불이행,건조,맑음,교차로 - 교차로부근,승용,여,44세,상해없음,화물,여,52세,중상
2015100500100309,2015년 10월 5일 13시,월요일,충청남도 태안군 소원면,중상사고,0,1,0,0,차대차 - 측면직각충돌,안전거리미확보,건조,맑음,교차로 - 교차로안,화물,남,57세,상해없음,농기계,남,80세,중상
2015100500100310,2015년 10월 5일 13시,월요일,충청남도 서천군 서천읍,경상사고,0,0,1,0,차대차 - 기타,안전운전불이행,건조,맑음,단일로 - 기타,승용,여,71세,상해없음,자전거,남,58세,경상
2015100500100311,2015년 10월 5일 13시,월요일,충청남도 서천군 서천읍,중상사고,0,1,0,0,차대사람 - 기타,보행자보호의무위반,건조,맑음,단일로 - 횡단보도상,승용,남,68세,상해없음,보행자,여,88세,중상
2015100500100312,2015년 10월 5일 13시,월요일,충청남도 부여군 부여읍,중상사고,0,1,0,0,차대사람 - 횡단중,안전운전불이행,건조,맑음,단일로 - 기타,승용,여,32세,상해없음,보행자,여,77세,중상
2015100500100342,2015년 10월 5일 14시,월요일,충청남도 당진시 송악읍,경상사고,0,0,1,0,차대사람 - 기타,보행자보호의무위반,건조,맑음,단일로 - 기타,화물,남,34세,상해없음,보행자,여,12세,경상
2015100500100377,2015년 10월 5일 15시,월요일,충청남도 태안군 태안읍,중상사고,0,1,0,0,차대사람 - 기타,기타,기타,맑음,기타 - 기타,화물,남,33세,상해없음,보행자,여,72세,중상
2015100500100378,2015년 10월 5일 15시,월요일,충청남도 천안시 서북구 불당동,중상사고,0,1,0,0,차대차 - 기타,신호위반,건조,맑음,교차로 - 교차로부근,승용,남,55세,상해없음,자전거,남,12세,중상
2015100500100379,2015년 10월 5일 15시,월요일,충청남도 논산시 상월면,경상사고,0,0,1,0,차대차 - 측면직각충돌,중앙선침범,건조,맑음,단일로 - 기타,농기계,남,63세,상해없음,승용,여,49세,경상
2015100500100380,2015년 10월 5일 15시,월요일,충청남도 서천군 비인면,경상사고,0,0,1,0,차대차 - 기타,안전운전불이행,건조,맑음,기타 - 기타,원동기,남,79세,경상,화물,남,49세,상해없음
2015100500100424,2015년 10월 5일 16시,월요일,충청남도 논산시 화지동,중상사고,0,1,0,0,차대차 - 정면충돌,직진우회전진행방해,건조,맑음,교차로 - 교차로안,승합,남,54세,상해없음,원동기,남,78세,중상
2015100500100425,2015년 10월 5일 16시,월요일,충청남도 홍성군 홍성읍,경상사고,0,0,1,0,차대사람 - 횡단중,안전운전불이행,건조,맑음,교차로 - 교차로안,승용,여,39세,상해없음,보행자,여,66세,경상
2015100500100426,2015년 10월 5일 16시,월요일,충청남도 천안시 동남구 목천읍,경상사고,0,0,1,0,차대차 - 측면직각충돌,안전운전불이행,건조,맑음,단일로 - 기타,화물,남,58세,상해없음,화물,여,64세,경상
2015100500100474,2015년 10월 5일 17시,월요일,충청남도 보령시 궁촌동,중상사고,0,1,1,0,차량단독 - 공작물충돌,안전운전불이행,건조,맑음,기타 - 기타,승용,남,71세,경상,,,,
2015100500100475,2015년 10월 5일 17시,월요일,충청남도 예산군 예산읍,중상사고,0,1,0,0,차대차 - 측면직각충돌,직진우회전진행방해,건조,맑음,교차로 - 교차로안,승용,여,67세,기타불명,승용,여,50세,중상
2015100500100534,2015년 10월 5일 18시,월요일,충청남도 천안시 서북구 두정동,경상사고,0,0,1,0,차대차 - 기타,안전운전불이행,건조,맑음,단일로 - 기타,화물,남,62세,상해없음,승용,여,44세,경상
2015100500100535,2015년 10월 5일 18시,월요일,충청남도 아산시 신창면,중상사고,0,1,0,0,차대차 - 추돌 - 주정차중,안전운전불이행,건조,맑음,단일로 - 기타,승용,남,49세,상해없음,화물,남,39세,중상
2015100500100537,2015년 10월 5일 18시,월요일,충청남도 당진시 시곡리,경상사고,0,0,2,0,차대차 - 추돌 - 진행중,안전운전불이행,건조,맑음,단일로 - 기타,승용,남,47세,상해없음,승용,여,42세,경상
2015100500100538,2015년 10월 5일 18시,월요일,충청남도 당진시 시곡리,경상사고,0,0,3,0,차대차 - 추돌 - 주정차중,안전운전불이행,건조,맑음,단일로 - 기타,승용,남,44세,상해없음,승용,남,29세,경상
2015100500100539,2015년 10월 5일 18시,월요일,충청남도 당진시 시곡리,경상사고,0,0,2,0,차대차 - 추돌 - 주정차중,안전운전불이행,건조,맑음,단일로 - 기타,승용,여,36세,상해없음,승용,남,28세,경상
2015100500100582,2015년 10월 5일 19시,월요일,충청남도 서산시 수석동,중상사고,0,1,0,0,차대사람 - 보도통행중,안전운전불이행,건조,맑음,단일로 - 기타,승용,남,54세,상해없음,보행자,여,74세,중상
2015100500100583,2015년 10월 5일 19시,월요일,충청남도 천안시 동남구 풍세면,중상사고,0,2,0,0,차대사람 - 길가장자리구역통행중,안전운전불이행,건조,맑음,단일로 - 교량,승용,남,62세,상해없음,보행자,남,72세,중상
2015100500100697,2015년 10월 5일 22시,월요일,충청남도 천안시 서북구 입장면,경상사고,0,0,1,0,차대차 - 측면직각충돌,안전운전불이행,건조,맑음,교차로 - 교차로안,승용,남,50세,기타불명,화물,남,36세,경상
2015100600100012,2015년 10월 6일 00시,화요일,충청남도 천안시 서북구 백석동,경상사고,0,0,2,0,차대차 - 추돌 - 주정차중,안전운전불이행,건조,맑음,교차로 - 교차로안,승용,남,44세,상해없음,승용,여,40세,경상
2015100600100069,2015년 10월 6일 05시,화요일,충청남도 천안시 동남구 목천읍,경상사고,0,0,1,0,차량단독 - 전도전복,안전운전불이행,건조,맑음,단일로 - 터널,이륜,남,57세,경상,,,,
2015100600100070,2015년 10월 6일 05시,화요일,충청남도 천안시 동남구 안서동,중상사고,0,1,0,0,차량단독 - 전도전복,안전운전불이행,건조,맑음,단일로 - 기타,이륜,남,71세,중상,,,,
2015100600100104,2015년 10월 6일 07시,화요일,충청남도 논산시 성동면,경상사고,0,0,1,0,차대차 - 측면직각충돌,직진우회전진행방해,건조,맑음,교차로 - 교차로안,승용,남,34세,상해없음,승용,남,47세,경상
2015100600100137,2015년 10월 6일 08시,화요일,충청남도 논산시 벌곡면,중상사고,0,1,0,0,차대차 - 정면충돌,안전운전불이행,건조,맑음,교차로 - 교차로안,화물,남,61세,상해없음,승용,여,47세,중상
2015100600100183,2015년 10월 6일 09시,화요일,충청남도 천안시 서북구 직산읍,경상사고,0,0,1,0,차대사람 - 횡단중,보행자보호의무위반,건조,맑음,교차로 - 교차로안,승용,남,40세,상해없음,보행자,여,54세,경상
2015100600100220,2015년 10월 6일 10시,화요일,충청남도 태안군 남면,중상사고,0,1,0,0,차대사람 - 차도통행중,안전운전불이행,건조,맑음,교차로 - 교차로부근,승용,남,24세,상해없음,보행자,남,73세,중상
2015100600100250,2015년 10월 6일 11시,화요일,충청남도 홍성군 구항면,중상사고,0,1,0,0,차대차 - 측면직각충돌,안전운전불이행,건조,맑음,단일로 - 기타,화물,남,60세,상해없음,원동기,남,83세,중상
2015100600100279,2015년 10월 6일 12시,화요일,충청남도 보령시 웅천읍,경상사고,0,0,2,0,차대차 - 측면직각충돌,안전운전불이행,건조,맑음,교차로 - 교차로안,화물,남,47세,상해없음,승용,남,80세,경상
2015100600100377,2015년 10월 6일 14시,화요일,충청남도 아산시 둔포면,경상사고,0,0,1,0,차대차 - 측면직각충돌,안전운전불이행,건조,맑음,교차로 - 교차로안,승용,여,50세,상해없음,원동기,남,79세,경상
2015100600100426,2015년 10월 6일 15시,화요일,충청남도 홍성군 갈산면,중상사고,0,2,2,0,차대차 - 측면직각충돌,안전운전불이행,건조,맑음,교차로 - 교차로부근,특수,남,35세,상해없음,승용,여,51세,경상
2015100600100462,2015년 10월 6일 16시,화요일,충청남도 서산시 동문동,중상사고,0,1,0,0,차대차 - 측면직각충돌,안전운전불이행,건조,맑음,교차로 - 교차로부근,승용,남,28세,상해없음,자전거,남,11세,중상
2015100600100463,2015년 10월 6일 16시,화요일,충청남도 서산시 동문동,경상사고,0,0,1,0,차대사람 - 횡단중,안전운전불이행,건조,맑음,단일로 - 기타,승용,남,47세,상해없음,보행자,여,23세,경상
2015100600100464,2015년 10월 6일 16시,화요일,충청남도 당진시 수청리,경상사고,0,0,2,0,차대차 - 측면직각충돌,신호위반,건조,맑음,교차로 - 교차로안,승용,남,21세,경상,승용,여,45세,경상
2015100600100498,2015년 10월 6일 17시,화요일,충청남도 태안군 소원면,경상사고,0,0,1,0,차대차 - 추돌 - 진행중,안전운전불이행,건조,맑음,단일로 - 기타,화물,남,44세,상해없음,화물,남,52세,상해없음
2015100600100541,2015년 10월 6일 18시,화요일,충청남도 서산시 석림동,중상사고,0,1,0,0,차대차 - 측면직각충돌,안전운전불이행,건조,맑음,교차로 - 교차로안,자전거,남,71세,중상,승용,남,39세,상해없음
2015100600100542,2015년 10월 6일 18시,화요일,충청남도 보령시 죽정동,경상사고,0,0,1,0,차대사람 - 기타,안전운전불이행,건조,맑음,기타 - 기타,기타불명,기타불명,기타불명,기타불명,보행자,남,36세,경상
2015100600100543,2015년 10월 6일 18시,화요일,충청남도 당진시 송산면,경상사고,0,0,2,0,차대차 - 추돌 - 진행중,안전운전불이행,건조,맑음,미분류 - 미분류,승용,남,36세,상해없음,승용,남,55세,경상
2015100600100628,2015년 10월 6일 20시,화요일,충청남도 태안군 태안읍,사망사고,1,0,0,0,차대사람 - 차도통행중,안전운전불이행,건조,맑음,단일로 - 기타,승용,남,51세,상해없음,보행자,여,77세,사망
2015100600100629,2015년 10월 6일 20시,화요일,충청남도 태안군 태안읍,중상사고,0,1,1,0,차대차 - 정면충돌,교차로운행방법위반,건조,맑음,교차로 - 교차로안,원동기,남,16세,중상,승용,남,49세,경상
2015100600100630,2015년 10월 6일 20시,화요일,충청남도 아산시 배방읍,경상사고,0,0,1,0,차대차 - 추돌 - 진행중,안전운전불이행,건조,맑음,교차로 - 교차로안,승용,남,41세,상해없음,승용,여,42세,경상
2015100600100668,2015년 10월 6일 21시,화요일,충청남도 아산시 배방읍,중상사고,0,1,0,0,차대사람 - 기타,안전운전불이행,건조,맑음,교차로 - 교차로안,승용,남,34세,상해없음,보행자,남,39세,중상
2015100600100669,2015년 10월 6일 21시,화요일,충청남도 아산시 둔포면,경상사고,0,0,1,0,차대차 - 추돌 - 진행중,기타,건조,맑음,교차로 - 교차로안,이륜,남,41세,상해없음,승용,남,51세,경상
2015100600100670,2015년 10월 6일 21시,화요일,충청남도 당진시 송산면,중상사고,0,1,0,0,차대사람 - 기타,안전운전불이행,건조,맑음,단일로 - 기타,승용,남,33세,상해없음,보행자,여,78세,중상
2015100600100671,2015년 10월 6일 21시,화요일,충청남도 당진시 시곡리,중상사고,0,1,0,0,차대차 - 추돌 - 진행중,안전운전불이행,건조,맑음,단일로 - 기타,이륜,남,43세,중상,화물,남,66세,상해없음
2015100700100011,2015년 10월 7일 00시,수요일,충청남도 홍성군 구항면,경상사고,0,0,1,0,차대차 - 측면직각충돌,교차로운행방법위반,건조,맑음,교차로 - 교차로안,승용,여,44세,상해없음,승용,남,23세,경상
2015100700100077,2015년 10월 7일 06시,수요일,충청남도 천안시 동남구 성남면,경상사고,0,0,2,0,차대차 - 추돌 - 진행중,안전운전불이행,건조,맑음,단일로 - 기타,승용,남,21세,상해없음,승용,여,48세,경상
2015100700100096,2015년 10월 7일 07시,수요일,충청남도 부여군 석성면,사망사고,1,2,1,0,차대차 - 측면직각충돌,신호위반,건조,맑음,교차로 - 교차로안,승용,남,59세,경상,화물,남,57세,사망
2015100700100130,2015년 10월 7일 08시,수요일,충청남도 아산시 장존동,경상사고,0,0,13,2,차대차 - 추돌 - 주정차중,안전운전불이행,건조,맑음,기타 - 기타,화물,남,53세,상해없음,승합,남,36세,경상