사고번호,사고일시,요일,시군구,사고내용,사망자수,중상자수,경상자수,부상신고자수,사고유형,법규위반,노면상태,기상상태,도로형태,가해운전자 차종,가해운전자 성별,가해운전자 연령,가해운전자 상해정도,피해운전자 차종,피해운전자 성별,피해운전자 연령,피해운전자 상해정도
2015100700100131,2015년 10월 7일 08시,수요일,충청남도 천안시 동남구 신방동,경상사고,0,0,1,0,차대차 - 추돌 - 진행중,안전운전불이행,건조,맑음,단일로 - 기타,자전거,남,78세,경상,승용,남,41세,상해없음
2015100700100172,2015년 10월 7일 09시,수요일,충청남도 홍성군 홍성읍,경상사고,0,0,1,0,차대차 - 측면직각충돌,안전운전불이행,건조,맑음,교차로 - 교차로안,승용,남,54세,상해없음,승용,여,37세,경상
2015100700100173,2015년 10월 7일 09시,수요일,충청남도 당진시 송악읍,경상사고,0,0,3,0,차대차 - 측면직각충돌,교차로운행방법위반,건조,맑음,교차로 - 교차로안,승용,남,53세,경상,승용,여,31세,경상
2015100700100174,2015년 10월 7일 09시,수요일,충청남도 천안시 동남구 동면,중상사고,0,1,0,0,차대차 - 추돌 - 진행중,중앙선침범,건조,맑음,기타 - 기타,화물,남,48세,상해없음,이륜,남,68세,중상
2015100700100247,2015년 10월 7일 11시,수요일,충청남도 서산시 운산면,중상사고,0,1,0,0,차대차 - 측면직각충돌,신호위반,건조,맑음,교차로 - 교차로안,화물,남,61세,상해없음,화물,남,36세,중상
2015100700100248,2015년 10월 7일 11시,수요일,충청남도 서천군 마서면,중상사고,0,2,1,0,차대차 - 정면충돌,안전운전불이행,건조,맑음,단일로 - 기타,승용,남,66세,상해없음,이륜,남,48세,상해없음
2015100700100281,2015년 10월 7일 12시,수요일,충청남도 보령시 청라면,경상사고,0,0,2,0,차대차 - 추돌 - 진행중,안전운전불이행,건조,맑음,교차로 - 교차로부근,승용,남,45세,상해없음,승용,남,61세,경상
2015100700100303,2015년 10월 7일 13시,수요일,충청남도 아산시 권곡동,부상신고사고,0,0,0,1,차대사람 - 기타,안전운전불이행,건조,맑음,단일로 - 기타,승용,기타불명,기타불명,기타불명,보행자,남,68세,부상신고
2015100700100342,2015년 10월 7일 14시,수요일,충청남도 홍성군 광천읍,중상사고,0,1,0,0,차대차 - 측면직각충돌,중앙선침범,건조,맑음,단일로 - 기타,화물,남,42세,상해없음,승용,남,72세,중상
2015100700100343,2015년 10월 7일 14시,수요일,충청남도 청양군 장평면,중상사고,0,1,1,0,차량단독 - 전도전복,안전운전불이행,건조,맑음,단일로 - 기타,이륜,남,76세,경상,,,,
2015100700100410,2015년 10월 7일 16시,수요일,충청남도 당진시 우강면,경상사고,0,0,1,0,차대차 - 측면직각충돌,교차로운행방법위반,건조,맑음,교차로 - 교차로안,승용,여,54세,상해없음,화물,남,58세,상해없음
2015100700100411,2015년 10월 7일 16시,수요일,충청남도 금산군 금산읍,중상사고,0,1,0,0,차대사람 - 보도통행중,안전운전불이행,건조,맑음,교차로 - 교차로안,화물,남,66세,상해없음,보행자,여,56세,중상
2015100700100448,2015년 10월 7일 17시,수요일,충청남도 천안시 서북구 성환읍,경상사고,0,0,2,2,차대차 - 추돌 - 주정차중,안전운전불이행,건조,맑음,단일로 - 기타,승용,남,62세,부상신고,화물,남,44세,경상
2015100700100487,2015년 10월 7일 18시,수요일,충청남도 천안시 서북구 쌍용동,경상사고,0,0,1,0,차대사람 - 횡단중,안전운전불이행,건조,맑음,단일로 - 기타,화물,남,54세,상해없음,보행자,남,66세,경상
2015100700100488,2015년 10월 7일 18시,수요일,충청남도 논산시 상월면,경상사고,0,0,1,0,차대차 - 추돌 - 진행중,안전거리미확보,건조,맑음,단일로 - 교량,화물,남,64세,상해없음,자전거,남,76세,경상
2015100700100489,2015년 10월 7일 18시,수요일,충청남도 당진시 신평면,중상사고,0,1,0,0,차대사람 - 횡단중,안전운전불이행,건조,기타,단일로 - 기타,화물,남,78세,상해없음,보행자,여,81세,중상
2015100700100490,2015년 10월 7일 18시,수요일,충청남도 당진시 석문면,경상사고,0,0,2,0,차대차 - 추돌 - 진행중,안전운전불이행,습기,맑음,단일로 - 기타,화물,남,56세,상해없음,승용,남,57세,경상
2015100700100542,2015년 10월 7일 19시,수요일,충청남도 아산시 영인면,중상사고,0,3,1,0,차대차 - 추돌 - 진행중,안전운전불이행,건조,맑음,단일로 - 기타,승용,남,18세,상해없음,승용,여,29세,상해없음
2015100700100543,2015년 10월 7일 19시,수요일,충청남도 보령시 청라면,사망사고,1,0,0,0,차대사람 - 길가장자리구역통행중,안전운전불이행,건조,맑음,단일로 - 기타,승용,남,39세,상해없음,보행자,남,61세,사망
2015100700100592,2015년 10월 7일 20시,수요일,충청남도 보령시 명천동,중상사고,0,1,0,0,차대사람 - 횡단중,안전운전불이행,건조,맑음,교차로 - 교차로안,승용,남,34세,상해없음,보행자,여,60세,중상
2015100700100625,2015년 10월 7일 21시,수요일,충청남도 천안시 서북구 쌍용동,부상신고사고,0,0,0,1,차대차 - 측면직각충돌,안전운전불이행,건조,맑음,단일로 - 횡단보도상,자전거,남,12세,부상신고,승용,남,28세,상해없음
2015100700100658,2015년 10월 7일 22시,수요일,충청남도 서산시 동문동,중상사고,0,1,0,0,차대차 - 추돌 - 주정차중,안전운전불이행,건조,맑음,교차로 - 교차로부근,승용,남,32세,상해없음,화물,여,49세,중상
2015100800100017,2015년 10월 8일 00시,목요일,충청남도 공주시 신관동,중상사고,0,1,1,0,차대사람 - 횡단중,신호위반,건조,맑음,교차로 - 교차로안,승용,여,55세,상해없음,보행자,남,22세,중상
2015100800100018,2015년 10월 8일 00시,목요일,충청남도 예산군 예산읍,중상사고,0,1,1,0,차대차 - 추돌 - 진행중,안전운전불이행,건조,기타,단일로 - 기타,승용,남,26세,상해없음,승용,남,63세,중상
2015100800100091,2015년 10월 8일 06시,목요일,충청남도 서산시 읍내동,중상사고,0,1,0,0,차대차 - 측면직각충돌,안전운전불이행,건조,맑음,교차로 - 교차로부근,자전거,남,63세,중상,화물,남,58세,상해없음
2015100800100116,2015년 10월 8일 07시,목요일,충청남도 당진시 대덕리,경상사고,0,0,2,0,차대차 - 추돌 - 진행중,신호위반,건조,맑음,교차로 - 교차로안,승용,여,41세,경상,화물,남,43세,경상
2015100800100203,2015년 10월 8일 09시,목요일,충청남도 서천군 서천읍,중상사고,0,1,0,0,차대사람 - 횡단중,보행자보호의무위반,건조,맑음,단일로 - 기타,화물,남,73세,상해없음,보행자,여,55세,중상
2015100800100235,2015년 10월 8일 10시,목요일,충청남도 서천군 서천읍,중상사고,0,1,1,0,차대차 - 측면직각충돌,직진우회전진행방해,건조,맑음,교차로 - 교차로안,승용,여,30세,상해없음,승용,남,70세,중상
2015100800100237,2015년 10월 8일 10시,목요일,충청남도 금산군 금산읍,중상사고,0,1,0,0,차대차 - 추돌 - 진행중,신호위반,건조,맑음,교차로 - 교차로부근,승용,여,56세,상해없음,이륜,남,56세,중상
2015100800100238,2015년 10월 8일 10시,목요일,충청남도 천안시 동남구 성황동,경상사고,0,0,1,0,차대차 - 측면직각충돌,직진우회전진행방해,건조,맑음,교차로 - 교차로안,승용,남,61세,상해없음,승용,여,48세,경상
2015100800100276,2015년 10월 8일 11시,목요일,충청남도 서천군 종천면,중상사고,0,3,0,0,차대차 - 측면직각충돌,직진우회전진행방해,건조,맑음,교차로 - 교차로안,화물,남,44세,상해없음,승용,남,49세,중상
2015100800100312,2015년 10월 8일 12시,목요일,충청남도 천안시 동남구 안서동,경상사고,0,0,4,1,차대차 - 측면직각충돌,교차로운행방법위반,건조,맑음,교차로 - 교차로안,승용,여,38세,부상신고,승용,남,19세,경상
2015100800100347,2015년 10월 8일 13시,목요일,충청남도 아산시 풍기동,경상사고,0,0,1,0,차대차 - 측면직각충돌,안전운전불이행,건조,맑음,교차로 - 교차로안,승용,남,55세,상해없음,이륜,남,18세,경상
2015100800100348,2015년 10월 8일 13시,목요일,충청남도 당진시 송산면,중상사고,0,1,1,0,차대차 - 측면직각충돌,교차로운행방법위반,건조,맑음,교차로 - 교차로안,승용,남,30세,상해없음,승용,남,47세,중상
2015100800100382,2015년 10월 8일 14시,목요일,충청남도 논산시 반월동,경상사고,0,0,1,0,차대사람 - 기타,신호위반,건조,맑음,교차로 - 교차로부근,화물,남,68세,상해없음,보행자,남,13세,경상
2015100800100383,2015년 10월 8일 14시,목요일,충청남도 서천군 서면,중상사고,0,1,2,0,차대차 - 측면직각충돌,중앙선침범,건조,맑음,단일로 - 기타,화물,남,58세,상해없음,화물,남,43세,경상
2015100800100385,2015년 10월 8일 14시,목요일,충청남도 예산군 삽교읍,중상사고,0,1,0,0,차대사람 - 기타,안전운전불이행,건조,맑음,기타 - 기타,화물,남,54세,상해없음,보행자,여,83세,중상
2015100800100412,2015년 10월 8일 15시,목요일,충청남도 논산시 성동면,중상사고,0,1,1,0,차대차 - 측면직각충돌,중앙선침범,습기,비,단일로 - 기타,승용,남,33세,상해없음,화물,남,46세,경상
2015100800100413,2015년 10월 8일 15시,목요일,충청남도 천안시 동남구 신부동,중상사고,0,1,0,0,차대사람 - 보도통행중,안전운전불이행,건조,맑음,교차로 - 교차로부근,승용,여,32세,상해없음,보행자,여,58세,중상
2015100800100495,2015년 10월 8일 17시,목요일,충청남도 아산시 둔포면,중상사고,0,1,0,0,차대차 - 측면직각충돌,안전운전불이행,건조,맑음,교차로 - 교차로안,승용,남,55세,상해없음,승용,여,35세,중상
2015100800100553,2015년 10월 8일 18시,목요일,충청남도 서산시 대산읍,경상사고,0,0,1,0,차대차 - 측면직각충돌,신호위반,건조,맑음,교차로 - 교차로안,승합,여,47세,상해없음,승용,남,56세,경상
2015100800100554,2015년 10월 8일 18시,목요일,충청남도 천안시 서북구 쌍용동,중상사고,0,1,0,0,차대차 - 측면직각충돌,안전운전불이행,건조,맑음,교차로 - 교차로안,승용,남,42세,상해없음,이륜,남,66세,중상
2015100800100555,2015년 10월 8일 18시,목요일,충청남도 논산시 성동면,중상사고,0,1,0,0,차대차 - 측면직각충돌,교차로운행방법위반,건조,맑음,교차로 - 교차로안,화물,남,64세,상해없음,이륜,남,50세,중상
2015100800100599,2015년 10월 8일 19시,목요일,충청남도 아산시 탕정면,중상사고,0,2,0,0,차대차 - 측면직각충돌,안전운전불이행,건조,맑음,교차로 - 교차로안,승용,여,23세,중상,승용,남,55세,중상
2015100800100600,2015년 10월 8일 19시,목요일,충청남도 천안시 동남구 신부동,중상사고,0,1,0,0,차대차 - 측면직각충돌,안전거리미확보,건조,맑음,단일로 - 기타,승합,남,56세,상해없음,원동기,남,25세,중상
2015100800100661,2015년 10월 8일 20시,목요일,충청남도 홍성군 홍북면,경상사고,0,0,1,0,차대차 - 측면직각충돌,안전운전불이행,건조,맑음,단일로 - 기타,승용,남,31세,상해없음,자전거,남,6세,경상
2015100800100662,2015년 10월 8일 20시,목요일,충청남도 천안시 동남구 청수동,경상사고,0,0,1,0,차대차 - 측면직각충돌,안전운전불이행,건조,맑음,교차로 - 교차로안,자전거,남,15세,경상,승용,남,52세,상해없음
2015100800100698,2015년 10월 8일 21시,목요일,충청남도 천안시 서북구 백석동,경상사고,0,0,1,0,차대차 - 측면직각충돌,안전운전불이행,건조,맑음,교차로 - 교차로부근,자전거,남,63세,경상,승용,여,33세,상해없음
2015100800100699,2015년 10월 8일 21시,목요일,충청남도 천안시 서북구 불당동,경상사고,0,0,1,0,차대차 - 기타,교차로운행방법위반,건조,맑음,교차로 - 교차로안,승용,여,44세,상해없음,승용,여,28세,경상
2015100800100773,2015년 10월 8일 23시,목요일,충청남도 서산시 동문동,중상사고,0,1,0,0,차대사람 - 횡단중,안전운전불이행,습기,비,교차로 - 교차로부근,승용,남,25세,상해없음,보행자,남,58세,중상
2015100900100019,2015년 10월 9일 00시,금요일,충청남도 태안군 소원면,중상사고,0,1,0,0,차량단독 - 전도전복,안전운전불이행,건조,맑음,단일로 - 기타,승합,남,29세,중상,,,,
2015100900100020,2015년 10월 9일 00시,금요일,충청남도 태안군 근흥면,중상사고,0,2,2,0,차대차 - 측면직각충돌,신호위반,건조,맑음,교차로 - 교차로안,승합,여,33세,상해없음,승용,남,18세,상해없음
2015100900100046,2015년 10월 9일 01시,금요일,충청남도 태안군 태안읍,중상사고,0,1,0,0,차대차 - 추돌 - 진행중,안전운전불이행,건조,흐림,교차로 - 교차로부근,승용,남,52세,상해없음,승용,남,39세,중상
2015100900100047,2015년 10월 9일 01시,금요일,충청남도 아산시 온천동,경상사고,0,0,1,0,차대차 - 기타,안전운전불이행,기타,맑음,교차로 - 교차로안,기타불명,기타불명,기타불명,기타불명,승용,여,25세,경상
2015100900100105,2015년 10월 9일 04시,금요일,충청남도 천안시 서북구 불당동,경상사고,0,0,1,0,차대차 - 기타,안전운전불이행,건조,맑음,미분류 - 미분류,승용,남,35세,기타불명,승용,남,32세,경상
2015100900100117,2015년 10월 9일 05시,금요일,충청남도 아산시 방축동,경상사고,0,0,1,0,차대차 - 추돌 - 주정차중,안전운전불이행,건조,맑음,단일로 - 기타,승용,남,30세,상해없음,승용,남,61세,경상
2015100900100151,2015년 10월 9일 07시,금요일,충청남도 태안군 태안읍,중상사고,0,1,0,0,차대사람 - 횡단중,안전운전불이행,건조,맑음,단일로 - 기타,승합,남,40세,상해없음,보행자,여,57세,중상
2015100900100152,2015년 10월 9일 07시,금요일,충청남도 당진시 원당리,경상사고,0,0,2,0,차대차 - 측면직각충돌,중앙선침범,건조,맑음,단일로 - 교량,승용,남,47세,상해없음,승용,남,71세,경상
2015100900100153,2015년 10월 9일 07시,금요일,충청남도 당진시 송산면,중상사고,0,1,1,0,차대차 - 정면충돌,안전운전불이행,건조,맑음,단일로 - 기타,승용,여,48세,상해없음,화물,남,49세,중상
2015100900100201,2015년 10월 9일 09시,금요일,충청남도 보령시 천북면,경상사고,0,0,1,0,차대차 - 기타,안전운전불이행,건조,맑음,단일로 - 기타,승용,남,28세,상해없음,화물,남,35세,경상
2015100900100245,2015년 10월 9일 10시,금요일,충청남도 아산시 용화동,경상사고,0,0,1,0,차대차 - 측면직각충돌,신호위반,건조,맑음,교차로 - 교차로안,승용,여,22세,상해없음,승용,여,58세,경상
2015100900100246,2015년 10월 9일 10시,금요일,충청남도 금산군 추부면,중상사고,0,2,0,0,차대차 - 측면직각충돌,안전운전불이행,건조,맑음,교차로 - 교차로안,승합,남,63세,상해없음,승용,남,48세,중상
2015100900100279,2015년 10월 9일 11시,금요일,충청남도 아산시 영인면,경상사고,0,0,2,0,차대차 - 추돌 - 주정차중,안전운전불이행,건조,맑음,단일로 - 기타,승용,남,37세,상해없음,승용,남,50세,경상
2015100900100280,2015년 10월 9일 11시,금요일,충청남도 보령시 대천동,경상사고,0,0,2,0,차대차 - 측면직각충돌,불법유턴,건조,맑음,단일로 - 기타,승용,여,49세,상해없음,이륜,남,16세,경상
2015100900100308,2015년 10월 9일 12시,금요일,충청남도 공주시 정안면,중상사고,0,1,0,0,차대사람 - 기타,안전운전불이행,건조,맑음,단일로 - 기타,승용,여,47세,상해없음,보행자,여,59세,중상
2015100900100376,2015년 10월 9일 14시,금요일,충청남도 아산시 탕정면,중상사고,0,1,0,0,차량단독 - 공작물충돌,안전운전불이행,건조,맑음,단일로 - 기타,이륜,남,39세,중상,,,,
2015100900100415,2015년 10월 9일 15시,금요일,충청남도 당진시 송산면,경상사고,0,0,1,0,차량단독 - 전도전복,안전운전불이행,건조,맑음,단일로 - 기타,원동기,남,49세,경상,,,,
2015100900100416,2015년 10월 9일 15시,금요일,충청남도 당진시 신평면,경상사고,0,0,1,0,차대차 - 추돌 - 진행중,안전거리미확보,건조,맑음,교차로 - 교차로안,화물,남,44세,상해없음,승용,남,64세,경상
2015100900100454,2015년 10월 9일 16시,금요일,충청남도 천안시 서북구 성환읍,중상사고,0,2,0,0,차대차 - 추돌 - 주정차중,안전운전불이행,건조,맑음,단일로 - 기타,화물,남,40세,상해없음,승용,남,33세,중상
2015100900100455,2015년 10월 9일 16시,금요일,충청남도 당진시 채운동,경상사고,0,0,1,0,차대차 - 추돌 - 진행중,안전운전불이행,건조,맑음,단일로 - 기타,원동기,남,73세,경상,승용,남,48세,상해없음
2015100900100502,2015년 10월 9일 17시,금요일,충청남도 공주시 금성동,경상사고,0,0,2,1,차대차 - 추돌 - 주정차중,안전운전불이행,건조,맑음,단일로 - 교량,화물,남,65세,상해없음,승용,남,35세,경상
2015100900100503,2015년 10월 9일 17시,금요일,충청남도 부여군 내산면,중상사고,0,4,1,0,차량단독 - 공작물충돌,안전운전불이행,건조,맑음,단일로 - 기타,승용,남,39세,경상,,,,
2015100900100504,2015년 10월 9일 17시,금요일,충청남도 부여군 규암면,경상사고,0,0,1,0,차대차 - 기타,안전운전불이행,건조,맑음,단일로 - 기타,이륜,남,63세,경상,승용,남,54세,상해없음
2015100900100505,2015년 10월 9일 17시,금요일,충청남도 당진시 석문면,중상사고,0,1,0,0,차대사람 - 횡단중,보행자보호의무위반,건조,맑음,교차로 - 교차로안,승용,남,45세,상해없음,보행자,여,62세,중상
2015100900100506,2015년 10월 9일 17시,금요일,충청남도 당진시 신평면,경상사고,0,0,1,0,차대사람 - 길가장자리구역통행중,안전운전불이행,건조,맑음,단일로 - 기타,승용,여,24세,상해없음,보행자,여,7세,경상
2015100900100545,2015년 10월 9일 18시,금요일,충청남도 당진시 고대면,경상사고,0,0,1,0,차대차 - 추돌 - 진행중,안전거리미확보,건조,맑음,단일로 - 기타,승용,남,22세,경상,농기계,남,56세,상해없음
2015100900100582,2015년 10월 9일 19시,금요일,충청남도 논산시 광석면,중상사고,0,1,0,0,차대차 - 측면직각충돌,중앙선침범,건조,맑음,단일로 - 기타,승용,여,56세,상해없음,이륜,남,58세,중상
2015100900100583,2015년 10월 9일 19시,금요일,충청남도 아산시 탕정면,경상사고,0,0,3,0,차대차 - 추돌 - 주정차중,안전운전불이행,건조,맑음,교차로 - 교차로부근,승용,남,35세,상해없음,승용,여,33세,경상
2015100900100584,2015년 10월 9일 19시,금요일,충청남도 천안시 동남구 풍세면,중상사고,0,1,0,1,차대차 - 측면직각충돌,교차로운행방법위반,건조,맑음,교차로 - 교차로안,승용,여,45세,부상신고,승용,남,58세,중상
2015100900100585,2015년 10월 9일 19시,금요일,충청남도 천안시 동남구 문화동,경상사고,0,0,1,0,차대사람 - 차도통행중,안전운전불이행,건조,맑음,단일로 - 기타,자전거,남,21세,상해없음,보행자,여,21세,경상
2015100900100632,2015년 10월 9일 20시,금요일,충청남도 서산시 석림동,중상사고,0,1,0,0,차대차 - 추돌 - 주정차중,안전운전불이행,건조,맑음,교차로 - 교차로부근,승용,남,49세,상해없음,승용,여,43세,중상
2015100900100663,2015년 10월 9일 21시,금요일,충청남도 천안시 서북구 백석동,중상사고,0,1,1,0,차대차 - 기타,신호위반,건조,맑음,교차로 - 교차로안,승용,남,39세,상해없음,원동기,남,16세,중상
2015100900100664,2015년 10월 9일 21시,금요일,충청남도 당진시 석문면,경상사고,0,0,1,0,차대차 - 측면직각충돌,중앙선침범,건조,맑음,단일로 - 기타,화물,남,49세,상해없음,승용,여,42세,경상
2015100900100717,2015년 10월 9일 23시,금요일,충청남도 논산시 연무읍,경상사고,0,0,1,0,차대차 - 측면직각충돌,불법유턴,건조,맑음,단일로 - 기타,이륜,남,16세,경상,승용,남,53세,상해없음
2015100900100718,2015년 10월 9일 23시,금요일,충청남도 아산시 배방읍,중상사고,0,1,1,0,차대차 - 정면충돌,중앙선침범,건조,맑음,교차로 - 교차로부근,원동기,남,19세,경상,이륜,남,21세,중상
2015101000100014,2015년 10월 10일 00시,토요일,충청남도 금산군 금산읍,경상사고,0,0,1,0,차대차 - 추돌 - 주정차중,안전운전불이행,건조,맑음,단일로 - 기타,승용,남,29세,기타불명,승용,남,48세,경상
2015101000100044,2015년 10월 10일 02시,토요일,충청남도 아산시 음봉면,경상사고,0,0,1,0,차량단독 - 공작물충돌,안전운전불이행,건조,맑음,단일로 - 기타,승용,남,27세,경상,,,,
2015101000100045,2015년 10월 10일 02시,토요일,충청남도 부여군 부여읍,경상사고,0,0,1,0,차대차 - 측면직각충돌,안전운전불이행,건조,맑음,단일로 - 기타,승용,남,46세,경상,승용,남,43세,기타불명
2015101000100094,2015년 10월 10일 05시,토요일,충청남도 보령시 내항동,중상사고,0,1,3,0,차대차 - 추돌 - 진행중,안전운전불이행,건조,맑음,단일로 - 기타,화물,남,38세,중상,건설기계,남,45세,경상
2015101000100115,2015년 10월 10일 06시,토요일,충청남도 태안군 태안읍,중상사고,0,1,4,0,차대차 - 추돌 - 주정차중,안전운전불이행,건조,맑음,단일로 - 기타,승용,남,20세,상해없음,화물,남,40세,중상
2015101000100116,2015년 10월 10일 06시,토요일,충청남도 논산시 연무읍,중상사고,0,1,0,0,차대차 - 측면직각충돌,교차로운행방법위반,건조,맑음,교차로 - 교차로안,이륜,남,77세,중상,승용,여,39세,상해없음
2015101000100139,2015년 10월 10일 07시,토요일,충청남도 예산군 예산읍,중상사고,0,1,0,0,차대사람 - 차도통행중,중앙선침범,건조,맑음,단일로 - 기타,승용,남,70세,상해없음,보행자,여,75세,중상
2015101000100161,2015년 10월 10일 08시,토요일,충청남도 천안시 동남구 대흥동,중상사고,0,1,0,0,차대사람 - 기타,안전운전불이행,건조,맑음,단일로 - 기타,승용,남,46세,상해없음,보행자,여,78세,중상
2015101000100186,2015년 10월 10일 09시,토요일,충청남도 서산시 인지면,경상사고,0,0,10,0,차대차 - 정면충돌,안전운전불이행,습기,비,단일로 - 기타,승용,남,27세,상해없음,승합,남,39세,경상
2015101000100252,2015년 10월 10일 11시,토요일,충청남도 천안시 서북구 성정동,경상사고,0,0,1,0,차대사람 - 횡단중,안전운전불이행,습기,비,단일로 - 기타,원동기,남,36세,상해없음,보행자,여,60세,경상
2015101000100253,2015년 10월 10일 11시,토요일,충청남도 아산시 인주면,경상사고,0,0,2,0,차대차 - 추돌 - 주정차중,안전운전불이행,습기,비,기타 - 기타,승용,남,49세,기타불명,승용,여,39세,경상
2015101000100279,2015년 10월 10일 12시,토요일,충청남도 공주시 신관동,경상사고,0,0,1,0,차대차 - 추돌 - 주정차중,안전운전불이행,건조,흐림,교차로 - 교차로부근,승용,남,50세,상해없음,승용,여,53세,경상
2015101000100313,2015년 10월 10일 13시,토요일,충청남도 아산시 음봉면,중상사고,0,1,0,0,차대차 - 기타,안전운전불이행,건조,맑음,단일로 - 기타,화물,남,58세,상해없음,승합,남,35세,중상
2015101000100314,2015년 10월 10일 13시,토요일,충청남도 당진시 대호지면,중상사고,0,1,0,0,차대차 - 측면직각충돌,교차로운행방법위반,습기,비,교차로 - 교차로안,이륜,여,64세,중상,건설기계,남,71세,상해없음
2015101000100355,2015년 10월 10일 14시,토요일,충청남도 서산시 성연면,경상사고,0,0,2,0,차대차 - 추돌 - 진행중,안전거리미확보,습기,흐림,교차로 - 교차로안,승용,남,59세,상해없음,승용,여,37세,경상
2015101000100422,2015년 10월 10일 16시,토요일,충청남도 아산시 모종동,중상사고,0,1,0,0,차대차 - 측면직각충돌,안전운전불이행,건조,맑음,단일로 - 기타,승용,남,67세,상해없음,원동기,남,31세,중상
2015101000100423,2015년 10월 10일 16시,토요일,충청남도 서천군 종천면,중상사고,0,2,1,0,차대차 - 정면충돌,중앙선침범,건조,맑음,단일로 - 기타,화물,여,52세,경상,승용,여,60세,중상
2015101000100424,2015년 10월 10일 16시,토요일,충청남도 천안시 서북구 성거읍,중상사고,0,1,3,0,차대차 - 추돌 - 진행중,안전거리미확보,습기,비,단일로 - 기타,화물,남,28세,상해없음,승용,남,59세,경상
2015101000100452,2015년 10월 10일 17시,토요일,충청남도 천안시 서북구 불당동,중상사고,0,1,3,1,차대차 - 추돌 - 진행중,안전운전불이행,건조,흐림,단일로 - 기타,승용,남,49세,상해없음,승용,남,39세,경상
2015101000100513,2015년 10월 10일 18시,토요일,충청남도 아산시 둔포면,중상사고,0,2,1,0,차대차 - 추돌 - 주정차중,안전운전불이행,건조,맑음,단일로 - 기타,승용,남,32세,중상,승용,여,54세,경상
2015101000100514,2015년 10월 10일 18시,토요일,충청남도 서천군 마서면,경상사고,0,0,3,0,차대차 - 추돌 - 진행중,안전운전불이행,습기,비,단일로 - 기타,승용,여,68세,상해없음,승용,남,42세,상해없음
2015101000100515,2015년 10월 10일 18시,토요일,충청남도 당진시 송산면,중상사고,0,1,0,0,차대사람 - 차도통행중,안전운전불이행,습기,비,단일로 - 기타,승용,남,33세,상해없음,보행자,남,59세,중상
2015101000100572,2015년 10월 10일 19시,토요일,충청남도 아산시 온천동,중상사고,0,2,1,0,차대사람 - 횡단중,보행자보호의무위반,습기,비,단일로 - 횡단보도상,화물,남,47세,상해없음,보행자,여,58세,중상
2015101000100573,2015년 10월 10일 19시,토요일,충청남도 예산군 대술면,중상사고,0,1,0,0,차량단독 - 전도전복,안전운전불이행,습기,비,교차로 - 교차로부근,승용,남,54세,중상,,,,
2015101000100611,2015년 10월 10일 20시,토요일,충청남도 천안시 서북구 입장면,경상사고,0,0,1,0,차대차 - 측면직각충돌,기타,습기,비,단일로 - 기타,화물,남,42세,상해없음,원동기,남,77세,경상
2015101000100612,2015년 10월 10일 20시,토요일,충청남도 홍성군 홍북면,중상사고,0,3,0,0,차량단독 - 공작물충돌,안전운전불이행,습기,비,단일로 - 기타,승용,남,56세,상해없음,,,,
2015101000100613,2015년 10월 10일 20시,토요일,충청남도 아산시 영인면,중상사고,0,2,0,0,차대차 - 추돌 - 진행중,안전운전불이행,습기,비,단일로 - 기타,승용,여,27세,중상,승용,남,42세,상해없음
2015101000100614,2015년 10월 10일 20시,토요일,충청남도 천안시 동남구 신부동,중상사고,0,1,0,1,차대차 - 추돌 - 주정차중,안전운전불이행,습기,비,교차로 - 교차로부근,화물,남,57세,부상신고,승용,남,47세,중상
2015101000100650,2015년 10월 10일 21시,토요일,충청남도 천안시 서북구 성정동,경상사고,0,0,1,0,차대차 - 기타,안전운전불이행,습기,비,단일로 - 기타,승용,남,59세,상해없음,원동기,남,57세,경상
2015101000100732,2015년 10월 10일 23시,토요일,충청남도 천안시 서북구 두정동,경상사고,0,0,2,0,차대차 - 측면직각충돌,신호위반,습기,비,교차로 - 교차로안,승용,남,44세,경상,승용,남,20세,경상
2015101100100014,2015년 10월 11일 00시,일요일,충청남도 당진시 대덕리,경상사고,0,0,1,0,차대차 - 측면직각충돌,안전운전불이행,습기,비,교차로 - 교차로안,승용,남,24세,상해없음,승용,남,27세,경상
2015101100100038,2015년 10월 11일 01시,일요일,충청남도 천안시 서북구 두정동,경상사고,0,0,1,0,차대사람 - 기타,안전운전불이행,습기,비,교차로 - 교차로부근,승용,남,21세,상해없음,보행자,남,33세,경상
2015101100100053,2015년 10월 11일 02시,일요일,충청남도 천안시 서북구 성정동,경상사고,0,0,1,0,차대차 - 기타,신호위반,습기,비,교차로 - 교차로안,승용,남,67세,상해없음,승용,남,34세,경상
2015101100100086,2015년 10월 11일 05시,일요일,충청남도 천안시 동남구 봉명동,중상사고,0,2,0,0,차대차 - 추돌 - 진행중,안전운전불이행,건조,맑음,단일로 - 기타,승용,남,28세,상해없음,이륜,남,30세,중상
2015101100100095,2015년 10월 11일 06시,일요일,충청남도 당진시 수청리,경상사고,0,0,1,0,차대차 - 정면충돌,중앙선침범,습기,비,교차로 - 교차로부근,화물,남,61세,상해없음,승용,남,27세,경상