사고번호,사고일시,요일,시군구,사고내용,사망자수,중상자수,경상자수,부상신고자수,사고유형,법규위반,노면상태,기상상태,도로형태,가해운전자 차종,가해운전자 성별,가해운전자 연령,가해운전자 상해정도,피해운전자 차종,피해운전자 성별,피해운전자 연령,피해운전자 상해정도
2015101500100427,2015년 10월 15일 17시,목요일,충청남도 논산시 취암동,경상사고,0,0,1,0,차대사람 - 횡단중,안전운전불이행,건조,맑음,단일로 - 횡단보도상,화물,남,55세,상해없음,보행자,여,18세,경상
2015101500100473,2015년 10월 15일 18시,목요일,충청남도 아산시 둔포면,중상사고,0,1,0,0,차대사람 - 횡단중,안전운전불이행,건조,맑음,단일로 - 기타,승용,여,50세,상해없음,보행자,남,35세,중상
2015101500100474,2015년 10월 15일 18시,목요일,충청남도 당진시 순성면,경상사고,0,0,1,0,차대차 - 추돌 - 진행중,안전운전불이행,건조,기타,단일로 - 기타,화물,남,53세,상해없음,농기계,남,52세,경상
2015101500100475,2015년 10월 15일 18시,목요일,충청남도 금산군 추부면,경상사고,0,0,4,0,차대차 - 정면충돌,직진우회전진행방해,건조,맑음,교차로 - 교차로안,승용,여,35세,경상,승용,남,65세,경상
2015101500100539,2015년 10월 15일 19시,목요일,충청남도 부여군 홍산면,중상사고,0,1,2,0,차대차 - 추돌 - 주정차중,안전운전불이행,건조,맑음,단일로 - 기타,승용,남,55세,중상,승용,여,59세,경상
2015101500100573,2015년 10월 15일 20시,목요일,충청남도 공주시 우성면,경상사고,0,0,2,0,차대차 - 추돌 - 진행중,안전운전불이행,건조,맑음,단일로 - 기타,승용,남,32세,상해없음,승용,남,34세,경상
2015101500100600,2015년 10월 15일 21시,목요일,충청남도 서산시 부석면,중상사고,0,1,0,0,차대사람 - 횡단중,안전운전불이행,건조,맑음,단일로 - 기타,화물,여,29세,상해없음,보행자,여,66세,중상
2015101500100601,2015년 10월 15일 21시,목요일,충청남도 논산시 연무읍,중상사고,0,1,0,0,차대사람 - 횡단중,안전운전불이행,건조,맑음,단일로 - 기타,승용,남,33세,상해없음,보행자,남,47세,중상
2015101600100052,2015년 10월 16일 04시,금요일,충청남도 논산시 부적면,중상사고,0,2,0,0,차대차 - 측면직각충돌,신호위반,건조,맑음,교차로 - 교차로안,건설기계,남,60세,상해없음,승용,남,27세,중상
2015101600100077,2015년 10월 16일 06시,금요일,충청남도 금산군 복수면,경상사고,0,0,1,0,차대차 - 정면충돌,중앙선침범,습기,안개,단일로 - 기타,이륜,남,38세,경상,승용,남,62세,상해없음
2015101600100099,2015년 10월 16일 07시,금요일,충청남도 홍성군 홍성읍,중상사고,0,1,0,0,차량단독 - 전도전복,안전운전불이행,건조,맑음,단일로 - 기타,승용,남,47세,중상,,,,
2015101600100100,2015년 10월 16일 07시,금요일,충청남도 천안시 동남구 원성동,경상사고,0,0,1,0,차대차 - 추돌 - 진행중,안전운전불이행,건조,맑음,단일로 - 기타,승용,남,29세,상해없음,승용,남,50세,경상
2015101600100223,2015년 10월 16일 10시,금요일,충청남도 금산군 금산읍,중상사고,0,1,1,0,차대차 - 측면직각충돌,직진우회전진행방해,건조,맑음,교차로 - 교차로안,화물,남,59세,상해없음,승용,남,67세,경상
2015101600100279,2015년 10월 16일 12시,금요일,충청남도 보령시 동대동,경상사고,0,0,2,0,차대차 - 측면직각충돌,교차로운행방법위반,건조,맑음,교차로 - 교차로안,화물,남,57세,경상,승용,여,34세,경상
2015101600100307,2015년 10월 16일 13시,금요일,충청남도 부여군 부여읍,경상사고,0,0,2,0,차대차 - 기타,신호위반,건조,맑음,교차로 - 교차로안,승용,여,55세,상해없음,이륜,남,65세,경상
2015101600100473,2015년 10월 16일 17시,금요일,충청남도 천안시 동남구 영성동,중상사고,0,1,0,0,차대차 - 추돌 - 진행중,안전운전불이행,건조,맑음,교차로 - 교차로안,승용,남,44세,상해없음,이륜,남,74세,중상
2015101600100519,2015년 10월 16일 18시,금요일,충청남도 태안군 남면,중상사고,0,1,0,0,차대사람 - 횡단중,안전운전불이행,건조,맑음,단일로 - 기타,승용,남,35세,상해없음,보행자,여,58세,중상
2015101600100577,2015년 10월 16일 19시,금요일,충청남도 청양군 청양읍,경상사고,0,0,1,0,차대사람 - 횡단중,안전운전불이행,건조,맑음,단일로 - 기타,승용,여,52세,상해없음,보행자,남,9세,경상
2015101600100694,2015년 10월 16일 22시,금요일,충청남도 서산시 동문동,경상사고,0,0,1,0,차대차 - 측면직각충돌,안전운전불이행,건조,맑음,단일로 - 기타,승용,여,24세,상해없음,승용,남,37세,경상
2015101600100695,2015년 10월 16일 22시,금요일,충청남도 천안시 서북구 성거읍,경상사고,0,0,1,0,차대차 - 측면직각충돌,안전운전불이행,건조,맑음,단일로 - 기타,승용,남,60세,상해없음,승용,남,47세,상해없음
2015101600100736,2015년 10월 16일 23시,금요일,충청남도 천안시 서북구 두정동,사망사고,1,0,0,0,차대차 - 추돌 - 주정차중,안전운전불이행,건조,맑음,단일로 - 기타,승용,남,43세,사망,승합,남,44세,상해없음
2015101600100737,2015년 10월 16일 23시,금요일,충청남도 천안시 서북구 쌍용동,경상사고,0,0,1,0,차대사람 - 횡단중,신호위반,건조,맑음,단일로 - 기타,승용,남,49세,상해없음,보행자,여,25세,경상
2015101700100017,2015년 10월 17일 00시,토요일,충청남도 당진시 읍내리,경상사고,0,0,1,0,차대차 - 측면직각충돌,안전운전불이행,건조,맑음,교차로 - 교차로안,자전거,남,24세,상해없음,이륜,남,18세,경상
2015101700100095,2015년 10월 17일 05시,토요일,충청남도 천안시 서북구 두정동,경상사고,0,0,2,0,차대차 - 측면직각충돌,신호위반,건조,맑음,교차로 - 교차로안,승용,여,43세,상해없음,승용,여,33세,상해없음
2015101700100132,2015년 10월 17일 07시,토요일,충청남도 천안시 서북구 성환읍,경상사고,0,0,1,0,차대차 - 추돌 - 진행중,안전운전불이행,건조,맑음,교차로 - 교차로부근,승용,남,25세,상해없음,승용,남,60세,경상
2015101700100133,2015년 10월 17일 07시,토요일,충청남도 서천군 서천읍,사망사고,1,0,0,0,차대사람 - 길가장자리구역통행중,안전운전불이행,습기,안개,단일로 - 기타,화물,남,56세,상해없음,보행자,남,79세,사망
2015101700100325,2015년 10월 17일 13시,토요일,충청남도 천안시 서북구 쌍용동,경상사고,0,0,1,0,차대사람 - 보도통행중,보행자보호의무위반,건조,맑음,단일로 - 기타,기타불명,기타불명,기타불명,기타불명,보행자,여,45세,경상
2015101700100326,2015년 10월 17일 13시,토요일,충청남도 당진시 원당리,경상사고,0,0,4,0,차대차 - 측면직각충돌,교차로운행방법위반,건조,맑음,교차로 - 교차로안,승용,여,28세,경상,승용,남,62세,경상
2015101700100327,2015년 10월 17일 13시,토요일,충청남도 당진시 정미면,중상사고,0,1,0,0,차대차 - 측면직각충돌,중앙선침범,건조,맑음,단일로 - 기타,화물,남,58세,기타불명,이륜,남,74세,중상
2015101700100328,2015년 10월 17일 13시,토요일,충청남도 청양군 청양읍,중상사고,0,1,0,0,차대차 - 측면직각충돌,안전운전불이행,건조,맑음,교차로 - 교차로안,승용,여,37세,상해없음,원동기,남,82세,중상
2015101700100411,2015년 10월 17일 15시,토요일,충청남도 예산군 덕산면,중상사고,0,1,2,0,차대차 - 측면직각충돌,직진우회전진행방해,건조,맑음,교차로 - 교차로안,승용,여,61세,기타불명,승용,남,64세,중상
2015101700100412,2015년 10월 17일 15시,토요일,충청남도 예산군 예산읍,경상사고,0,0,1,0,차대차 - 기타,안전운전불이행,건조,맑음,교차로 - 교차로안,자전거,남,12세,경상,승용,남,42세,상해없음
2015101700100462,2015년 10월 17일 16시,토요일,충청남도 홍성군 광천읍,중상사고,0,1,0,0,차량단독 - 도로외이탈 - 추락,안전운전불이행,건조,맑음,단일로 - 기타,원동기,남,65세,중상,,,,
2015101700100463,2015년 10월 17일 16시,토요일,충청남도 부여군 규암면,경상사고,0,0,2,0,차대차 - 측면직각충돌,신호위반,건조,맑음,교차로 - 교차로안,승용,남,55세,경상,승용,남,35세,경상
2015101700100494,2015년 10월 17일 17시,토요일,충청남도 천안시 서북구 신당동,경상사고,0,0,1,0,차대차 - 기타,안전운전불이행,건조,맑음,교차로 - 교차로안,승용,남,34세,상해없음,자전거,남,21세,경상
2015101700100495,2015년 10월 17일 17시,토요일,충청남도 금산군 진산면,경상사고,0,0,1,0,차대차 - 측면직각충돌,중앙선침범,건조,맑음,단일로 - 기타,승용,남,60세,상해없음,승용,남,34세,경상
2015101700100496,2015년 10월 17일 17시,토요일,충청남도 천안시 동남구 풍세면,경상사고,0,0,1,1,차대차 - 측면직각충돌,불법유턴,건조,맑음,단일로 - 기타,화물,남,52세,부상신고,승용,남,25세,경상
2015101700100541,2015년 10월 17일 18시,토요일,충청남도 서산시 석림동,경상사고,0,0,1,0,차대차 - 추돌 - 주정차중,안전운전불이행,건조,맑음,교차로 - 교차로부근,승용,남,41세,상해없음,승용,남,38세,경상
2015101700100542,2015년 10월 17일 18시,토요일,충청남도 천안시 서북구 성정동,경상사고,0,0,1,0,차대차 - 기타,신호위반,건조,맑음,교차로 - 교차로안,승용,남,57세,상해없음,원동기,남,36세,경상
2015101700100543,2015년 10월 17일 18시,토요일,충청남도 서천군 서면,경상사고,0,0,1,0,차량단독 - 공작물충돌,안전운전불이행,건조,맑음,단일로 - 기타,화물,남,30세,경상,,,,
2015101700100544,2015년 10월 17일 18시,토요일,충청남도 공주시 반포면,중상사고,0,1,0,0,차대차 - 기타,안전운전불이행,건조,맑음,단일로 - 기타,화물,남,51세,상해없음,화물,남,46세,중상
2015101700100594,2015년 10월 17일 19시,토요일,충청남도 부여군 부여읍,사망사고,1,1,1,0,차량단독 - 전도전복,안전거리미확보,건조,맑음,단일로 - 기타,승용,남,38세,사망,,,,
2015101700100647,2015년 10월 17일 20시,토요일,충청남도 천안시 서북구 성정동,경상사고,0,0,1,0,차대차 - 측면직각충돌,교차로운행방법위반,건조,맑음,교차로 - 교차로안,승용,남,48세,상해없음,원동기,남,18세,경상
2015101700100688,2015년 10월 17일 21시,토요일,충청남도 서천군 서천읍,경상사고,0,0,1,0,차대차 - 정면충돌,중앙선침범,건조,맑음,단일로 - 기타,화물,여,56세,상해없음,승용,남,69세,경상
2015101700100689,2015년 10월 17일 21시,토요일,충청남도 보령시 대천동,경상사고,0,0,1,0,차대사람 - 기타,안전운전불이행,건조,맑음,교차로 - 교차로안,승용,남,68세,상해없음,보행자,남,49세,경상
2015101700100740,2015년 10월 17일 23시,토요일,충청남도 서산시 석남동,중상사고,0,1,0,0,차대차 - 정면충돌,중앙선침범,건조,맑음,단일로 - 기타,이륜,남,59세,중상,승용,여,45세,상해없음
2015101700100741,2015년 10월 17일 23시,토요일,충청남도 천안시 서북구 성정동,경상사고,0,0,1,0,차대사람 - 차도통행중,안전운전불이행,건조,맑음,교차로 - 교차로부근,승용,남,35세,상해없음,보행자,남,57세,경상
2015101700100742,2015년 10월 17일 23시,토요일,충청남도 천안시 동남구 청수동,경상사고,0,0,2,0,차대차 - 측면직각충돌,안전운전불이행,건조,맑음,교차로 - 교차로안,승용,남,45세,상해없음,승용,남,34세,경상
2015101800100039,2015년 10월 18일 01시,일요일,충청남도 천안시 동남구 목천읍,중상사고,0,1,1,0,차대차 - 측면직각충돌,과속,건조,맑음,교차로 - 교차로안,승용,남,20세,중상,승용,남,39세,경상
2015101800100040,2015년 10월 18일 01시,일요일,충청남도 천안시 동남구 신부동,경상사고,0,0,2,0,차대차 - 측면직각충돌,안전운전불이행,건조,맑음,단일로 - 기타,승용,남,23세,상해없음,승용,남,28세,경상
2015101800100041,2015년 10월 18일 01시,일요일,충청남도 공주시 우성면,경상사고,0,0,1,1,차대차 - 추돌 - 진행중,안전운전불이행,건조,맑음,단일로 - 기타,승용,남,26세,부상신고,화물,남,34세,경상
2015101800100060,2015년 10월 18일 02시,일요일,충청남도 보령시 신흑동,부상신고사고,0,0,0,1,차량단독 - 공작물충돌,안전운전불이행,건조,맑음,단일로 - 기타,승용,남,20세,부상신고,,,,
2015101800100061,2015년 10월 18일 02시,일요일,충청남도 공주시 신관동,중상사고,0,1,0,0,차대차 - 정면충돌,안전운전불이행,건조,맑음,교차로 - 교차로부근,승용,남,38세,상해없음,화물,남,47세,중상
2015101800100093,2015년 10월 18일 05시,일요일,충청남도 아산시 배방읍,중상사고,0,1,0,0,차대사람 - 횡단중,안전운전불이행,건조,맑음,단일로 - 횡단보도상,승용,남,41세,상해없음,보행자,여,19세,중상
2015101800100094,2015년 10월 18일 05시,일요일,충청남도 서천군 서면,경상사고,0,0,4,0,차대차 - 기타,중앙선침범,건조,맑음,단일로 - 기타,농기계,남,60세,상해없음,화물,남,21세,상해없음
2015101800100148,2015년 10월 18일 09시,일요일,충청남도 서천군 서천읍,중상사고,0,1,0,0,차대사람 - 기타,안전운전불이행,건조,맑음,단일로 - 기타,승용,남,70세,상해없음,보행자,여,74세,중상
2015101800100179,2015년 10월 18일 10시,일요일,충청남도 홍성군 홍성읍,경상사고,0,0,1,0,차대사람 - 기타,안전운전불이행,건조,맑음,단일로 - 기타,화물,남,53세,상해없음,보행자,남,61세,경상
2015101800100180,2015년 10월 18일 10시,일요일,충청남도 공주시 산성동,중상사고,0,1,0,0,차대사람 - 기타,안전운전불이행,건조,맑음,기타 - 기타,승용,남,57세,상해없음,보행자,남,7세,중상
2015101800100205,2015년 10월 18일 11시,일요일,충청남도 논산시 내동,경상사고,0,0,2,0,차대차 - 측면직각충돌,직진우회전진행방해,건조,맑음,교차로 - 교차로안,화물,남,55세,상해없음,승용,여,37세,경상
2015101800100206,2015년 10월 18일 11시,일요일,충청남도 보령시 궁촌동,경상사고,0,0,3,0,차대차 - 측면직각충돌,신호위반,건조,맑음,교차로 - 교차로안,승용,남,71세,상해없음,승용,남,55세,경상
2015101800100207,2015년 10월 18일 11시,일요일,충청남도 공주시 우성면,경상사고,0,0,7,0,차대차 - 추돌 - 진행중,안전거리미확보,건조,맑음,교차로 - 교차로부근,승합,남,44세,경상,화물,남,52세,경상
2015101800100233,2015년 10월 18일 12시,일요일,충청남도 부여군 초촌면,경상사고,0,0,1,0,차량단독 - 전도전복,안전운전불이행,건조,맑음,단일로 - 기타,승용,남,68세,경상,,,,
2015101800100303,2015년 10월 18일 14시,일요일,충청남도 당진시 송악읍,경상사고,0,0,1,0,차대차 - 추돌 - 주정차중,안전운전불이행,건조,맑음,단일로 - 기타,화물,남,66세,경상,특수,남,49세,기타불명
2015101800100335,2015년 10월 18일 15시,일요일,충청남도 아산시 음봉면,중상사고,0,1,0,0,차대차 - 측면직각충돌,교차로운행방법위반,건조,맑음,교차로 - 교차로안,원동기,남,69세,중상,승용,남,29세,상해없음
2015101800100336,2015년 10월 18일 15시,일요일,충청남도 아산시 장존동,중상사고,0,1,0,0,차대사람 - 횡단중,안전운전불이행,건조,맑음,단일로 - 기타,승용,남,66세,상해없음,보행자,여,59세,중상
2015101800100337,2015년 10월 18일 15시,일요일,충청남도 예산군 예산읍,중상사고,0,1,3,0,차대차 - 추돌 - 주정차중,안전운전불이행,건조,맑음,교차로 - 교차로부근,승용,남,48세,상해없음,화물,남,53세,중상
2015101800100363,2015년 10월 18일 16시,일요일,충청남도 금산군 진산면,중상사고,0,3,0,0,차대차 - 측면직각충돌,교차로운행방법위반,건조,맑음,교차로 - 교차로안,화물,남,61세,상해없음,승용,남,62세,중상
2015101800100438,2015년 10월 18일 18시,일요일,충청남도 천안시 서북구 직산읍,경상사고,0,0,3,0,차대차 - 추돌 - 주정차중,안전운전불이행,건조,맑음,교차로 - 교차로부근,승용,남,54세,상해없음,승용,여,39세,경상
2015101800100439,2015년 10월 18일 18시,일요일,충청남도 부여군 부여읍,중상사고,0,1,1,0,차대차 - 측면직각충돌,신호위반,건조,맑음,교차로 - 교차로안,화물,남,64세,상해없음,승용,남,59세,경상
2015101800100483,2015년 10월 18일 19시,일요일,충청남도 논산시 덕지동,사망사고,1,0,0,0,차대사람 - 횡단중,안전운전불이행,건조,맑음,단일로 - 기타,승용,여,51세,상해없음,보행자,남,74세,사망
2015101800100484,2015년 10월 18일 19시,일요일,충청남도 홍성군 구항면,중상사고,0,1,6,0,차대차 - 추돌 - 진행중,안전운전불이행,건조,맑음,단일로 - 기타,승용,여,43세,경상,화물,여,54세,중상
2015101800100538,2015년 10월 18일 21시,일요일,충청남도 부여군 부여읍,중상사고,0,1,0,0,차대차 - 추돌 - 진행중,안전운전불이행,건조,맑음,단일로 - 교량,승용,남,48세,상해없음,승용,남,45세,중상
2015101800100561,2015년 10월 18일 22시,일요일,충청남도 천안시 동남구 신방동,중상사고,0,1,1,0,차대차 - 정면충돌,중앙선침범,건조,맑음,단일로 - 기타,승용,남,62세,상해없음,승용,남,35세,중상
2015101800100583,2015년 10월 18일 23시,일요일,충청남도 계룡시 금암동,경상사고,0,0,1,0,차대차 - 기타,중앙선침범,건조,맑음,단일로 - 기타,승용,남,23세,상해없음,승용,여,46세,경상
2015101900100054,2015년 10월 19일 05시,월요일,충청남도 아산시 배방읍,중상사고,0,1,1,0,차대차 - 추돌 - 진행중,안전운전불이행,건조,맑음,교차로 - 교차로부근,승용,남,41세,경상,승용,남,31세,중상
2015101900100099,2015년 10월 19일 07시,월요일,충청남도 태안군 남면,중상사고,0,1,0,0,차대차 - 측면직각충돌,신호위반,습기,안개,교차로 - 교차로안,승용,남,57세,상해없음,화물,여,60세,중상
2015101900100140,2015년 10월 19일 08시,월요일,충청남도 서산시 동문동,중상사고,0,1,0,0,차대차 - 측면직각충돌,교차로운행방법위반,건조,맑음,교차로 - 교차로안,승용,여,36세,상해없음,자전거,남,16세,중상
2015101900100142,2015년 10월 19일 08시,월요일,충청남도 부여군 규암면,중상사고,0,1,0,0,차대차 - 측면직각충돌,교차로운행방법위반,기타,안개,교차로 - 교차로안,화물,남,70세,상해없음,이륜,여,64세,중상
2015101900100177,2015년 10월 19일 09시,월요일,충청남도 서산시 인지면,중상사고,0,1,0,0,차량단독 - 공작물충돌,안전운전불이행,습기,안개,교차로 - 교차로안,승용,남,80세,중상,,,,
2015101900100212,2015년 10월 19일 10시,월요일,충청남도 보령시 웅천읍,중상사고,0,2,1,0,차대차 - 측면직각충돌,직진우회전진행방해,건조,맑음,교차로 - 교차로안,승용,남,66세,중상,건설기계,남,54세,경상
2015101900100269,2015년 10월 19일 12시,월요일,충청남도 천안시 동남구 다가동,경상사고,0,0,1,0,차대사람 - 기타,교차로운행방법위반,건조,맑음,교차로 - 교차로안,승용,남,52세,상해없음,보행자,여,55세,경상
2015101900100296,2015년 10월 19일 13시,월요일,충청남도 당진시 우강면,경상사고,0,0,2,0,차대차 - 추돌 - 진행중,안전운전불이행,건조,맑음,단일로 - 기타,승용,남,58세,상해없음,승용,남,50세,경상
2015101900100330,2015년 10월 19일 14시,월요일,충청남도 당진시 송악읍,경상사고,0,0,1,0,차대차 - 추돌 - 진행중,안전운전불이행,건조,맑음,교차로 - 교차로부근,건설기계,남,53세,상해없음,승용,남,60세,경상
2015101900100331,2015년 10월 19일 14시,월요일,충청남도 당진시 송악읍,경상사고,0,0,1,0,차대차 - 측면직각충돌,안전거리미확보,건조,맑음,단일로 - 기타,특수,남,56세,상해없음,특수,남,52세,상해없음
2015101900100377,2015년 10월 19일 15시,월요일,충청남도 천안시 서북구 쌍용동,중상사고,0,1,0,0,차대사람 - 횡단중,보행자보호의무위반,건조,맑음,교차로 - 교차로부근,승용,여,58세,상해없음,보행자,여,31세,중상
2015101900100378,2015년 10월 19일 15시,월요일,충청남도 천안시 서북구 쌍용동,경상사고,0,0,3,0,차대차 - 추돌 - 주정차중,안전운전불이행,건조,맑음,단일로 - 기타,승용,남,55세,상해없음,승용,여,31세,경상
2015101900100379,2015년 10월 19일 15시,월요일,충청남도 아산시 권곡동,중상사고,0,1,1,0,차대차 - 측면직각충돌,신호위반,건조,맑음,교차로 - 교차로안,승용,남,48세,상해없음,화물,남,54세,중상
2015101900100380,2015년 10월 19일 15시,월요일,충청남도 아산시 득산동,중상사고,0,1,0,0,차대차 - 추돌 - 진행중,안전운전불이행,건조,맑음,단일로 - 기타,승용,여,36세,상해없음,원동기,남,79세,중상
2015101900100382,2015년 10월 19일 15시,월요일,충청남도 예산군 대흥면,경상사고,0,0,1,0,차대차 - 추돌 - 주정차중,안전거리미확보,건조,흐림,단일로 - 기타,승용,여,58세,상해없음,승용,여,54세,경상
2015101900100420,2015년 10월 19일 16시,월요일,충청남도 천안시 서북구 쌍용동,중상사고,0,1,0,0,차대차 - 측면직각충돌,신호위반,건조,맑음,단일로 - 기타,승용,남,63세,상해없음,원동기,남,76세,중상
2015101900100421,2015년 10월 19일 16시,월요일,충청남도 홍성군 구항면,중상사고,0,1,0,0,차대차 - 측면직각충돌,안전운전불이행,건조,맑음,단일로 - 기타,화물,남,59세,상해없음,승합,남,58세,상해없음
2015101900100422,2015년 10월 19일 16시,월요일,충청남도 홍성군 구항면,중상사고,0,1,7,0,차대차 - 추돌 - 진행중,안전거리미확보,건조,맑음,단일로 - 기타,건설기계,남,46세,상해없음,화물,남,57세,경상
2015101900100423,2015년 10월 19일 16시,월요일,충청남도 홍성군 은하면,중상사고,0,1,0,0,차량단독 - 공작물충돌,안전운전불이행,건조,맑음,단일로 - 기타,승용,남,41세,상해없음,,,,
2015101900100424,2015년 10월 19일 16시,월요일,충청남도 아산시 온천동,중상사고,0,1,0,0,차대사람 - 횡단중,보행자보호의무위반,건조,맑음,단일로 - 횡단보도상,승용,남,61세,상해없음,보행자,여,79세,중상
2015101900100466,2015년 10월 19일 17시,월요일,충청남도 논산시 가야곡면,경상사고,0,0,1,0,차대차 - 측면직각충돌,중앙선침범,건조,맑음,단일로 - 기타,화물,여,45세,상해없음,화물,남,48세,경상
2015101900100467,2015년 10월 19일 17시,월요일,충청남도 아산시 온천동,중상사고,0,1,0,0,차대차 - 측면직각충돌,직진우회전진행방해,건조,맑음,교차로 - 교차로안,승용,여,48세,상해없음,원동기,여,59세,중상
2015101900100468,2015년 10월 19일 17시,월요일,충청남도 당진시 읍내리,경상사고,0,0,2,0,차대차 - 추돌 - 진행중,안전운전불이행,건조,맑음,단일로 - 기타,승용,남,46세,상해없음,승용,남,29세,경상
2015101900100523,2015년 10월 19일 18시,월요일,충청남도 천안시 서북구 두정동,경상사고,0,0,1,0,차대차 - 측면직각충돌,안전운전불이행,건조,맑음,교차로 - 교차로안,승용,여,40세,상해없음,원동기,남,20세,경상
2015101900100524,2015년 10월 19일 18시,월요일,충청남도 논산시 연무읍,사망사고,1,0,0,0,차대사람 - 횡단중,안전운전불이행,건조,맑음,단일로 - 기타,승용,남,55세,상해없음,보행자,여,77세,사망
2015101900100525,2015년 10월 19일 18시,월요일,충청남도 아산시 탕정면,경상사고,0,0,1,0,차대차 - 정면충돌,중앙선침범,건조,맑음,단일로 - 기타,승용,남,47세,상해없음,승용,남,34세,경상
2015101900100527,2015년 10월 19일 18시,월요일,충청남도 당진시 신평면,경상사고,0,0,2,0,차대차 - 측면직각충돌,교차로운행방법위반,건조,맑음,교차로 - 교차로안,승용,여,45세,상해없음,원동기,남,18세,경상
2015101900100528,2015년 10월 19일 18시,월요일,충청남도 천안시 동남구 구성동,중상사고,0,1,0,0,차대사람 - 기타,안전운전불이행,건조,맑음,단일로 - 기타,승용,남,40세,상해없음,보행자,여,73세,중상
2015101900100580,2015년 10월 19일 19시,월요일,충청남도 홍성군 홍성읍,경상사고,0,0,1,0,차대차 - 측면직각충돌,교차로운행방법위반,건조,맑음,교차로 - 교차로안,원동기,남,65세,경상,승용,남,34세,상해없음
2015101900100581,2015년 10월 19일 19시,월요일,충청남도 천안시 동남구 신부동,중상사고,0,1,0,0,차대차 - 측면직각충돌,안전운전불이행,건조,맑음,단일로 - 기타,승합,남,36세,상해없음,승용,남,62세,상해없음
2015101900100623,2015년 10월 19일 20시,월요일,충청남도 홍성군 결성면,중상사고,0,1,0,0,차대사람 - 차도통행중,안전운전불이행,건조,맑음,교차로 - 교차로부근,자전거,남,51세,상해없음,보행자,여,84세,중상
2015101900100645,2015년 10월 19일 21시,월요일,충청남도 천안시 서북구 불당동,중상사고,0,1,0,0,차대사람 - 횡단중,신호위반,건조,흐림,교차로 - 교차로안,승용,여,50세,상해없음,보행자,남,11세,중상
2015101900100686,2015년 10월 19일 23시,월요일,충청남도 천안시 동남구 청당동,중상사고,0,1,0,0,차대차 - 기타,안전운전불이행,건조,맑음,교차로 - 교차로안,승용,남,26세,상해없음,승용,여,41세,중상
2015102000100069,2015년 10월 20일 06시,화요일,충청남도 서산시 팔봉면,중상사고,0,1,0,0,차대차 - 추돌 - 주정차중,안전운전불이행,기타,안개,단일로 - 기타,화물,남,56세,기타불명,농기계,남,67세,중상
2015102000100070,2015년 10월 20일 06시,화요일,충청남도 논산시 연무읍,중상사고,0,1,0,0,차대차 - 측면직각충돌,불법유턴,습기,안개,교차로 - 교차로안,화물,남,51세,상해없음,승용,여,45세,중상
2015102000100089,2015년 10월 20일 07시,화요일,충청남도 천안시 서북구 부대동,경상사고,0,0,1,0,차대차 - 기타,안전운전불이행,건조,맑음,단일로 - 기타,승용,남,45세,상해없음,화물,남,42세,경상
2015102000100131,2015년 10월 20일 08시,화요일,충청남도 천안시 서북구 성환읍,사망사고,1,0,0,0,차대차 - 기타,안전거리미확보,건조,맑음,교차로 - 교차로부근,화물,남,33세,상해없음,이륜,남,24세,사망
2015102000100184,2015년 10월 20일 09시,화요일,충청남도 아산시 영인면,사망사고,1,0,0,0,차대차 - 기타,안전운전불이행,건조,맑음,교차로 - 교차로안,승용,남,25세,상해없음,원동기,남,75세,사망
2015102000100297,2015년 10월 20일 12시,화요일,충청남도 보령시 오천면,경상사고,0,0,1,0,차대사람 - 길가장자리구역통행중,안전운전불이행,건조,맑음,단일로 - 기타,화물,남,65세,상해없음,보행자,남,47세,경상
2015102000100298,2015년 10월 20일 12시,화요일,충청남도 예산군 예산읍,경상사고,0,0,1,0,차대차 - 추돌 - 진행중,안전거리미확보,건조,맑음,단일로 - 기타,원동기,남,76세,상해없음,승용,여,40세,경상
2015102000100367,2015년 10월 20일 14시,화요일,충청남도 서산시 잠홍동,경상사고,0,0,2,0,차대차 - 추돌 - 주정차중,안전운전불이행,건조,맑음,교차로 - 교차로부근,승용,남,77세,경상,승용,남,49세,경상
2015102000100368,2015년 10월 20일 14시,화요일,충청남도 부여군 부여읍,중상사고,0,1,0,0,차대사람 - 횡단중,보행자보호의무위반,건조,맑음,단일로 - 횡단보도상,승용,여,69세,상해없음,보행자,남,9세,중상
2015102000100395,2015년 10월 20일 15시,화요일,충청남도 아산시 배방읍,경상사고,0,0,1,0,차대사람 - 횡단중,안전운전불이행,건조,맑음,교차로 - 교차로안,화물,남,32세,상해없음,보행자,여,57세,경상
2015102000100438,2015년 10월 20일 16시,화요일,충청남도 천안시 서북구 두정동,경상사고,0,0,1,0,차대사람 - 차도통행중,안전운전불이행,건조,맑음,단일로 - 기타,승용,남,47세,상해없음,보행자,남,14세,경상
2015102000100439,2015년 10월 20일 16시,화요일,충청남도 당진시 읍내리,경상사고,0,0,1,0,차대차 - 기타,중앙선침범,건조,맑음,단일로 - 기타,승용,남,37세,상해없음,이륜,남,66세,경상
2015102000100440,2015년 10월 20일 16시,화요일,충청남도 천안시 동남구 신부동,중상사고,0,1,1,0,차대차 - 추돌 - 주정차중,안전운전불이행,건조,맑음,교차로 - 교차로안,승용,남,49세,상해없음,승용,여,30세,중상