사고번호,사고일시,요일,시군구,사고내용,사망자수,중상자수,경상자수,부상신고자수,사고유형,법규위반,노면상태,기상상태,도로형태,가해운전자 차종,가해운전자 성별,가해운전자 연령,가해운전자 상해정도,피해운전자 차종,피해운전자 성별,피해운전자 연령,피해운전자 상해정도
2015102400100422,2015년 10월 24일 15시,토요일,충청남도 당진시 우강면,중상사고,0,1,1,0,차대차 - 정면충돌,중앙선침범,건조,맑음,단일로 - 기타,화물,남,65세,상해없음,승합,남,27세,경상
2015102400100476,2015년 10월 24일 16시,토요일,충청남도 논산시 광석면,중상사고,0,1,2,0,차대차 - 측면직각충돌,직진우회전진행방해,건조,맑음,교차로 - 교차로안,화물,남,67세,상해없음,승용,여,49세,경상
2015102400100477,2015년 10월 24일 16시,토요일,충청남도 서천군 서면,중상사고,0,1,0,0,차대사람 - 길가장자리구역통행중,안전운전불이행,건조,맑음,단일로 - 기타,승용,남,44세,상해없음,보행자,남,60세,중상
2015102400100478,2015년 10월 24일 16시,토요일,충청남도 예산군 예산읍,경상사고,0,0,1,0,차대사람 - 횡단중,안전운전불이행,건조,맑음,단일로 - 터널,승용,남,51세,상해없음,보행자,남,90세 이상,경상
2015102400100479,2015년 10월 24일 16시,토요일,충청남도 천안시 동남구 구성동,경상사고,0,0,2,0,차대차 - 정면충돌,안전운전불이행,건조,맑음,단일로 - 기타,승용,남,32세,상해없음,승용,남,69세,경상
2015102400100482,2015년 10월 24일 16시,토요일,충청남도 당진시 신평면,중상사고,0,2,0,0,차대차 - 측면직각충돌,안전거리미확보,건조,맑음,단일로 - 기타,승용,남,66세,상해없음,승용,남,46세,중상
2015102400100530,2015년 10월 24일 17시,토요일,충청남도 서산시 해미면,경상사고,0,0,2,0,차대차 - 기타,안전운전불이행,건조,맑음,교차로 - 교차로안,특수,남,54세,상해없음,승용,남,65세,경상
2015102400100531,2015년 10월 24일 17시,토요일,충청남도 천안시 서북구 성정동,경상사고,0,0,2,0,차대차 - 추돌 - 주정차중,안전운전불이행,건조,맑음,단일로 - 기타,승용,남,26세,상해없음,승용,여,41세,경상
2015102400100532,2015년 10월 24일 17시,토요일,충청남도 아산시 배방읍,경상사고,0,0,1,0,차대차 - 추돌 - 진행중,안전운전불이행,건조,맑음,교차로 - 교차로안,승용,남,60세,상해없음,승용,남,29세,경상
2015102400100533,2015년 10월 24일 17시,토요일,충청남도 당진시 합덕읍,중상사고,0,1,1,0,차대차 - 추돌 - 주정차중,안전운전불이행,건조,맑음,단일로 - 기타,승용,남,49세,상해없음,승용,남,49세,경상
2015102400100534,2015년 10월 24일 17시,토요일,충청남도 공주시 탄천면,중상사고,0,1,0,0,차대사람 - 기타,안전운전불이행,건조,맑음,단일로 - 기타,승용,남,55세,상해없음,보행자,남,2세,중상
2015102400100582,2015년 10월 24일 18시,토요일,충청남도 서산시 부석면,경상사고,0,0,2,0,차대차 - 측면직각충돌,안전운전불이행,건조,맑음,교차로 - 교차로부근,승용,남,65세,상해없음,승용,남,60세,경상
2015102400100583,2015년 10월 24일 18시,토요일,충청남도 서산시 석림동,경상사고,0,0,1,0,차대차 - 추돌 - 진행중,안전운전불이행,건조,맑음,교차로 - 교차로부근,승용,남,53세,상해없음,승용,남,47세,경상
2015102400100585,2015년 10월 24일 18시,토요일,충청남도 당진시 읍내리,경상사고,0,0,1,0,차대차 - 기타,안전운전불이행,건조,맑음,교차로 - 교차로부근,기타불명,기타불명,기타불명,기타불명,자전거,남,9세,경상
2015102400100586,2015년 10월 24일 18시,토요일,충청남도 당진시 면천면,중상사고,0,1,0,0,차대사람 - 횡단중,안전운전불이행,건조,맑음,단일로 - 기타,승용,남,55세,상해없음,보행자,남,55세,중상
2015102400100587,2015년 10월 24일 18시,토요일,충청남도 당진시 합덕읍,경상사고,0,0,1,0,차대차 - 추돌 - 진행중,안전운전불이행,건조,맑음,단일로 - 기타,승용,남,32세,상해없음,농기계,남,33세,경상
2015102400100588,2015년 10월 24일 18시,토요일,충청남도 천안시 동남구 신부동,경상사고,0,0,3,0,차대차 - 추돌 - 진행중,안전거리미확보,건조,맑음,단일로 - 기타,승용,남,33세,경상,승용,여,57세,경상
2015102400100640,2015년 10월 24일 19시,토요일,충청남도 천안시 서북구 두정동,경상사고,0,0,1,0,차대차 - 기타,안전거리미확보,건조,맑음,단일로 - 기타,승용,남,55세,상해없음,원동기,남,47세,경상
2015102400100641,2015년 10월 24일 19시,토요일,충청남도 보령시 동대동,경상사고,0,0,1,0,차대차 - 측면직각충돌,직진우회전진행방해,건조,맑음,교차로 - 교차로안,승용,여,33세,상해없음,자전거,남,14세,경상
2015102400100642,2015년 10월 24일 19시,토요일,충청남도 금산군 금산읍,중상사고,0,1,0,0,차대사람 - 횡단중,보행자보호의무위반,건조,맑음,교차로 - 교차로안,화물,남,49세,상해없음,보행자,여,41세,중상
2015102400100676,2015년 10월 24일 20시,토요일,충청남도 서산시 석남동,경상사고,0,0,2,0,차대차 - 측면직각충돌,안전운전불이행,건조,맑음,단일로 - 기타,승용,남,40세,상해없음,원동기,남,40세,경상
2015102400100677,2015년 10월 24일 20시,토요일,충청남도 논산시 강경읍,중상사고,0,1,1,0,차대차 - 정면충돌,교차로운행방법위반,건조,맑음,교차로 - 교차로안,승용,남,48세,상해없음,승용,여,56세,중상
2015102400100678,2015년 10월 24일 20시,토요일,충청남도 논산시 채운면,사망사고,1,0,0,0,차대사람 - 횡단중,안전운전불이행,건조,맑음,단일로 - 기타,승용,남,30세,상해없음,보행자,남,76세,사망
2015102400100679,2015년 10월 24일 20시,토요일,충청남도 아산시 도고면,부상신고사고,0,0,0,1,차대차 - 추돌 - 주정차중,안전운전불이행,건조,맑음,교차로 - 교차로부근,승용,남,24세,기타불명,승용,남,55세,상해없음
2015102400100723,2015년 10월 24일 21시,토요일,충청남도 천안시 서북구 백석동,경상사고,0,0,1,0,차대차 - 추돌 - 주정차중,안전운전불이행,건조,맑음,교차로 - 교차로부근,승용,남,37세,상해없음,승용,여,44세,경상
2015102400100751,2015년 10월 24일 22시,토요일,충청남도 태안군 태안읍,경상사고,0,0,1,0,차대차 - 측면직각충돌,교차로운행방법위반,건조,맑음,교차로 - 교차로안,승용,남,39세,경상,승용,남,55세,상해없음
2015102400100781,2015년 10월 24일 23시,토요일,충청남도 청양군 청양읍,경상사고,0,0,3,0,차대차 - 측면직각충돌,직진우회전진행방해,건조,맑음,교차로 - 교차로안,화물,남,45세,경상,승용,여,32세,경상
2015102500100015,2015년 10월 25일 00시,일요일,충청남도 보령시 동대동,경상사고,0,0,1,0,차대차 - 측면직각충돌,중앙선침범,건조,맑음,단일로 - 기타,이륜,남,18세,상해없음,이륜,남,41세,경상
2015102500100068,2015년 10월 25일 03시,일요일,충청남도 천안시 서북구 성정동,경상사고,0,0,3,0,차대차 - 기타,안전운전불이행,건조,맑음,단일로 - 기타,승용,남,38세,상해없음,승용,남,28세,경상
2015102500100069,2015년 10월 25일 03시,일요일,충청남도 보령시 신흑동,중상사고,0,2,0,0,차대차 - 추돌 - 진행중,안전운전불이행,건조,맑음,단일로 - 기타,승용,남,26세,상해없음,승합,남,56세,중상
2015102500100089,2015년 10월 25일 05시,일요일,충청남도 천안시 서북구 백석동,경상사고,0,0,1,0,차대차 - 기타,안전운전불이행,건조,맑음,교차로 - 교차로부근,승용,남,33세,상해없음,승용,여,24세,경상
2015102500100090,2015년 10월 25일 05시,일요일,충청남도 천안시 서북구 성정동,중상사고,0,1,0,0,차대차 - 기타,교차로운행방법위반,건조,맑음,교차로 - 교차로부근,승합,남,50세,상해없음,승용,남,50세,중상
2015102500100142,2015년 10월 25일 08시,일요일,충청남도 홍성군 홍성읍,중상사고,0,1,0,0,차대사람 - 차도통행중,안전운전불이행,건조,맑음,교차로 - 교차로안,화물,남,50세,상해없음,보행자,남,24세,중상
2015102500100162,2015년 10월 25일 09시,일요일,충청남도 논산시 내동,경상사고,0,0,2,0,차대차 - 측면직각충돌,교차로운행방법위반,건조,맑음,교차로 - 교차로안,승용,남,34세,상해없음,승용,여,52세,경상
2015102500100163,2015년 10월 25일 09시,일요일,충청남도 예산군 예산읍,경상사고,0,0,1,0,차대차 - 추돌 - 주정차중,안전거리미확보,건조,맑음,교차로 - 교차로부근,화물,남,70세,상해없음,승용,여,39세,경상
2015102500100164,2015년 10월 25일 09시,일요일,충청남도 금산군 부리면,경상사고,0,0,2,0,차대차 - 측면직각충돌,안전운전불이행,건조,맑음,단일로 - 기타,승용,남,29세,상해없음,화물,남,35세,경상
2015102500100218,2015년 10월 25일 11시,일요일,충청남도 당진시 사기소리,경상사고,0,0,1,0,차대차 - 측면직각충돌,안전운전불이행,건조,맑음,단일로 - 기타,승용,남,74세,상해없음,원동기,남,77세,경상
2015102500100219,2015년 10월 25일 11시,일요일,충청남도 천안시 동남구 북면,중상사고,0,2,0,0,차대차 - 기타,안전운전불이행,건조,맑음,교차로 - 교차로안,승합,남,55세,상해없음,이륜,남,65세,중상
2015102500100240,2015년 10월 25일 12시,일요일,충청남도 천안시 서북구 성거읍,중상사고,0,1,0,0,차대차 - 추돌 - 진행중,안전운전불이행,건조,맑음,교차로 - 교차로부근,승용,남,22세,상해없음,승용,남,66세,중상
2015102500100241,2015년 10월 25일 12시,일요일,충청남도 천안시 동남구 목천읍,중상사고,0,1,0,0,차대사람 - 길가장자리구역통행중,안전운전불이행,건조,맑음,단일로 - 기타,승용,여,45세,상해없음,보행자,여,64세,중상
2015102500100267,2015년 10월 25일 13시,일요일,충청남도 당진시 읍내리,경상사고,0,0,1,0,차대사람 - 기타,안전운전불이행,건조,맑음,교차로 - 교차로안,승용,여,59세,상해없음,보행자,남,60세,경상
2015102500100327,2015년 10월 25일 15시,일요일,충청남도 천안시 서북구 입장면,부상신고사고,0,0,0,1,차량단독 - 전도전복,안전운전불이행,건조,맑음,단일로 - 기타,이륜,남,38세,부상신고,,,,
2015102500100328,2015년 10월 25일 15시,일요일,충청남도 아산시 음봉면,중상사고,0,1,3,0,차대차 - 정면충돌,중앙선침범,건조,맑음,단일로 - 기타,승용,남,28세,경상,승용,남,31세,중상
2015102500100329,2015년 10월 25일 15시,일요일,충청남도 보령시 미산면,사망사고,1,0,0,0,차량단독 - 전도전복,안전운전불이행,건조,맑음,단일로 - 기타,농기계,남,72세,사망,,,,
2015102500100330,2015년 10월 25일 15시,일요일,충청남도 당진시 신평면,경상사고,0,0,2,0,차대차 - 추돌 - 진행중,안전운전불이행,건조,맑음,단일로 - 기타,승용,남,41세,경상,농기계,남,29세,경상
2015102500100331,2015년 10월 25일 15시,일요일,충청남도 당진시 석문면,경상사고,0,0,1,0,차대차 - 추돌 - 진행중,안전운전불이행,건조,맑음,단일로 - 기타,승용,남,30세,상해없음,원동기,남,55세,경상
2015102500100376,2015년 10월 25일 16시,일요일,충청남도 태안군 태안읍,중상사고,0,1,0,0,차대사람 - 횡단중,안전운전불이행,건조,맑음,단일로 - 기타,승용,남,68세,상해없음,보행자,여,11세,중상
2015102500100377,2015년 10월 25일 16시,일요일,충청남도 서천군 서면,중상사고,0,1,0,0,차대사람 - 기타,안전운전불이행,건조,맑음,단일로 - 기타,승합,남,39세,상해없음,보행자,남,47세,중상
2015102500100424,2015년 10월 25일 17시,일요일,충청남도 서산시 지곡면,경상사고,0,0,1,0,차대차 - 측면직각충돌,교차로운행방법위반,건조,맑음,교차로 - 교차로안,화물,남,54세,상해없음,승용,남,41세,경상
2015102500100462,2015년 10월 25일 18시,일요일,충청남도 아산시 둔포면,중상사고,0,1,0,0,차량단독 - 도로외이탈 - 추락,안전운전불이행,건조,맑음,단일로 - 기타,원동기,남,47세,중상,,,,
2015102500100463,2015년 10월 25일 18시,일요일,충청남도 서천군 마서면,경상사고,0,0,4,0,차대차 - 추돌 - 진행중,안전운전불이행,건조,맑음,단일로 - 기타,화물,남,67세,상해없음,승용,남,42세,경상
2015102500100464,2015년 10월 25일 18시,일요일,충청남도 당진시 채운동,경상사고,0,0,1,0,차대사람 - 길가장자리구역통행중,안전운전불이행,습기,비,단일로 - 기타,승용,남,42세,상해없음,보행자,남,36세,경상
2015102500100465,2015년 10월 25일 18시,일요일,충청남도 당진시 석문면,경상사고,0,0,2,0,차대차 - 정면충돌,안전운전불이행,건조,맑음,단일로 - 횡단보도부근,승용,남,76세,경상,승용,남,25세,경상
2015102500100466,2015년 10월 25일 18시,일요일,충청남도 천안시 동남구 신방동,경상사고,0,0,1,0,차대차 - 추돌 - 진행중,안전운전불이행,건조,맑음,교차로 - 교차로안,승용,여,53세,상해없음,이륜,남,25세,경상
2015102500100519,2015년 10월 25일 19시,일요일,충청남도 예산군 신양면,사망사고,1,0,0,0,차대사람 - 차도통행중,안전운전불이행,건조,흐림,단일로 - 기타,승용,남,48세,상해없음,보행자,남,73세,사망
2015102500100553,2015년 10월 25일 20시,일요일,충청남도 천안시 서북구 성성동,경상사고,0,0,1,0,차대차 - 측면직각충돌,안전운전불이행,건조,맑음,교차로 - 교차로부근,승용,남,25세,상해없음,승용,남,45세,경상
2015102500100554,2015년 10월 25일 20시,일요일,충청남도 아산시 둔포면,중상사고,0,1,3,0,차대차 - 기타,안전운전불이행,건조,맑음,단일로 - 기타,승용,남,26세,상해없음,승용,여,21세,경상
2015102500100583,2015년 10월 25일 21시,일요일,충청남도 아산시 음봉면,중상사고,0,1,2,0,차대차 - 추돌 - 주정차중,안전운전불이행,건조,맑음,교차로 - 교차로부근,승용,남,53세,상해없음,승용,남,25세,경상
2015102500100584,2015년 10월 25일 21시,일요일,충청남도 부여군 부여읍,경상사고,0,0,2,0,차대차 - 추돌 - 주정차중,안전운전불이행,건조,맑음,단일로 - 기타,승용,남,42세,경상,화물,남,65세,경상
2015102500100604,2015년 10월 25일 22시,일요일,충청남도 당진시 읍내리,중상사고,0,1,1,0,차대사람 - 기타,안전운전불이행,건조,맑음,단일로 - 기타,승용,남,30세,상해없음,보행자,남,30세,중상
2015102600100056,2015년 10월 26일 06시,월요일,충청남도 아산시 배방읍,경상사고,0,0,1,0,차대차 - 측면직각충돌,안전운전불이행,건조,맑음,교차로 - 교차로부근,승합,남,40세,상해없음,승용,남,58세,경상
2015102600100077,2015년 10월 26일 07시,월요일,충청남도 공주시 신풍면,경상사고,0,0,2,0,차대차 - 측면직각충돌,신호위반,건조,맑음,교차로 - 교차로안,승용,남,42세,상해없음,승용,남,25세,경상
2015102600100078,2015년 10월 26일 07시,월요일,충청남도 당진시 석문면,경상사고,0,0,2,0,차대차 - 측면직각충돌,기타,건조,맑음,교차로 - 교차로안,승용,남,65세,상해없음,승용,남,42세,경상
2015102600100120,2015년 10월 26일 08시,월요일,충청남도 금산군 복수면,중상사고,0,1,0,0,차대차 - 정면충돌,중앙선침범,건조,맑음,단일로 - 기타,화물,남,56세,상해없음,승용,남,38세,중상
2015102600100121,2015년 10월 26일 08시,월요일,충청남도 천안시 동남구 신방동,경상사고,0,0,3,0,차대차 - 측면직각충돌,직진우회전진행방해,건조,맑음,교차로 - 교차로안,승용,남,52세,상해없음,승용,여,40세,경상
2015102600100177,2015년 10월 26일 09시,월요일,충청남도 홍성군 서부면,중상사고,0,1,0,0,차대차 - 정면충돌,신호위반,건조,맑음,교차로 - 교차로안,화물,남,63세,상해없음,승용,여,60세,중상
2015102600100178,2015년 10월 26일 09시,월요일,충청남도 천안시 동남구 신부동,경상사고,0,0,1,0,차대사람 - 보도통행중,중앙선침범,건조,맑음,단일로 - 기타,화물,남,47세,상해없음,보행자,남,20세,경상
2015102600100217,2015년 10월 26일 10시,월요일,충청남도 아산시 선장면,경상사고,0,0,2,0,차대차 - 측면직각충돌,안전운전불이행,건조,맑음,교차로 - 교차로부근,화물,남,41세,상해없음,승용,남,32세,경상
2015102600100218,2015년 10월 26일 10시,월요일,충청남도 당진시 합덕읍,경상사고,0,0,1,0,차대차 - 측면직각충돌,교차로운행방법위반,건조,맑음,교차로 - 교차로안,원동기,남,75세,경상,화물,남,56세,상해없음
2015102600100253,2015년 10월 26일 11시,월요일,충청남도 서산시 석남동,경상사고,0,0,1,0,차대차 - 기타,안전운전불이행,건조,맑음,교차로 - 교차로안,자전거,남,47세,경상,승용,남,54세,상해없음
2015102600100254,2015년 10월 26일 11시,월요일,충청남도 천안시 서북구 쌍용동,중상사고,0,1,0,0,차량단독 - 기타,직진우회전진행방해,건조,맑음,교차로 - 교차로부근,승합,남,47세,상해없음,,,,
2015102600100255,2015년 10월 26일 11시,월요일,충청남도 논산시 취암동,경상사고,0,0,1,0,차대차 - 측면직각충돌,안전운전불이행,건조,맑음,단일로 - 횡단보도상,승용,기타불명,기타불명,기타불명,자전거,남,83세,경상
2015102600100256,2015년 10월 26일 11시,월요일,충청남도 보령시 신흑동,중상사고,0,1,0,0,차량단독 - 전도전복,안전운전불이행,건조,맑음,단일로 - 기타,원동기,남,61세,중상,,,,
2015102600100286,2015년 10월 26일 12시,월요일,충청남도 보령시 웅천읍,경상사고,0,0,8,0,차대차 - 측면직각충돌,직진우회전진행방해,건조,맑음,교차로 - 교차로안,승용,여,47세,경상,승용,여,53세,경상
2015102600100287,2015년 10월 26일 12시,월요일,충청남도 금산군 남이면,중상사고,0,1,0,0,차대사람 - 보도통행중,기타,건조,맑음,단일로 - 기타,화물,남,71세,상해없음,보행자,여,75세,중상
2015102600100317,2015년 10월 26일 13시,월요일,충청남도 논산시 지산동,경상사고,0,0,1,0,차대차 - 측면직각충돌,안전거리미확보,건조,맑음,단일로 - 기타,이륜,남,70세,경상,승용,남,28세,상해없음
2015102600100318,2015년 10월 26일 13시,월요일,충청남도 공주시 산성동,중상사고,0,1,0,0,차대차 - 측면직각충돌,안전운전불이행,건조,맑음,단일로 - 기타,승용,여,35세,기타불명,자전거,남,58세,중상
2015102600100319,2015년 10월 26일 13시,월요일,충청남도 부여군 부여읍,중상사고,0,1,0,0,차대차 - 측면직각충돌,안전운전불이행,건조,맑음,교차로 - 교차로안,원동기,남,78세,중상,승용,남,76세,상해없음
2015102600100320,2015년 10월 26일 13시,월요일,충청남도 천안시 동남구 안서동,부상신고사고,0,0,0,1,차대차 - 추돌 - 진행중,안전운전불이행,건조,맑음,단일로 - 기타,원동기,남,31세,부상신고,승용,남,63세,상해없음
2015102600100349,2015년 10월 26일 14시,월요일,충청남도 계룡시 엄사면,경상사고,0,0,2,0,차대차 - 기타,안전운전불이행,건조,맑음,단일로 - 기타,승용,남,49세,상해없음,승용,남,43세,상해없음
2015102600100350,2015년 10월 26일 14시,월요일,충청남도 서천군 한산면,중상사고,0,1,2,0,차대차 - 추돌 - 주정차중,안전운전불이행,건조,맑음,교차로 - 교차로부근,화물,남,53세,상해없음,승용,남,46세,경상
2015102600100387,2015년 10월 26일 15시,월요일,충청남도 금산군 부리면,중상사고,0,1,0,0,차대사람 - 길가장자리구역통행중,안전운전불이행,건조,맑음,단일로 - 기타,화물,남,54세,상해없음,보행자,남,77세,중상
2015102600100426,2015년 10월 26일 16시,월요일,충청남도 예산군 오가면,중상사고,0,1,0,0,차대차 - 측면직각충돌,신호위반,건조,흐림,교차로 - 교차로안,승용,여,62세,상해없음,농기계,남,50세,중상
2015102600100482,2015년 10월 26일 17시,월요일,충청남도 논산시 연산면,중상사고,0,2,0,0,차대차 - 측면직각충돌,안전운전불이행,건조,맑음,교차로 - 교차로부근,승용,여,42세,상해없음,승용,여,62세,중상
2015102600100483,2015년 10월 26일 17시,월요일,충청남도 당진시 신평면,중상사고,0,1,0,0,차대사람 - 기타,안전운전불이행,습기,비,단일로 - 기타,승용,남,49세,상해없음,보행자,여,75세,중상
2015102600100562,2015년 10월 26일 18시,월요일,충청남도 서산시 해미면,사망사고,1,0,2,0,차대차 - 정면충돌,중앙선침범,건조,맑음,단일로 - 기타,이륜,남,78세,사망,승용,남,65세,경상
2015102600100563,2015년 10월 26일 18시,월요일,충청남도 논산시 연산면,경상사고,0,0,7,0,차대차 - 측면직각충돌,기타,건조,맑음,단일로 - 기타,승합,남,63세,상해없음,승합,남,56세,경상
2015102600100564,2015년 10월 26일 18시,월요일,충청남도 보령시 대천동,중상사고,0,5,0,0,차대차 - 기타,안전운전불이행,건조,맑음,교차로 - 교차로부근,승용,여,55세,상해없음,승용,여,48세,중상
2015102600100565,2015년 10월 26일 18시,월요일,충청남도 공주시 금성동,경상사고,0,0,2,0,차대차 - 추돌 - 주정차중,안전운전불이행,건조,맑음,단일로 - 기타,화물,남,73세,상해없음,승용,남,26세,경상
2015102600100566,2015년 10월 26일 18시,월요일,충청남도 예산군 신암면,중상사고,0,2,0,0,차대차 - 추돌 - 진행중,안전운전불이행,건조,맑음,단일로 - 기타,화물,남,60세,상해없음,농기계,여,62세,중상
2015102600100567,2015년 10월 26일 18시,월요일,충청남도 금산군 추부면,경상사고,0,0,1,0,차대차 - 측면직각충돌,신호위반,건조,맑음,교차로 - 교차로안,화물,남,67세,상해없음,승용,남,28세,경상
2015102600100568,2015년 10월 26일 18시,월요일,충청남도 금산군 금성면,중상사고,0,1,0,0,차대차 - 측면직각충돌,과속,건조,맑음,교차로 - 교차로안,화물,여,56세,상해없음,승용,여,41세,중상
2015102600100634,2015년 10월 26일 19시,월요일,충청남도 서산시 음암면,경상사고,0,0,1,0,차량단독 - 도로외이탈 - 기타,안전운전불이행,건조,맑음,교차로 - 교차로안,승용,여,53세,경상,,,,
2015102600100635,2015년 10월 26일 19시,월요일,충청남도 아산시 둔포면,중상사고,0,1,0,0,차대차 - 측면직각충돌,신호위반,건조,맑음,교차로 - 교차로안,승용,여,48세,중상,승합,남,50세,상해없음
2015102600100679,2015년 10월 26일 20시,월요일,충청남도 당진시 송산면,경상사고,0,0,1,0,차대사람 - 기타,안전운전불이행,건조,맑음,기타 - 기타,승용,남,45세,상해없음,보행자,남,45세,경상
2015102700100019,2015년 10월 27일 00시,화요일,충청남도 서산시 석림동,중상사고,0,1,0,0,차대사람 - 기타,안전운전불이행,습기,비,교차로 - 교차로부근,이륜,남,20세,상해없음,보행자,남,54세,중상
2015102700100050,2015년 10월 27일 02시,화요일,충청남도 천안시 서북구 성정동,사망사고,1,0,0,0,차대사람 - 기타,안전운전불이행,습기,비,단일로 - 기타,화물,남,66세,상해없음,보행자,여,76세,사망
2015102700100134,2015년 10월 27일 07시,화요일,충청남도 천안시 서북구 성거읍,중상사고,0,1,0,0,차대차 - 측면직각충돌,안전운전불이행,건조,맑음,단일로 - 기타,화물,남,47세,상해없음,이륜,남,71세,중상
2015102700100165,2015년 10월 27일 08시,화요일,충청남도 논산시 강경읍,경상사고,0,0,1,0,차대차 - 측면직각충돌,직진우회전진행방해,습기,비,교차로 - 교차로안,자전거,남,78세,경상,승용,남,55세,상해없음
2015102700100166,2015년 10월 27일 08시,화요일,충청남도 아산시 음봉면,경상사고,0,0,2,0,차대차 - 측면직각충돌,안전운전불이행,습기,비,교차로 - 교차로안,승용,여,30세,상해없음,화물,남,54세,상해없음
2015102700100167,2015년 10월 27일 08시,화요일,충청남도 당진시 읍내리,경상사고,0,0,1,0,차대차 - 측면직각충돌,교차로운행방법위반,습기,비,교차로 - 교차로안,화물,남,56세,경상,승용,여,45세,상해없음
2015102700100222,2015년 10월 27일 09시,화요일,충청남도 천안시 서북구 성정동,경상사고,0,0,2,0,차대차 - 측면직각충돌,교차로운행방법위반,습기,비,교차로 - 교차로안,승합,남,56세,상해없음,승합,남,40세,경상
2015102700100223,2015년 10월 27일 09시,화요일,충청남도 천안시 서북구 성정동,경상사고,0,0,1,0,차대차 - 기타,안전운전불이행,습기,비,단일로 - 기타,화물,남,43세,상해없음,승용,남,28세,경상
2015102700100249,2015년 10월 27일 10시,화요일,충청남도 계룡시 금암동,중상사고,0,1,0,0,차대차 - 측면직각충돌,직진우회전진행방해,습기,비,교차로 - 교차로안,승용,남,75세,상해없음,승용,여,25세,중상
2015102700100283,2015년 10월 27일 11시,화요일,충청남도 아산시 모종동,중상사고,0,1,0,0,차량단독 - 기타,안전운전불이행,건조,맑음,교차로 - 교차로부근,승합,남,56세,상해없음,,,,
2015102700100310,2015년 10월 27일 12시,화요일,충청남도 논산시 연무읍,중상사고,0,1,0,0,차대차 - 측면직각충돌,중앙선침범,건조,맑음,교차로 - 교차로부근,승용,여,52세,상해없음,이륜,남,44세,중상
2015102700100311,2015년 10월 27일 12시,화요일,충청남도 아산시 탕정면,중상사고,0,1,0,0,차대차 - 측면직각충돌,불법유턴,건조,맑음,단일로 - 기타,승용,남,56세,상해없음,원동기,남,17세,상해없음
2015102700100345,2015년 10월 27일 13시,화요일,충청남도 아산시 권곡동,중상사고,0,1,2,0,차대차 - 측면직각충돌,신호위반,건조,맑음,교차로 - 교차로안,이륜,남,54세,중상,승용,여,47세,경상
2015102700100346,2015년 10월 27일 13시,화요일,충청남도 청양군 청양읍,경상사고,0,0,1,0,차대사람 - 기타,안전운전불이행,건조,맑음,단일로 - 기타,화물,남,25세,상해없음,보행자,여,60세,경상
2015102700100375,2015년 10월 27일 14시,화요일,충청남도 논산시 내동,중상사고,0,1,0,0,차대사람 - 횡단중,안전운전불이행,건조,맑음,단일로 - 횡단보도상,이륜,남,59세,상해없음,보행자,여,77세,중상
2015102700100376,2015년 10월 27일 14시,화요일,충청남도 부여군 임천면,중상사고,0,2,0,0,차대차 - 기타,중앙선침범,건조,맑음,단일로 - 기타,승용,여,64세,상해없음,승용,남,46세,중상
2015102700100408,2015년 10월 27일 15시,화요일,충청남도 서천군 서천읍,중상사고,0,1,3,0,차대사람 - 기타,기타,건조,맑음,단일로 - 기타,승용,남,72세,상해없음,보행자,여,50세,경상
2015102700100453,2015년 10월 27일 16시,화요일,충청남도 아산시 송악면,경상사고,0,0,2,0,차대차 - 기타,중앙선침범,건조,맑음,단일로 - 기타,승용,남,56세,상해없음,승용,남,52세,경상
2015102700100454,2015년 10월 27일 16시,화요일,충청남도 아산시 배방읍,경상사고,0,0,2,0,차대차 - 추돌 - 주정차중,안전운전불이행,건조,맑음,교차로 - 교차로부근,승용,남,56세,상해없음,화물,남,54세,경상
2015102700100455,2015년 10월 27일 16시,화요일,충청남도 보령시 대천동,사망사고,1,0,0,0,차대사람 - 횡단중,안전운전불이행,건조,맑음,단일로 - 기타,승용,남,65세,상해없음,보행자,여,76세,사망
2015102700100497,2015년 10월 27일 17시,화요일,충청남도 태안군 안면읍,중상사고,0,1,0,0,차대차 - 측면직각충돌,안전운전불이행,건조,맑음,단일로 - 기타,승용,남,46세,상해없음,원동기,남,69세,중상
2015102700100498,2015년 10월 27일 17시,화요일,충청남도 부여군 부여읍,경상사고,0,0,1,0,차량단독 - 공작물충돌,안전운전불이행,건조,맑음,단일로 - 교량,화물,남,42세,경상,,,,
2015102700100619,2015년 10월 27일 20시,화요일,충청남도 아산시 온천동,경상사고,0,0,1,0,차대차 - 측면직각충돌,안전운전불이행,건조,맑음,교차로 - 교차로안,승용,남,31세,상해없음,자전거,여,61세,경상
2015102700100651,2015년 10월 27일 21시,화요일,충청남도 논산시 취암동,경상사고,0,0,2,0,차대차 - 추돌 - 주정차중,안전운전불이행,건조,맑음,교차로 - 교차로부근,승용,여,37세,상해없음,승용,남,39세,경상
2015102700100652,2015년 10월 27일 21시,화요일,충청남도 천안시 동남구 삼룡동,경상사고,0,0,1,0,차대차 - 측면직각충돌,안전운전불이행,건조,맑음,교차로 - 교차로부근,승합,남,52세,상해없음,승용,여,39세,경상