사고번호,사고일시,요일,시군구,사고내용,사망자수,중상자수,경상자수,부상신고자수,사고유형,법규위반,노면상태,기상상태,도로형태,가해운전자 차종,가해운전자 성별,가해운전자 연령,가해운전자 상해정도,피해운전자 차종,피해운전자 성별,피해운전자 연령,피해운전자 상해정도
2015102800100016,2015년 10월 28일 00시,수요일,충청남도 아산시 음봉면,경상사고,0,0,1,0,차대차 - 측면직각충돌,직진우회전진행방해,건조,맑음,교차로 - 교차로부근,승용,남,23세,경상,승합,남,47세,상해없음
2015102800100039,2015년 10월 28일 02시,수요일,충청남도 보령시 웅천읍,부상신고사고,0,0,0,1,차량단독 - 도로외이탈 - 기타,안전운전불이행,건조,맑음,단일로 - 기타,화물,남,64세,부상신고,,,,
2015102800100097,2015년 10월 28일 07시,수요일,충청남도 서산시 성연면,경상사고,0,0,1,0,차대차 - 추돌 - 진행중,차로위반,건조,맑음,단일로 - 기타,건설기계,남,43세,상해없음,화물,남,30세,상해없음
2015102800100098,2015년 10월 28일 07시,수요일,충청남도 홍성군 홍북면,중상사고,0,1,0,0,차대차 - 측면직각충돌,안전운전불이행,건조,맑음,단일로 - 기타,승용,남,64세,상해없음,이륜,남,79세,중상
2015102800100099,2015년 10월 28일 07시,수요일,충청남도 서천군 비인면,중상사고,0,1,0,0,차대차 - 측면직각충돌,기타,건조,맑음,교차로 - 교차로안,화물,남,60세,상해없음,이륜,여,59세,중상
2015102800100139,2015년 10월 28일 08시,수요일,충청남도 공주시 반포면,경상사고,0,0,1,0,차대차 - 추돌 - 주정차중,안전운전불이행,건조,맑음,교차로 - 교차로부근,승용,여,24세,상해없음,승용,남,35세,경상
2015102800100140,2015년 10월 28일 08시,수요일,충청남도 천안시 동남구 다가동,중상사고,0,1,0,0,차대사람 - 횡단중,안전운전불이행,건조,맑음,단일로 - 기타,이륜,남,34세,상해없음,보행자,여,49세,중상
2015102800100176,2015년 10월 28일 09시,수요일,충청남도 천안시 서북구 성정동,경상사고,0,0,1,0,차대사람 - 차도통행중,안전운전불이행,건조,맑음,교차로 - 교차로부근,화물,남,35세,상해없음,보행자,여,29세,경상
2015102800100177,2015년 10월 28일 09시,수요일,충청남도 천안시 서북구 백석동,중상사고,0,1,0,0,차대차 - 추돌 - 주정차중,안전운전불이행,건조,맑음,교차로 - 교차로부근,화물,남,46세,상해없음,승합,남,29세,중상
2015102800100205,2015년 10월 28일 10시,수요일,충청남도 태안군 태안읍,경상사고,0,0,1,0,차대차 - 측면직각충돌,안전운전불이행,건조,맑음,교차로 - 교차로안,승용,남,38세,상해없음,원동기,남,80세,경상
2015102800100241,2015년 10월 28일 11시,수요일,충청남도 천안시 서북구 입장면,경상사고,0,0,3,0,차대차 - 측면직각충돌,안전운전불이행,건조,맑음,단일로 - 기타,건설기계,남,47세,상해없음,승용,여,59세,경상
2015102800100242,2015년 10월 28일 11시,수요일,충청남도 금산군 금산읍,중상사고,0,1,0,0,차대사람 - 길가장자리구역통행중,안전운전불이행,건조,맑음,교차로 - 교차로부근,승용,남,46세,상해없음,보행자,남,57세,중상
2015102800100313,2015년 10월 28일 13시,수요일,충청남도 서산시 고북면,경상사고,0,0,1,0,차대차 - 측면직각충돌,안전운전불이행,건조,맑음,교차로 - 교차로안,승용,여,46세,상해없음,승용,여,43세,경상
2015102800100314,2015년 10월 28일 13시,수요일,충청남도 공주시 탄천면,사망사고,1,1,0,0,차대차 - 추돌 - 진행중,안전운전불이행,건조,맑음,단일로 - 기타,승용,남,29세,상해없음,승합,남,25세,중상
2015102800100315,2015년 10월 28일 13시,수요일,충청남도 천안시 동남구 영성동,중상사고,0,1,0,0,차대사람 - 기타,안전운전불이행,건조,맑음,단일로 - 기타,승용,남,53세,상해없음,보행자,남,53세,중상
2015102800100355,2015년 10월 28일 14시,수요일,충청남도 공주시 웅진동,중상사고,0,1,0,0,차대사람 - 기타,안전운전불이행,건조,맑음,단일로 - 기타,승용,남,42세,상해없음,보행자,남,71세,중상
2015102800100356,2015년 10월 28일 14시,수요일,충청남도 천안시 동남구 신부동,경상사고,0,0,1,0,차대사람 - 기타,안전운전불이행,건조,맑음,단일로 - 기타,승용,기타불명,기타불명,기타불명,보행자,남,30세,경상
2015102800100394,2015년 10월 28일 15시,수요일,충청남도 천안시 서북구 쌍용동,부상신고사고,0,0,0,2,차대차 - 추돌 - 진행중,안전운전불이행,건조,맑음,교차로 - 교차로안,자전거,남,11세,부상신고,자전거,남,12세,부상신고
2015102800100395,2015년 10월 28일 15시,수요일,충청남도 당진시 합덕읍,중상사고,0,1,0,0,차대차 - 측면직각충돌,안전운전불이행,건조,맑음,교차로 - 교차로안,승합,남,61세,상해없음,승용,여,46세,중상
2015102800100438,2015년 10월 28일 16시,수요일,충청남도 홍성군 광천읍,경상사고,0,0,1,0,차대차 - 추돌 - 진행중,안전운전불이행,건조,맑음,단일로 - 기타,승용,여,57세,상해없음,승용,남,36세,경상
2015102800100479,2015년 10월 28일 17시,수요일,충청남도 논산시 연산면,중상사고,0,3,3,0,차대차 - 추돌 - 진행중,안전운전불이행,건조,맑음,단일로 - 기타,화물,남,33세,상해없음,화물,남,57세,중상
2015102800100481,2015년 10월 28일 17시,수요일,충청남도 보령시 천북면,경상사고,0,0,3,0,차대차 - 기타,직진우회전진행방해,건조,맑음,교차로 - 교차로안,화물,남,19세,상해없음,승용,남,43세,경상
2015102800100536,2015년 10월 28일 18시,수요일,충청남도 아산시 배방읍,경상사고,0,0,1,0,차대차 - 기타,안전운전불이행,건조,맑음,기타 - 기타,승용,기타불명,기타불명,기타불명,승용,남,53세,기타불명
2015102800100537,2015년 10월 28일 18시,수요일,충청남도 서천군 화양면,중상사고,0,1,0,0,차대차 - 추돌 - 진행중,안전운전불이행,건조,맑음,단일로 - 기타,승용,남,57세,상해없음,원동기,남,27세,중상
2015102800100539,2015년 10월 28일 18시,수요일,충청남도 금산군 금산읍,중상사고,0,1,0,0,차대사람 - 차도통행중,안전운전불이행,건조,맑음,단일로 - 기타,승용,남,56세,상해없음,보행자,여,81세,중상
2015102800100610,2015년 10월 28일 19시,수요일,충청남도 천안시 서북구 성정동,경상사고,0,0,3,0,차대차 - 측면직각충돌,교차로운행방법위반,건조,맑음,교차로 - 교차로안,승용,남,45세,상해없음,승용,남,50세,상해없음
2015102800100611,2015년 10월 28일 19시,수요일,충청남도 보령시 주교면,부상신고사고,0,0,0,1,차량단독 - 공작물충돌,안전운전불이행,건조,맑음,단일로 - 기타,승용,남,62세,부상신고,,,,
2015102800100612,2015년 10월 28일 19시,수요일,충청남도 공주시 옥룡동,경상사고,0,0,2,0,차대차 - 측면직각충돌,기타,건조,흐림,단일로 - 기타,승용,남,58세,상해없음,승용,여,23세,경상
2015102800100680,2015년 10월 28일 21시,수요일,충청남도 천안시 서북구 두정동,경상사고,0,0,1,0,차대사람 - 횡단중,안전운전불이행,건조,맑음,교차로 - 교차로안,화물,남,34세,상해없음,보행자,남,23세,경상
2015102800100681,2015년 10월 28일 21시,수요일,충청남도 홍성군 홍북면,경상사고,0,0,1,0,차대차 - 측면직각충돌,교차로운행방법위반,건조,맑음,교차로 - 교차로안,승용,여,40세,경상,승용,남,48세,상해없음
2015102800100682,2015년 10월 28일 21시,수요일,충청남도 아산시 풍기동,경상사고,0,0,1,0,차대차 - 기타,신호위반,건조,맑음,단일로 - 기타,이륜,남,37세,상해없음,승용,남,21세,경상
2015102800100683,2015년 10월 28일 21시,수요일,충청남도 아산시 둔포면,경상사고,0,0,1,0,차대차 - 측면직각충돌,안전운전불이행,건조,맑음,단일로 - 기타,승용,남,30세,상해없음,승용,남,37세,경상
2015102800100684,2015년 10월 28일 21시,수요일,충청남도 당진시 읍내리,중상사고,0,1,0,0,차대사람 - 횡단중,보행자보호의무위반,건조,맑음,단일로 - 기타,원동기,여,19세,상해없음,보행자,여,51세,중상
2015102800100685,2015년 10월 28일 21시,수요일,충청남도 천안시 동남구 원성동,경상사고,0,0,1,0,차대차 - 정면충돌,신호위반,건조,맑음,교차로 - 교차로안,승용,남,29세,상해없음,승용,남,25세,경상
2015102800100758,2015년 10월 28일 23시,수요일,충청남도 천안시 서북구 불당동,경상사고,0,0,1,0,차대사람 - 횡단중,보행자보호의무위반,건조,맑음,단일로 - 기타,승용,남,46세,상해없음,보행자,남,19세,경상
2015102900100026,2015년 10월 29일 01시,목요일,충청남도 공주시 우성면,부상신고사고,0,0,0,1,차량단독 - 공작물충돌,안전운전불이행,건조,맑음,교차로 - 교차로부근,승용,남,19세,부상신고,,,,
2015102900100114,2015년 10월 29일 08시,목요일,충청남도 보령시 대천동,경상사고,0,0,2,0,차대차 - 추돌 - 진행중,교차로운행방법위반,건조,맑음,기타 - 기타,승용,남,69세,상해없음,승용,여,48세,상해없음
2015102900100115,2015년 10월 29일 08시,목요일,충청남도 공주시 의당면,중상사고,0,1,1,0,차대차 - 측면직각충돌,안전운전불이행,건조,맑음,단일로 - 기타,승용,남,26세,중상,승용,여,34세,경상
2015102900100116,2015년 10월 29일 08시,목요일,충청남도 예산군 예산읍,중상사고,0,1,1,0,차대차 - 기타,신호위반,건조,맑음,교차로 - 교차로안,화물,남,37세,상해없음,승용,남,45세,경상
2015102900100117,2015년 10월 29일 08시,목요일,충청남도 부여군 규암면,경상사고,0,0,1,0,차대차 - 기타,중앙선침범,건조,맑음,단일로 - 기타,자전거,남,11세,경상,이륜,남,62세,상해없음
2015102900100148,2015년 10월 29일 09시,목요일,충청남도 천안시 서북구 쌍용동,중상사고,0,1,0,0,차대사람 - 횡단중,신호위반,건조,맑음,단일로 - 기타,이륜,남,49세,상해없음,보행자,여,40세,중상
2015102900100149,2015년 10월 29일 09시,목요일,충청남도 천안시 동남구 목천읍,경상사고,0,0,1,0,차대사람 - 기타,안전운전불이행,건조,맑음,단일로 - 기타,승용,남,36세,상해없음,보행자,남,70세,경상
2015102900100191,2015년 10월 29일 10시,목요일,충청남도 천안시 동남구 구성동,경상사고,0,0,2,0,차대차 - 추돌 - 주정차중,안전운전불이행,건조,맑음,교차로 - 교차로부근,승용,남,61세,상해없음,승용,여,46세,경상
2015102900100222,2015년 10월 29일 11시,목요일,충청남도 청양군 청남면,중상사고,0,1,0,0,차대차 - 정면충돌,안전운전불이행,건조,맑음,단일로 - 기타,화물,남,59세,상해없음,원동기,남,80세,중상
2015102900100255,2015년 10월 29일 12시,목요일,충청남도 당진시 석문면,중상사고,0,1,0,0,차대차 - 기타,안전운전불이행,건조,맑음,단일로 - 기타,화물,남,62세,상해없음,자전거,남,47세,중상
2015102900100294,2015년 10월 29일 13시,목요일,충청남도 아산시 음봉면,중상사고,0,1,0,0,차대차 - 기타,안전운전불이행,건조,맑음,기타 - 기타,화물,남,52세,기타불명,승용,여,36세,중상
2015102900100295,2015년 10월 29일 13시,목요일,충청남도 청양군 비봉면,사망사고,1,0,0,0,차량단독 - 도로외이탈 - 추락,안전운전불이행,건조,맑음,단일로 - 기타,농기계,남,40세,사망,,,,
2015102900100322,2015년 10월 29일 14시,목요일,충청남도 공주시 의당면,경상사고,0,0,1,0,차대차 - 정면충돌,안전운전불이행,건조,맑음,교차로 - 교차로안,승용,여,55세,상해없음,승용,남,58세,경상
2015102900100400,2015년 10월 29일 16시,목요일,충청남도 당진시 채운동,중상사고,0,1,0,0,차대사람 - 기타,안전운전불이행,건조,맑음,교차로 - 교차로안,승용,여,33세,상해없음,보행자,여,76세,중상
2015102900100443,2015년 10월 29일 17시,목요일,충청남도 논산시 연무읍,사망사고,1,0,0,0,차량단독 - 도로외이탈 - 추락,안전운전불이행,건조,맑음,단일로 - 기타,농기계,남,58세,사망,,,,
2015102900100505,2015년 10월 29일 18시,목요일,충청남도 천안시 서북구 두정동,경상사고,0,0,3,0,차대차 - 기타,안전거리미확보,건조,맑음,단일로 - 기타,승용,여,27세,상해없음,승용,남,46세,경상
2015102900100506,2015년 10월 29일 18시,목요일,충청남도 논산시 취암동,경상사고,0,0,1,0,차대차 - 측면직각충돌,직진우회전진행방해,건조,맑음,교차로 - 교차로안,승용,남,20세,상해없음,승용,여,21세,경상
2015102900100561,2015년 10월 29일 19시,목요일,충청남도 청양군 청양읍,경상사고,0,0,1,0,차대차 - 추돌 - 주정차중,안전운전불이행,건조,흐림,단일로 - 기타,승용,남,54세,경상,화물,남,62세,기타불명
2015102900100612,2015년 10월 29일 20시,목요일,충청남도 천안시 서북구 성환읍,사망사고,1,0,0,0,차대사람 - 기타,안전운전불이행,습기,비,단일로 - 기타,승용,남,26세,상해없음,보행자,남,84세,사망
2015102900100613,2015년 10월 29일 20시,목요일,충청남도 천안시 서북구 성정동,중상사고,0,1,0,0,차대사람 - 기타,안전운전불이행,건조,맑음,교차로 - 교차로부근,승용,여,47세,상해없음,보행자,남,50세,중상
2015102900100614,2015년 10월 29일 20시,목요일,충청남도 홍성군 홍북면,중상사고,0,1,0,0,차대차 - 측면직각충돌,안전운전불이행,건조,맑음,교차로 - 교차로안,승용,여,54세,상해없음,승용,남,31세,중상
2015102900100616,2015년 10월 29일 20시,목요일,충청남도 예산군 예산읍,경상사고,0,0,1,0,차대차 - 기타,신호위반,건조,맑음,교차로 - 교차로안,승용,남,28세,기타불명,화물,남,56세,경상
2015102900100647,2015년 10월 29일 21시,목요일,충청남도 아산시 음봉면,경상사고,0,0,1,0,차대차 - 측면직각충돌,안전운전불이행,건조,맑음,단일로 - 기타,승용,남,61세,상해없음,승용,남,38세,경상
2015102900100688,2015년 10월 29일 22시,목요일,충청남도 천안시 서북구 성정동,경상사고,0,0,1,0,차대차 - 추돌 - 주정차중,안전운전불이행,건조,맑음,단일로 - 기타,이륜,남,29세,상해없음,승용,남,36세,경상
2015102900100689,2015년 10월 29일 22시,목요일,충청남도 천안시 동남구 청수동,경상사고,0,0,1,0,차대차 - 측면직각충돌,안전운전불이행,습기,맑음,교차로 - 교차로안,승용,남,46세,기타불명,승용,여,55세,경상
2015102900100727,2015년 10월 29일 23시,목요일,충청남도 태안군 고남면,경상사고,0,0,1,0,차량단독 - 기타,안전운전불이행,습기,흐림,단일로 - 기타,화물,남,42세,경상,,,,
2015102900100728,2015년 10월 29일 23시,목요일,충청남도 천안시 동남구 신방동,경상사고,0,0,2,0,차대차 - 측면직각충돌,안전운전불이행,건조,맑음,교차로 - 교차로안,승용,남,48세,상해없음,승용,남,29세,경상
2015103000100020,2015년 10월 30일 00시,금요일,충청남도 논산시 지산동,경상사고,0,0,1,0,차대차 - 추돌 - 진행중,안전운전불이행,습기,흐림,교차로 - 교차로안,승용,남,61세,상해없음,화물,남,36세,경상
2015103000100021,2015년 10월 30일 00시,금요일,충청남도 청양군 청양읍,경상사고,0,0,1,0,차대사람 - 횡단중,안전운전불이행,건조,맑음,단일로 - 기타,승용,남,28세,상해없음,보행자,남,35세,경상
2015103000100047,2015년 10월 30일 02시,금요일,충청남도 서산시 성연면,중상사고,0,1,0,0,차량단독 - 전도전복,안전운전불이행,건조,맑음,단일로 - 기타,승용,여,42세,중상,,,,
2015103000100065,2015년 10월 30일 04시,금요일,충청남도 서산시 석남동,중상사고,0,1,0,0,차대차 - 기타,안전운전불이행,건조,맑음,교차로 - 교차로안,승용,남,54세,중상,화물,남,53세,상해없음
2015103000100066,2015년 10월 30일 04시,금요일,충청남도 예산군 삽교읍,경상사고,0,0,3,0,차대차 - 추돌 - 진행중,안전운전불이행,건조,맑음,단일로 - 기타,화물,남,20세,경상,특수,남,54세,상해없음
2015103000100123,2015년 10월 30일 07시,금요일,충청남도 아산시 둔포면,경상사고,0,0,1,0,차대차 - 추돌 - 진행중,안전운전불이행,건조,맑음,단일로 - 기타,승용,남,36세,상해없음,승용,남,44세,경상
2015103000100282,2015년 10월 30일 11시,금요일,충청남도 공주시 산성동,경상사고,0,0,1,0,차대사람 - 기타,안전운전불이행,건조,맑음,교차로 - 교차로부근,화물,남,57세,상해없음,보행자,여,19세,경상
2015103000100283,2015년 10월 30일 11시,금요일,충청남도 예산군 오가면,중상사고,0,2,3,2,차대차 - 추돌 - 주정차중,안전거리미확보,건조,맑음,교차로 - 교차로부근,승용,남,56세,경상,승용,여,28세,경상
2015103000100326,2015년 10월 30일 12시,금요일,충청남도 서산시 잠홍동,경상사고,0,0,1,0,차량단독 - 공작물충돌,안전운전불이행,건조,맑음,단일로 - 기타,승용,남,59세,경상,,,,
2015103000100364,2015년 10월 30일 13시,금요일,충청남도 논산시 연무읍,경상사고,0,0,1,0,차대차 - 측면직각충돌,직진우회전진행방해,건조,맑음,교차로 - 교차로안,화물,남,68세,상해없음,화물,남,52세,경상
2015103000100365,2015년 10월 30일 13시,금요일,충청남도 보령시 동대동,중상사고,0,1,0,0,차대차 - 측면직각충돌,신호위반,건조,맑음,교차로 - 교차로안,승용,남,59세,상해없음,이륜,남,71세,중상
2015103000100406,2015년 10월 30일 14시,금요일,충청남도 청양군 정산면,경상사고,0,0,5,0,차대차 - 측면직각충돌,중앙선침범,건조,맑음,단일로 - 기타,승용,남,23세,상해없음,승용,남,41세,경상
2015103000100407,2015년 10월 30일 14시,금요일,충청남도 천안시 동남구 목천읍,경상사고,0,0,1,0,차대차 - 측면직각충돌,안전운전불이행,건조,맑음,단일로 - 기타,화물,남,62세,상해없음,승용,남,53세,경상
2015103000100451,2015년 10월 30일 15시,금요일,충청남도 서산시 수석동,경상사고,0,0,1,0,차대차 - 측면직각충돌,신호위반,건조,맑음,교차로 - 교차로안,승용,여,72세,상해없음,승용,남,34세,경상
2015103000100452,2015년 10월 30일 15시,금요일,충청남도 천안시 서북구 업성동,경상사고,0,0,1,0,차대차 - 기타,안전거리미확보,건조,맑음,단일로 - 기타,화물,남,61세,상해없음,승합,여,43세,경상
2015103000100453,2015년 10월 30일 15시,금요일,충청남도 논산시 지산동,중상사고,0,1,1,0,차대차 - 추돌 - 주정차중,안전운전불이행,건조,맑음,교차로 - 교차로부근,승용,남,58세,경상,화물,남,47세,중상
2015103000100455,2015년 10월 30일 15시,금요일,충청남도 당진시 송악읍,중상사고,0,1,3,0,차대차 - 추돌 - 진행중,안전운전불이행,건조,맑음,단일로 - 기타,승용,남,23세,상해없음,승용,남,59세,경상
2015103000100491,2015년 10월 30일 16시,금요일,충청남도 서산시 음암면,경상사고,0,0,1,0,차대차 - 추돌 - 진행중,안전운전불이행,건조,맑음,교차로 - 교차로부근,승용,여,34세,상해없음,승용,여,51세,상해없음
2015103000100492,2015년 10월 30일 16시,금요일,충청남도 아산시 모종동,경상사고,0,0,1,0,차대사람 - 기타,안전운전불이행,건조,맑음,단일로 - 기타,원동기,남,17세,기타불명,보행자,여,7세,경상
2015103000100493,2015년 10월 30일 16시,금요일,충청남도 천안시 동남구 삼룡동,경상사고,0,0,1,0,차대차 - 추돌 - 진행중,안전운전불이행,건조,맑음,단일로 - 기타,이륜,남,17세,경상,승합,남,51세,상해없음
2015103000100542,2015년 10월 30일 17시,금요일,충청남도 천안시 서북구 불당동,경상사고,0,0,6,0,차대차 - 추돌 - 주정차중,안전운전불이행,건조,맑음,단일로 - 기타,승용,여,26세,상해없음,승용,여,45세,경상
2015103000100543,2015년 10월 30일 17시,금요일,충청남도 논산시 양촌면,중상사고,0,2,1,0,차대차 - 정면충돌,중앙선침범,건조,맑음,단일로 - 기타,승용,남,57세,상해없음,화물,남,73세,경상
2015103000100544,2015년 10월 30일 17시,금요일,충청남도 논산시 가야곡면,경상사고,0,0,1,0,차대차 - 측면직각충돌,안전운전불이행,건조,맑음,기타 - 기타,승용,남,50세,상해없음,승용,남,52세,상해없음
2015103000100605,2015년 10월 30일 18시,금요일,충청남도 서천군 마서면,경상사고,0,0,1,0,차대차 - 기타,안전운전불이행,건조,맑음,단일로 - 기타,승용,남,63세,상해없음,승용,남,63세,경상
2015103000100677,2015년 10월 30일 19시,금요일,충청남도 천안시 서북구 쌍용동,경상사고,0,0,1,0,차대차 - 기타,불법유턴,건조,맑음,교차로 - 교차로부근,승용,남,61세,상해없음,원동기,남,25세,경상
2015103000100678,2015년 10월 30일 19시,금요일,충청남도 아산시 신창면,중상사고,0,1,0,0,차대사람 - 기타,안전운전불이행,건조,맑음,교차로 - 교차로부근,승용,남,31세,상해없음,보행자,남,20세,중상
2015103000100726,2015년 10월 30일 20시,금요일,충청남도 천안시 서북구 성정동,경상사고,0,0,1,0,차대차 - 기타,교차로운행방법위반,건조,맑음,교차로 - 교차로부근,승용,남,46세,상해없음,승용,남,55세,상해없음
2015103000100791,2015년 10월 30일 22시,금요일,충청남도 천안시 서북구 불당동,경상사고,0,0,1,0,차대차 - 기타,안전운전불이행,건조,맑음,교차로 - 교차로부근,승용,남,24세,상해없음,승용,남,40세,경상
2015103100100019,2015년 10월 31일 00시,토요일,충청남도 당진시 송악읍,경상사고,0,0,1,0,차대사람 - 기타,안전운전불이행,건조,맑음,교차로 - 교차로안,기타불명,기타불명,기타불명,기타불명,보행자,남,35세,경상
2015103100100020,2015년 10월 31일 00시,토요일,충청남도 논산시 가야곡면,사망사고,1,1,1,0,차대차 - 기타,안전운전불이행,건조,맑음,단일로 - 기타,승용,남,31세,사망,화물,남,52세,상해없음
2015103100100037,2015년 10월 31일 01시,토요일,충청남도 천안시 서북구 불당동,중상사고,0,1,2,0,차대차 - 측면직각충돌,신호위반,건조,맑음,교차로 - 교차로안,승용,남,46세,중상,승용,남,41세,경상
2015103100100057,2015년 10월 31일 02시,토요일,충청남도 논산시 취암동,중상사고,0,1,0,0,차대차 - 추돌 - 진행중,안전운전불이행,건조,맑음,단일로 - 기타,승용,남,34세,상해없음,자전거,남,47세,중상
2015103100100075,2015년 10월 31일 03시,토요일,충청남도 천안시 서북구 쌍용동,경상사고,0,0,1,0,차대차 - 기타,안전운전불이행,건조,맑음,단일로 - 기타,화물,남,29세,상해없음,승용,남,57세,경상
2015103100100140,2015년 10월 31일 07시,토요일,충청남도 홍성군 홍성읍,경상사고,0,0,1,0,차대차 - 측면직각충돌,교차로운행방법위반,건조,맑음,교차로 - 교차로안,화물,여,51세,상해없음,승용,여,51세,경상
2015103100100141,2015년 10월 31일 07시,토요일,충청남도 아산시 온천동,중상사고,0,1,0,0,차대차 - 기타,안전거리미확보,건조,맑음,교차로 - 교차로안,승용,남,30세,기타불명,승용,남,39세,중상
2015103100100158,2015년 10월 31일 08시,토요일,충청남도 천안시 서북구 쌍용동,경상사고,0,0,1,0,차대사람 - 보도통행중,안전운전불이행,건조,맑음,교차로 - 교차로부근,승용,남,52세,상해없음,보행자,여,13세,경상
2015103100100245,2015년 10월 31일 10시,토요일,충청남도 아산시 온천동,경상사고,0,0,2,0,차대차 - 측면직각충돌,안전운전불이행,건조,맑음,교차로 - 교차로안,승용,여,38세,상해없음,승용,남,58세,경상
2015103100100276,2015년 10월 31일 11시,토요일,충청남도 천안시 서북구 두정동,경상사고,0,0,2,0,차대차 - 측면직각충돌,안전운전불이행,건조,맑음,단일로 - 기타,화물,남,39세,상해없음,승용,남,60세,경상
2015103100100277,2015년 10월 31일 11시,토요일,충청남도 천안시 서북구 성정동,중상사고,0,1,0,0,차대차 - 측면직각충돌,신호위반,건조,맑음,교차로 - 교차로안,승용,여,41세,상해없음,원동기,남,52세,중상
2015103100100278,2015년 10월 31일 11시,토요일,충청남도 천안시 동남구 삼룡동,중상사고,0,4,14,0,차대차 - 추돌 - 진행중,안전거리미확보,건조,맑음,단일로 - 기타,승용,남,64세,상해없음,승합,남,59세,경상
2015103100100329,2015년 10월 31일 12시,토요일,충청남도 홍성군 홍동면,중상사고,0,1,0,1,차대사람 - 기타,안전운전불이행,건조,맑음,교차로 - 교차로부근,원동기,남,40세,부상신고,보행자,남,11세,중상
2015103100100330,2015년 10월 31일 12시,토요일,충청남도 보령시 화산동,중상사고,0,3,2,0,차대차 - 측면직각충돌,안전운전불이행,건조,맑음,단일로 - 기타,승용,여,53세,상해없음,건설기계,남,34세,상해없음
2015103100100331,2015년 10월 31일 12시,토요일,충청남도 예산군 고덕면,중상사고,0,1,0,0,차대사람 - 횡단중,안전운전불이행,건조,맑음,교차로 - 교차로부근,승합,남,36세,상해없음,보행자,여,84세,중상
2015103100100332,2015년 10월 31일 12시,토요일,충청남도 천안시 동남구 원성동,경상사고,0,0,1,0,차대차 - 기타,안전운전불이행,건조,맑음,교차로 - 교차로안,화물,남,56세,상해없음,이륜,남,42세,경상
2015103100100380,2015년 10월 31일 13시,토요일,충청남도 천안시 동남구 신부동,중상사고,0,1,0,0,차대차 - 추돌 - 진행중,안전운전불이행,건조,맑음,교차로 - 교차로안,승용,남,71세,상해없음,이륜,남,27세,중상
2015103100100420,2015년 10월 31일 14시,토요일,충청남도 아산시 모종동,중상사고,0,1,4,0,차대차 - 측면직각충돌,중앙선침범,건조,맑음,단일로 - 기타,승용,남,54세,상해없음,승용,남,29세,중상
2015103100100421,2015년 10월 31일 14시,토요일,충청남도 서천군 마서면,경상사고,0,0,1,0,차량단독 - 전도전복,안전운전불이행,건조,맑음,단일로 - 기타,원동기,남,84세,경상,,,,
2015103100100477,2015년 10월 31일 15시,토요일,충청남도 천안시 서북구 성환읍,경상사고,0,0,1,0,차대차 - 측면직각충돌,안전운전불이행,건조,맑음,단일로 - 기타,화물,남,36세,상해없음,화물,남,59세,경상
2015103100100478,2015년 10월 31일 15시,토요일,충청남도 논산시 양촌면,경상사고,0,0,2,1,차대차 - 측면직각충돌,신호위반,건조,맑음,교차로 - 교차로안,승용,남,30세,부상신고,화물,남,54세,경상
2015103100100479,2015년 10월 31일 15시,토요일,충청남도 홍성군 은하면,중상사고,0,1,0,0,차량단독 - 기타,안전운전불이행,건조,맑음,단일로 - 기타,원동기,남,71세,중상,,,,
2015103100100523,2015년 10월 31일 16시,토요일,충청남도 태안군 남면,경상사고,0,0,3,0,차대차 - 측면직각충돌,안전운전불이행,건조,맑음,교차로 - 교차로안,화물,남,70세,상해없음,승용,남,31세,경상
2015103100100524,2015년 10월 31일 16시,토요일,충청남도 천안시 동남구 신부동,경상사고,0,0,2,0,차대차 - 추돌 - 진행중,안전운전불이행,건조,맑음,단일로 - 기타,승용,여,37세,경상,승용,남,26세,경상
2015103100100557,2015년 10월 31일 17시,토요일,충청남도 천안시 서북구 성환읍,경상사고,0,0,1,0,차대사람 - 횡단중,안전운전불이행,건조,맑음,단일로 - 기타,승용,남,38세,상해없음,보행자,남,11세,경상
2015103100100558,2015년 10월 31일 17시,토요일,충청남도 논산시 반월동,중상사고,0,1,0,0,차대차 - 기타,안전거리미확보,건조,맑음,단일로 - 기타,승용,남,56세,상해없음,자전거,여,7세,중상
2015103100100600,2015년 10월 31일 18시,토요일,충청남도 보령시 웅천읍,경상사고,0,0,1,0,차대차 - 기타,안전운전불이행,건조,맑음,단일로 - 기타,자전거,남,54세,경상,화물,남,36세,상해없음
2015103100100601,2015년 10월 31일 18시,토요일,충청남도 당진시 송악읍,경상사고,0,0,1,0,차대차 - 추돌 - 진행중,교차로운행방법위반,건조,맑음,교차로 - 교차로부근,승용,남,36세,상해없음,승합,남,59세,경상
2015103100100602,2015년 10월 31일 18시,토요일,충청남도 청양군 정산면,중상사고,0,1,0,0,차대차 - 추돌 - 진행중,안전운전불이행,건조,맑음,단일로 - 기타,승용,여,55세,상해없음,이륜,여,71세,중상
2015103100100603,2015년 10월 31일 18시,토요일,충청남도 천안시 동남구 목천읍,경상사고,0,0,1,0,차대차 - 추돌 - 진행중,안전운전불이행,건조,맑음,교차로 - 교차로안,승합,남,46세,상해없음,이륜,남,33세,경상