사고번호,사고일시,요일,시군구,사고내용,사망자수,중상자수,경상자수,부상신고자수,사고유형,법규위반,노면상태,기상상태,도로형태,가해운전자 차종,가해운전자 성별,가해운전자 연령,가해운전자 상해정도,피해운전자 차종,피해운전자 성별,피해운전자 연령,피해운전자 상해정도
2015103100100604,2015년 10월 31일 18시,토요일,충청남도 천안시 동남구 삼룡동,중상사고,0,1,0,0,차대차 - 추돌 - 주정차중,안전운전불이행,건조,맑음,단일로 - 기타,승용,여,55세,중상,승용,남,27세,상해없음
2015103100100605,2015년 10월 31일 18시,토요일,충청남도 천안시 동남구 성남면,중상사고,0,1,3,0,차대차 - 추돌 - 주정차중,안전운전불이행,건조,맑음,단일로 - 기타,승용,남,66세,상해없음,승용,남,44세,경상
2015103100100651,2015년 10월 31일 19시,토요일,충청남도 아산시 영인면,경상사고,0,0,3,0,차대차 - 추돌 - 진행중,안전거리미확보,건조,맑음,단일로 - 기타,승용,남,30세,상해없음,승용,남,52세,경상
2015103100100692,2015년 10월 31일 20시,토요일,충청남도 천안시 동남구 대흥동,경상사고,0,0,1,0,차대사람 - 횡단중,안전운전불이행,건조,맑음,단일로 - 기타,화물,남,52세,상해없음,보행자,남,23세,경상
2015103100100733,2015년 10월 31일 21시,토요일,충청남도 아산시 모종동,경상사고,0,0,1,0,차대사람 - 기타,안전운전불이행,건조,맑음,기타 - 기타,승합,남,54세,기타불명,보행자,여,63세,경상
2015103100100757,2015년 10월 31일 22시,토요일,충청남도 천안시 서북구 쌍용동,중상사고,0,1,0,0,차대차 - 측면직각충돌,안전운전불이행,건조,맑음,교차로 - 교차로안,원동기,남,44세,중상,승용,남,32세,상해없음
2015103100100758,2015년 10월 31일 22시,토요일,충청남도 아산시 온천동,경상사고,0,0,3,0,차대차 - 기타,안전운전불이행,건조,맑음,기타 - 기타,승용,남,43세,기타불명,승용,남,49세,경상
2015103100100759,2015년 10월 31일 22시,토요일,충청남도 보령시 동대동,경상사고,0,0,1,0,차대사람 - 차도통행중,안전운전불이행,건조,맑음,기타 - 기타,화물,남,40세,상해없음,보행자,남,51세,경상
2015103100100760,2015년 10월 31일 22시,토요일,충청남도 당진시 면천면,경상사고,0,0,2,0,차대차 - 추돌 - 진행중,안전운전불이행,건조,맑음,단일로 - 기타,승용,여,30세,상해없음,승용,남,41세,상해없음
2015103100100789,2015년 10월 31일 23시,토요일,충청남도 천안시 서북구 성정동,중상사고,0,1,1,0,차대사람 - 길가장자리구역통행중,안전운전불이행,건조,맑음,단일로 - 기타,화물,여,32세,상해없음,보행자,여,23세,중상
2015103100100790,2015년 10월 31일 23시,토요일,충청남도 보령시 대천동,경상사고,0,0,1,0,차대차 - 추돌 - 주정차중,안전운전불이행,건조,맑음,기타 - 기타,승합,남,46세,상해없음,승용,여,46세,경상
2015103100100791,2015년 10월 31일 23시,토요일,충청남도 공주시 우성면,중상사고,0,1,2,0,차대차 - 추돌 - 진행중,안전운전불이행,건조,맑음,단일로 - 기타,이륜,남,16세,경상,이륜,남,16세,경상
2015103100100793,2015년 10월 31일 23시,토요일,충청남도 당진시 송악읍,중상사고,0,1,1,0,차대차 - 추돌 - 진행중,안전운전불이행,건조,맑음,단일로 - 기타,승용,남,72세,상해없음,승용,여,51세,중상
2015110100100021,2015년 11월 1일 00시,일요일,충청남도 논산시 내동,경상사고,0,0,1,0,차대차 - 측면직각충돌,안전운전불이행,건조,맑음,단일로 - 기타,승용,남,63세,상해없음,이륜,남,19세,경상
2015110100100022,2015년 11월 1일 00시,일요일,충청남도 보령시 신흑동,경상사고,0,0,4,0,차대차 - 추돌 - 주정차중,안전운전불이행,건조,맑음,단일로 - 기타,승용,남,45세,기타불명,승용,남,22세,경상
2015110100100050,2015년 11월 1일 01시,일요일,충청남도 천안시 서북구 쌍용동,경상사고,0,0,1,0,차대사람 - 기타,안전운전불이행,건조,맑음,단일로 - 기타,원동기,남,17세,상해없음,보행자,남,24세,경상
2015110100100061,2015년 11월 1일 02시,일요일,충청남도 천안시 서북구 성정동,부상신고사고,0,0,0,1,차량단독 - 공작물충돌,안전운전불이행,건조,맑음,단일로 - 기타,원동기,남,24세,부상신고,,,,
2015110100100062,2015년 11월 1일 02시,일요일,충청남도 예산군 예산읍,중상사고,0,1,0,0,차량단독 - 공작물충돌,안전운전불이행,건조,맑음,교차로 - 교차로안,이륜,남,23세,중상,,,,
2015110100100165,2015년 11월 1일 09시,일요일,충청남도 천안시 동남구 목천읍,중상사고,0,1,2,0,차대차 - 측면직각충돌,신호위반,건조,맑음,교차로 - 교차로안,화물,남,31세,경상,화물,여,51세,중상
2015110100100192,2015년 11월 1일 10시,일요일,충청남도 서산시 해미면,사망사고,1,0,0,0,차대사람 - 횡단중,과속,건조,맑음,교차로 - 교차로부근,승용,남,30세,상해없음,보행자,여,20세,사망
2015110100100193,2015년 11월 1일 10시,일요일,충청남도 당진시 석문면,중상사고,0,1,0,0,차대차 - 측면직각충돌,안전운전불이행,건조,맑음,단일로 - 기타,승용,남,48세,상해없음,이륜,남,79세,중상
2015110100100239,2015년 11월 1일 12시,일요일,충청남도 보령시 오천면,중상사고,0,1,0,0,차대사람 - 기타,안전운전불이행,건조,맑음,단일로 - 기타,특수,남,54세,상해없음,보행자,남,29세,중상
2015110100100260,2015년 11월 1일 13시,일요일,충청남도 태안군 태안읍,경상사고,0,0,1,0,차대차 - 추돌 - 진행중,안전거리미확보,건조,맑음,단일로 - 기타,화물,남,52세,상해없음,승용,남,52세,상해없음
2015110100100261,2015년 11월 1일 13시,일요일,충청남도 홍성군 광천읍,중상사고,0,1,0,0,차대차 - 추돌 - 진행중,안전운전불이행,건조,맑음,단일로 - 기타,승용,남,53세,상해없음,이륜,남,72세,중상
2015110100100262,2015년 11월 1일 13시,일요일,충청남도 아산시 배방읍,경상사고,0,0,1,0,차대차 - 추돌 - 진행중,안전거리미확보,건조,맑음,단일로 - 기타,승용,남,31세,상해없음,승용,여,61세,경상
2015110100100263,2015년 11월 1일 13시,일요일,충청남도 당진시 합덕읍,경상사고,0,0,2,0,차대차 - 측면직각충돌,안전운전불이행,건조,맑음,교차로 - 교차로안,이륜,남,73세,경상,화물,남,40세,경상
2015110100100309,2015년 11월 1일 15시,일요일,충청남도 예산군 예산읍,중상사고,0,1,0,0,차대차 - 추돌 - 주정차중,안전운전불이행,건조,맑음,단일로 - 기타,승용,남,15세,기타불명,승용,여,56세,중상
2015110100100310,2015년 11월 1일 15시,일요일,충청남도 청양군 청남면,중상사고,0,1,0,0,차대차 - 정면충돌,직진우회전진행방해,건조,맑음,교차로 - 교차로안,화물,남,57세,상해없음,자전거,여,77세,중상
2015110100100335,2015년 11월 1일 16시,일요일,충청남도 논산시 성동면,중상사고,0,1,0,0,차량단독 - 공작물충돌,안전운전불이행,건조,맑음,단일로 - 교량,화물,남,60세,중상,,,,
2015110100100368,2015년 11월 1일 17시,일요일,충청남도 논산시 취암동,중상사고,0,1,1,0,차대차 - 측면직각충돌,직진우회전진행방해,건조,맑음,교차로 - 교차로안,승용,남,54세,상해없음,승용,여,19세,중상
2015110100100411,2015년 11월 1일 18시,일요일,충청남도 당진시 읍내리,부상신고사고,0,0,0,1,차대차 - 기타,안전운전불이행,건조,맑음,교차로 - 교차로안,기타불명,기타불명,기타불명,기타불명,승합,여,22세,부상신고
2015110100100479,2015년 11월 1일 20시,일요일,충청남도 천안시 서북구 백석동,중상사고,0,1,0,0,차대차 - 측면직각충돌,신호위반,건조,맑음,교차로 - 교차로안,승용,여,48세,상해없음,이륜,남,25세,중상
2015110100100533,2015년 11월 1일 22시,일요일,충청남도 당진시 석문면,경상사고,0,0,1,0,차대차 - 정면충돌,중앙선침범,건조,맑음,단일로 - 기타,승용,남,56세,상해없음,승용,남,55세,경상
2015110100100551,2015년 11월 1일 23시,일요일,충청남도 보령시 남포면,중상사고,0,1,0,0,차량단독 - 기타,안전운전불이행,건조,흐림,단일로 - 기타,승용,남,27세,중상,,,,
2015110200100066,2015년 11월 2일 06시,월요일,충청남도 예산군 광시면,중상사고,0,1,0,0,차대차 - 기타,안전운전불이행,건조,흐림,단일로 - 기타,승용,남,37세,상해없음,자전거,남,74세,중상
2015110200100086,2015년 11월 2일 07시,월요일,충청남도 공주시 탄천면,경상사고,0,0,5,0,차대차 - 측면직각충돌,안전운전불이행,건조,맑음,교차로 - 교차로안,승용,여,46세,경상,승합,남,52세,상해없음
2015110200100123,2015년 11월 2일 08시,월요일,충청남도 보령시 웅천읍,중상사고,0,1,0,0,차대차 - 기타,안전운전불이행,건조,맑음,교차로 - 교차로안,승합,여,36세,상해없음,자전거,남,84세,중상
2015110200100157,2015년 11월 2일 09시,월요일,충청남도 논산시 상월면,중상사고,0,3,0,0,차대차 - 추돌 - 진행중,중앙선침범,건조,맑음,단일로 - 기타,농기계,남,52세,상해없음,승용,남,34세,중상
2015110200100158,2015년 11월 2일 09시,월요일,충청남도 부여군 규암면,중상사고,0,1,0,0,차대차 - 측면직각충돌,신호위반,건조,맑음,교차로 - 교차로안,승용,여,51세,상해없음,이륜,남,64세,중상
2015110200100226,2015년 11월 2일 11시,월요일,충청남도 공주시 신관동,중상사고,0,1,0,0,차대차 - 측면직각충돌,안전운전불이행,건조,맑음,교차로 - 교차로안,화물,남,47세,상해없음,이륜,남,42세,중상
2015110200100284,2015년 11월 2일 13시,월요일,충청남도 아산시 배방읍,경상사고,0,0,1,0,차대차 - 기타,안전거리미확보,건조,맑음,기타 - 기타,승용,여,34세,상해없음,화물,남,43세,경상
2015110200100312,2015년 11월 2일 14시,월요일,충청남도 부여군 은산면,중상사고,0,1,0,0,차대차 - 정면충돌,안전운전불이행,건조,맑음,단일로 - 기타,화물,남,66세,상해없음,농기계,남,64세,중상
2015110200100313,2015년 11월 2일 14시,월요일,충청남도 부여군 홍산면,중상사고,0,1,0,0,차대차 - 추돌 - 진행중,안전운전불이행,건조,맑음,단일로 - 기타,승용,여,63세,상해없음,자전거,남,81세,중상
2015110200100384,2015년 11월 2일 16시,월요일,충청남도 홍성군 구항면,경상사고,0,0,1,0,차대차 - 추돌 - 진행중,차로위반,건조,맑음,단일로 - 기타,승합,남,66세,상해없음,승용,여,50세,경상
2015110200100385,2015년 11월 2일 16시,월요일,충청남도 서천군 서천읍,중상사고,0,1,0,0,차대차 - 측면직각충돌,안전운전불이행,건조,맑음,교차로 - 교차로안,화물,남,56세,상해없음,원동기,남,73세,중상
2015110200100386,2015년 11월 2일 16시,월요일,충청남도 부여군 부여읍,중상사고,0,1,2,0,차대차 - 측면직각충돌,신호위반,건조,맑음,교차로 - 교차로안,승용,남,46세,경상,승용,남,55세,경상
2015110200100387,2015년 11월 2일 16시,월요일,충청남도 당진시 합덕읍,경상사고,0,0,1,0,차대차 - 추돌 - 진행중,과속,건조,맑음,교차로 - 교차로안,승용,남,49세,상해없음,농기계,남,64세,경상
2015110200100425,2015년 11월 2일 17시,월요일,충청남도 서산시 성연면,경상사고,0,0,1,0,차대차 - 측면직각충돌,안전운전불이행,건조,맑음,교차로 - 교차로안,승용,남,30세,상해없음,화물,남,63세,경상
2015110200100485,2015년 11월 2일 18시,월요일,충청남도 아산시 온천동,경상사고,0,0,2,0,차대차 - 측면직각충돌,안전운전불이행,건조,맑음,교차로 - 교차로안,승용,여,39세,상해없음,승용,남,53세,경상
2015110200100486,2015년 11월 2일 18시,월요일,충청남도 아산시 권곡동,중상사고,0,2,0,0,차대차 - 추돌 - 진행중,안전운전불이행,건조,맑음,교차로 - 교차로안,승용,여,29세,상해없음,승용,남,58세,중상
2015110200100628,2015년 11월 2일 21시,월요일,충청남도 태안군 원북면,사망사고,1,0,0,0,차량단독 - 전도전복,안전운전불이행,건조,맑음,단일로 - 기타,승용,남,35세,사망,,,,
2015110200100666,2015년 11월 2일 22시,월요일,충청남도 당진시 송악읍,경상사고,0,0,1,0,차대사람 - 길가장자리구역통행중,안전운전불이행,건조,맑음,교차로 - 교차로안,승용,남,51세,상해없음,보행자,남,28세,경상
2015110300100036,2015년 11월 3일 01시,화요일,충청남도 천안시 서북구 쌍용동,경상사고,0,0,1,0,차대차 - 기타,신호위반,건조,맑음,교차로 - 교차로안,승용,남,48세,상해없음,이륜,남,25세,경상
2015110300100092,2015년 11월 3일 07시,화요일,충청남도 천안시 서북구 불당동,중상사고,0,1,0,0,차대차 - 기타,신호위반,건조,맑음,교차로 - 교차로안,승용,남,35세,상해없음,화물,남,62세,중상
2015110300100093,2015년 11월 3일 07시,화요일,충청남도 아산시 염치읍,중상사고,0,1,1,0,차대차 - 추돌 - 진행중,안전운전불이행,건조,맑음,교차로 - 교차로안,승용,여,28세,경상,승용,남,56세,중상
2015110300100095,2015년 11월 3일 07시,화요일,충청남도 당진시 송산면,경상사고,0,0,2,0,차대차 - 정면충돌,중앙선침범,건조,맑음,교차로 - 교차로부근,승용,여,25세,경상,승합,남,58세,경상
2015110300100220,2015년 11월 3일 10시,화요일,충청남도 홍성군 광천읍,경상사고,0,0,1,0,차대차 - 측면직각충돌,안전운전불이행,건조,맑음,단일로 - 기타,승용,남,60세,상해없음,승용,여,51세,경상
2015110300100221,2015년 11월 3일 10시,화요일,충청남도 보령시 화산동,중상사고,0,2,1,0,차대차 - 측면직각충돌,신호위반,건조,맑음,교차로 - 교차로안,이륜,남,25세,경상,승합,남,46세,상해없음
2015110300100261,2015년 11월 3일 11시,화요일,충청남도 논산시 반월동,경상사고,0,0,1,0,차대차 - 추돌 - 주정차중,안전운전불이행,건조,맑음,단일로 - 기타,화물,남,52세,상해없음,승용,남,70세,경상
2015110300100263,2015년 11월 3일 11시,화요일,충청남도 공주시 동현동,경상사고,0,0,1,0,차대차 - 추돌 - 진행중,안전운전불이행,건조,맑음,단일로 - 기타,화물,남,39세,상해없음,농기계,남,56세,경상
2015110300100264,2015년 11월 3일 11시,화요일,충청남도 부여군 세도면,사망사고,1,0,0,0,차대차 - 정면충돌,안전운전불이행,건조,맑음,단일로 - 기타,이륜,남,78세,사망,화물,여,60세,상해없음
2015110300100265,2015년 11월 3일 11시,화요일,충청남도 청양군 대치면,중상사고,0,1,0,0,차대차 - 추돌 - 진행중,안전운전불이행,건조,맑음,단일로 - 기타,승용,여,24세,상해없음,농기계,남,71세,중상
2015110300100291,2015년 11월 3일 12시,화요일,충청남도 아산시 음봉면,중상사고,0,3,1,0,차대차 - 측면직각충돌,기타,건조,맑음,단일로 - 기타,건설기계,남,42세,상해없음,승용,남,61세,경상
2015110300100352,2015년 11월 3일 14시,화요일,충청남도 천안시 동남구 봉명동,경상사고,0,0,2,0,차대차 - 추돌 - 주정차중,안전운전불이행,건조,맑음,단일로 - 기타,승용,남,23세,상해없음,화물,남,55세,경상
2015110300100413,2015년 11월 3일 16시,화요일,충청남도 아산시 인주면,경상사고,0,0,1,0,차대차 - 측면직각충돌,안전운전불이행,건조,맑음,단일로 - 기타,화물,남,35세,상해없음,승용,남,47세,경상
2015110300100460,2015년 11월 3일 17시,화요일,충청남도 논산시 등화동,중상사고,0,1,1,0,차대차 - 추돌 - 진행중,안전운전불이행,건조,맑음,단일로 - 기타,승용,남,50세,상해없음,승용,남,32세,중상
2015110300100523,2015년 11월 3일 18시,화요일,충청남도 서산시 음암면,사망사고,1,0,0,0,차대사람 - 길가장자리구역통행중,안전운전불이행,건조,맑음,단일로 - 기타,승용,남,46세,상해없음,보행자,여,86세,사망
2015110300100524,2015년 11월 3일 18시,화요일,충청남도 논산시 연산면,중상사고,0,1,1,0,차대차 - 측면직각충돌,신호위반,건조,맑음,교차로 - 교차로안,승용,남,33세,상해없음,화물,남,66세,경상
2015110300100525,2015년 11월 3일 18시,화요일,충청남도 당진시 송악읍,중상사고,0,1,0,0,차대차 - 추돌 - 진행중,안전운전불이행,건조,맑음,단일로 - 기타,승용,남,42세,상해없음,농기계,남,63세,중상
2015110300100562,2015년 11월 3일 19시,화요일,충청남도 서산시 수석동,경상사고,0,0,1,0,차대차 - 측면직각충돌,안전거리미확보,건조,맑음,단일로 - 기타,화물,남,71세,상해없음,승용,남,43세,경상
2015110300100658,2015년 11월 3일 22시,화요일,충청남도 아산시 둔포면,중상사고,0,1,0,0,차대사람 - 기타,안전운전불이행,건조,흐림,교차로 - 교차로부근,승용,남,27세,상해없음,보행자,남,33세,중상
2015110400100012,2015년 11월 4일 00시,수요일,충청남도 아산시 권곡동,경상사고,0,0,1,0,차대사람 - 기타,안전운전불이행,건조,맑음,단일로 - 기타,원동기,남,31세,상해없음,보행자,남,17세,경상
2015110400100030,2015년 11월 4일 01시,수요일,충청남도 서산시 읍내동,경상사고,0,0,2,0,차대차 - 추돌 - 주정차중,안전운전불이행,건조,맑음,단일로 - 기타,승용,남,37세,상해없음,승용,남,25세,경상
2015110400100043,2015년 11월 4일 02시,수요일,충청남도 서산시 읍내동,중상사고,0,1,0,0,차대차 - 측면직각충돌,신호위반,건조,맑음,교차로 - 교차로안,승용,남,32세,상해없음,화물,남,72세,상해없음
2015110400100044,2015년 11월 4일 02시,수요일,충청남도 천안시 동남구 신방동,중상사고,0,1,0,0,차대사람 - 횡단중,보행자보호의무위반,건조,맑음,교차로 - 교차로부근,승용,여,44세,상해없음,보행자,남,26세,중상
2015110400100154,2015년 11월 4일 08시,수요일,충청남도 공주시 신관동,경상사고,0,0,4,0,차대차 - 추돌 - 진행중,안전운전불이행,습기,안개,단일로 - 교량,승용,여,41세,경상,승용,여,37세,경상
2015110400100198,2015년 11월 4일 09시,수요일,충청남도 계룡시 금암동,경상사고,0,0,2,0,차대차 - 측면직각충돌,신호위반,건조,맑음,교차로 - 교차로안,승합,남,55세,경상,승용,남,49세,경상
2015110400100199,2015년 11월 4일 09시,수요일,충청남도 서천군 서천읍,경상사고,0,0,1,0,차대차 - 기타,안전운전불이행,습기,안개,단일로 - 기타,승용,남,30세,경상,화물,남,47세,기타불명
2015110400100237,2015년 11월 4일 10시,수요일,충청남도 천안시 서북구 두정동,경상사고,0,0,1,0,차대차 - 정면충돌,안전운전불이행,건조,맑음,교차로 - 교차로안,승용,남,22세,상해없음,승용,남,35세,경상
2015110400100238,2015년 11월 4일 10시,수요일,충청남도 천안시 서북구 입장면,중상사고,0,1,0,0,차대사람 - 기타,안전운전불이행,건조,맑음,단일로 - 기타,화물,남,39세,상해없음,보행자,여,70세,중상
2015110400100317,2015년 11월 4일 12시,수요일,충청남도 천안시 서북구 신당동,경상사고,0,0,1,0,차대사람 - 기타,안전운전불이행,건조,맑음,단일로 - 기타,승용,남,21세,상해없음,보행자,남,24세,경상
2015110400100318,2015년 11월 4일 12시,수요일,충청남도 아산시 인주면,경상사고,0,0,2,0,차대차 - 추돌 - 주정차중,안전운전불이행,건조,맑음,단일로 - 기타,승용,남,50세,상해없음,승용,남,49세,경상
2015110400100319,2015년 11월 4일 12시,수요일,충청남도 서천군 서천읍,경상사고,0,0,1,0,차대차 - 기타,안전운전불이행,건조,맑음,단일로 - 기타,원동기,남,75세,경상,승용,여,45세,상해없음
2015110400100320,2015년 11월 4일 12시,수요일,충청남도 예산군 덕산면,중상사고,0,1,0,0,차대차 - 측면직각충돌,직진우회전진행방해,건조,맑음,교차로 - 교차로안,화물,남,47세,상해없음,이륜,남,77세,중상
2015110400100341,2015년 11월 4일 13시,수요일,충청남도 천안시 서북구 불당동,경상사고,0,0,1,0,차대사람 - 횡단중,보행자보호의무위반,건조,맑음,교차로 - 교차로안,승용,여,53세,상해없음,보행자,여,52세,경상
2015110400100410,2015년 11월 4일 15시,수요일,충청남도 천안시 서북구 쌍용동,경상사고,0,0,2,0,차대차 - 추돌 - 진행중,안전운전불이행,건조,맑음,교차로 - 교차로안,승용,남,46세,상해없음,승용,남,46세,경상
2015110400100411,2015년 11월 4일 15시,수요일,충청남도 서천군 마서면,중상사고,0,1,0,0,차량단독 - 기타,기타,건조,맑음,단일로 - 기타,화물,남,47세,중상,,,,
2015110400100495,2015년 11월 4일 17시,수요일,충청남도 천안시 서북구 두정동,경상사고,0,0,1,0,차대차 - 추돌 - 진행중,안전운전불이행,건조,맑음,단일로 - 기타,승용,남,27세,기타불명,자전거,남,9세,경상
2015110400100496,2015년 11월 4일 17시,수요일,충청남도 홍성군 홍동면,중상사고,0,1,0,0,차대차 - 추돌 - 주정차중,안전운전불이행,건조,맑음,단일로 - 기타,화물,남,78세,상해없음,농기계,남,61세,기타불명
2015110400100497,2015년 11월 4일 17시,수요일,충청남도 천안시 동남구 다가동,경상사고,0,0,1,0,차대차 - 측면직각충돌,안전운전불이행,건조,맑음,단일로 - 기타,승용,남,34세,상해없음,자전거,남,30세,경상
2015110400100557,2015년 11월 4일 18시,수요일,충청남도 아산시 탕정면,중상사고,0,1,1,0,차대사람 - 길가장자리구역통행중,안전운전불이행,건조,맑음,단일로 - 기타,원동기,남,24세,중상,보행자,남,24세,경상
2015110400100612,2015년 11월 4일 19시,수요일,충청남도 서산시 읍내동,경상사고,0,0,1,0,차대사람 - 횡단중,안전운전불이행,건조,맑음,교차로 - 교차로안,승용,여,55세,상해없음,보행자,남,21세,경상
2015110400100614,2015년 11월 4일 19시,수요일,충청남도 청양군 목면,경상사고,0,0,2,0,차대차 - 추돌 - 주정차중,안전운전불이행,건조,맑음,단일로 - 기타,승용,남,56세,상해없음,승용,남,31세,경상
2015110400100707,2015년 11월 4일 22시,수요일,충청남도 아산시 배방읍,경상사고,0,0,2,0,차대차 - 측면직각충돌,중앙선침범,건조,맑음,단일로 - 기타,승용,남,30세,상해없음,승용,남,30세,상해없음
2015110500100013,2015년 11월 5일 00시,목요일,충청남도 천안시 동남구 안서동,경상사고,0,0,1,0,차대사람 - 길가장자리구역통행중,안전운전불이행,건조,맑음,단일로 - 기타,기타불명,기타불명,기타불명,기타불명,보행자,여,29세,경상
2015110500100043,2015년 11월 5일 03시,목요일,충청남도 서산시 석남동,경상사고,0,0,1,0,차대차 - 측면직각충돌,안전운전불이행,건조,맑음,교차로 - 교차로부근,승용,여,46세,경상,화물,남,38세,상해없음
2015110500100058,2015년 11월 5일 05시,목요일,충청남도 예산군 오가면,경상사고,0,0,1,0,차대차 - 기타,안전운전불이행,건조,맑음,단일로 - 기타,특수,남,36세,상해없음,자전거,남,80세,경상
2015110500100090,2015년 11월 5일 07시,목요일,충청남도 아산시 탕정면,경상사고,0,0,1,0,차대차 - 측면직각충돌,직진우회전진행방해,건조,맑음,교차로 - 교차로안,승용,남,24세,상해없음,승합,남,30세,경상
2015110500100123,2015년 11월 5일 08시,목요일,충청남도 당진시 원당리,경상사고,0,0,1,0,차대차 - 추돌 - 진행중,신호위반,건조,맑음,교차로 - 교차로안,승용,남,28세,상해없음,승합,남,65세,경상
2015110500100155,2015년 11월 5일 09시,목요일,충청남도 천안시 서북구 성환읍,경상사고,0,0,1,0,차대차 - 추돌 - 진행중,안전운전불이행,건조,맑음,교차로 - 교차로안,승용,여,21세,경상,화물,남,29세,상해없음
2015110500100156,2015년 11월 5일 09시,목요일,충청남도 논산시 은진면,중상사고,0,1,0,0,차량단독 - 기타,안전운전불이행,건조,맑음,단일로 - 기타,승합,남,54세,상해없음,,,,
2015110500100157,2015년 11월 5일 09시,목요일,충청남도 아산시 신창면,중상사고,0,1,0,0,차대차 - 측면직각충돌,불법유턴,건조,맑음,단일로 - 기타,승용,여,44세,상해없음,승용,남,58세,상해없음
2015110500100188,2015년 11월 5일 10시,목요일,충청남도 홍성군 홍동면,경상사고,0,0,1,0,차대차 - 정면충돌,교차로운행방법위반,건조,맑음,교차로 - 교차로안,농기계,남,54세,상해없음,건설기계,남,50세,경상
2015110500100223,2015년 11월 5일 11시,목요일,충청남도 당진시 합덕읍,중상사고,0,1,0,0,차대차 - 추돌 - 진행중,안전운전불이행,건조,맑음,단일로 - 기타,승용,여,51세,상해없음,농기계,남,54세,중상
2015110500100248,2015년 11월 5일 12시,목요일,충청남도 서천군 마서면,중상사고,0,1,1,0,차대차 - 추돌 - 진행중,안전거리미확보,건조,맑음,단일로 - 기타,화물,남,34세,상해없음,승용,남,27세,경상
2015110500100276,2015년 11월 5일 13시,목요일,충청남도 천안시 서북구 입장면,경상사고,0,0,1,0,차대차 - 기타,교차로운행방법위반,건조,맑음,교차로 - 교차로안,승용,남,66세,상해없음,승용,여,57세,경상
2015110500100277,2015년 11월 5일 13시,목요일,충청남도 천안시 동남구 신부동,경상사고,0,0,1,0,차대차 - 추돌 - 주정차중,안전운전불이행,건조,맑음,단일로 - 기타,승용,남,31세,상해없음,화물,남,39세,경상
2015110500100307,2015년 11월 5일 14시,목요일,충청남도 천안시 동남구 목천읍,중상사고,0,1,0,0,차대차 - 측면직각충돌,중앙선침범,건조,맑음,단일로 - 기타,승용,남,49세,상해없음,승용,여,51세,중상
2015110500100341,2015년 11월 5일 15시,목요일,충청남도 예산군 오가면,중상사고,0,1,0,0,차대차 - 기타,안전운전불이행,건조,맑음,단일로 - 기타,승용,남,37세,상해없음,농기계,남,68세,중상
2015110500100424,2015년 11월 5일 17시,목요일,충청남도 당진시 원당리,경상사고,0,0,1,0,차대차 - 측면직각충돌,신호위반,건조,맑음,교차로 - 교차로안,원동기,남,75세,경상,승용,여,34세,상해없음
2015110500100425,2015년 11월 5일 17시,목요일,충청남도 당진시 석문면,중상사고,0,2,0,0,차대차 - 추돌 - 주정차중,안전운전불이행,건조,맑음,교차로 - 교차로부근,화물,남,51세,상해없음,승용,남,62세,중상
2015110500100426,2015년 11월 5일 17시,목요일,충청남도 천안시 동남구 다가동,부상신고사고,0,0,0,1,차대차 - 추돌 - 진행중,교차로운행방법위반,건조,맑음,교차로 - 교차로안,화물,남,34세,상해없음,원동기,남,64세,부상신고
2015110500100427,2015년 11월 5일 17시,목요일,충청남도 천안시 서북구 성거읍,중상사고,0,2,0,0,차량단독 - 전도전복,안전운전불이행,건조,맑음,단일로 - 기타,승용,남,62세,중상,,,,
2015110500100428,2015년 11월 5일 17시,목요일,충청남도 공주시 정안면,경상사고,0,0,1,0,차대차 - 측면직각충돌,차로위반,건조,맑음,단일로 - 기타,화물,남,49세,상해없음,승용,남,26세,경상
2015110500100479,2015년 11월 5일 18시,목요일,충청남도 서산시 동문동,중상사고,0,1,0,0,차대차 - 측면직각충돌,교차로운행방법위반,건조,맑음,교차로 - 교차로안,화물,남,60세,상해없음,승용,여,47세,중상
2015110500100480,2015년 11월 5일 18시,목요일,충청남도 천안시 서북구 직산읍,경상사고,0,0,2,0,차대차 - 기타,교차로운행방법위반,건조,맑음,교차로 - 교차로안,승용,남,35세,상해없음,승용,남,39세,경상
2015110500100529,2015년 11월 5일 19시,목요일,충청남도 서산시 음암면,중상사고,0,1,1,0,차대차 - 추돌 - 주정차중,안전운전불이행,건조,맑음,교차로 - 교차로부근,화물,남,64세,중상,특수,남,46세,경상
2015110500100530,2015년 11월 5일 19시,목요일,충청남도 아산시 탕정면,중상사고,0,1,1,0,차대차 - 정면충돌,중앙선침범,건조,맑음,단일로 - 기타,승용,남,27세,중상,승용,남,37세,경상
2015110500100561,2015년 11월 5일 20시,목요일,충청남도 천안시 서북구 쌍용동,경상사고,0,0,1,0,차대사람 - 횡단중,신호위반,건조,맑음,교차로 - 교차로부근,승용,남,55세,상해없음,보행자,남,56세,경상
2015110500100562,2015년 11월 5일 20시,목요일,충청남도 천안시 서북구 백석동,경상사고,0,0,1,0,차대차 - 측면직각충돌,안전운전불이행,건조,맑음,교차로 - 교차로안,승용,여,59세,상해없음,자전거,남,54세,경상