사고번호,사고일시,요일,시군구,사고내용,사망자수,중상자수,경상자수,부상신고자수,사고유형,법규위반,노면상태,기상상태,도로형태,가해운전자 차종,가해운전자 성별,가해운전자 연령,가해운전자 상해정도,피해운전자 차종,피해운전자 성별,피해운전자 연령,피해운전자 상해정도
2015110900100548,2015년 11월 9일 18시,월요일,충청남도 천안시 서북구 쌍용동,부상신고사고,0,0,0,1,차대차 - 측면직각충돌,기타,건조,맑음,단일로 - 기타,승용,남,52세,상해없음,자전거,남,16세,부상신고
2015110900100549,2015년 11월 9일 18시,월요일,충청남도 보령시 성주면,경상사고,0,0,1,0,차대사람 - 횡단중,안전운전불이행,건조,맑음,단일로 - 기타,승용,남,57세,상해없음,보행자,여,62세,경상
2015110900100550,2015년 11월 9일 18시,월요일,충청남도 공주시 반포면,중상사고,0,1,1,0,차대차 - 추돌 - 진행중,안전운전불이행,건조,맑음,단일로 - 기타,화물,남,51세,상해없음,승용,남,67세,중상
2015110900100552,2015년 11월 9일 18시,월요일,충청남도 예산군 대술면,중상사고,0,3,0,0,차량단독 - 도로외이탈 - 추락,안전운전불이행,습기,비,단일로 - 기타,승용,남,50세,상해없음,,,,
2015110900100553,2015년 11월 9일 18시,월요일,충청남도 당진시 정미면,사망사고,1,0,0,0,차대사람 - 횡단중,안전운전불이행,습기,흐림,단일로 - 기타,화물,남,57세,상해없음,보행자,여,67세,사망
2015110900100554,2015년 11월 9일 18시,월요일,충청남도 당진시 수청리,경상사고,0,0,1,0,차대차 - 추돌 - 주정차중,안전운전불이행,건조,맑음,단일로 - 기타,승용,남,65세,상해없음,승용,남,24세,경상
2015110900100555,2015년 11월 9일 18시,월요일,충청남도 당진시 송악읍,경상사고,0,0,1,0,차대차 - 추돌 - 주정차중,안전운전불이행,건조,맑음,단일로 - 기타,화물,남,54세,상해없음,화물,남,34세,경상
2015110900100670,2015년 11월 9일 21시,월요일,충청남도 서천군 서면,사망사고,1,0,0,0,차대사람 - 차도통행중,안전운전불이행,습기,비,단일로 - 기타,화물,남,33세,상해없음,보행자,남,40세,사망
2015110900100671,2015년 11월 9일 21시,월요일,충청남도 천안시 동남구 풍세면,중상사고,0,1,1,1,차대차 - 추돌 - 진행중,중앙선침범,건조,맑음,단일로 - 교량,승용,남,34세,중상,승합,남,40세,경상
2015110900100699,2015년 11월 9일 22시,월요일,충청남도 서산시 읍내동,중상사고,0,1,0,0,차대차 - 측면직각충돌,교차로운행방법위반,습기,비,교차로 - 교차로안,원동기,남,17세,중상,승용,남,40세,상해없음
2015110900100700,2015년 11월 9일 22시,월요일,충청남도 천안시 동남구 신부동,경상사고,0,0,1,0,차대차 - 추돌 - 진행중,안전운전불이행,건조,맑음,단일로 - 기타,승용,여,22세,상해없음,승용,여,35세,경상
2015111000100007,2015년 11월 10일 00시,화요일,충청남도 태안군 고남면,중상사고,0,1,0,0,차대사람 - 차도통행중,안전운전불이행,건조,맑음,단일로 - 기타,화물,남,48세,상해없음,보행자,남,60세,중상
2015111000100008,2015년 11월 10일 00시,화요일,충청남도 예산군 덕산면,사망사고,1,0,0,0,차대사람 - 기타,안전운전불이행,습기,흐림,교차로 - 교차로부근,화물,남,64세,상해없음,보행자,남,35세,사망
2015111000100106,2015년 11월 10일 07시,화요일,충청남도 당진시 합덕읍,경상사고,0,0,1,0,차대차 - 측면직각충돌,안전운전불이행,건조,맑음,단일로 - 기타,승용,남,23세,상해없음,승용,여,29세,경상
2015111000100183,2015년 11월 10일 09시,화요일,충청남도 공주시 유구읍,경상사고,0,0,1,0,차대차 - 측면직각충돌,안전운전불이행,건조,맑음,교차로 - 교차로안,승용,남,72세,상해없음,이륜,남,68세,경상
2015111000100245,2015년 11월 10일 11시,화요일,충청남도 천안시 동남구 병천면,중상사고,0,1,0,0,차대차 - 추돌 - 진행중,기타,건조,맑음,교차로 - 교차로안,승용,여,55세,상해없음,농기계,남,86세,중상
2015111000100294,2015년 11월 10일 13시,화요일,충청남도 서천군 판교면,중상사고,0,1,1,0,차대차 - 정면충돌,중앙선침범,건조,맑음,단일로 - 기타,승용,남,21세,경상,화물,남,71세,중상
2015111000100295,2015년 11월 10일 13시,화요일,충청남도 당진시 송악읍,중상사고,0,1,0,0,차대차 - 정면충돌,중앙선침범,건조,맑음,단일로 - 기타,승용,남,76세,상해없음,승용,남,47세,중상
2015111000100329,2015년 11월 10일 14시,화요일,충청남도 천안시 동남구 신방동,중상사고,0,1,0,0,차대사람 - 횡단중,안전운전불이행,건조,맑음,교차로 - 교차로안,승용,남,44세,상해없음,보행자,여,65세,중상
2015111000100351,2015년 11월 10일 15시,화요일,충청남도 논산시 연산면,중상사고,0,1,0,0,차대차 - 측면직각충돌,교차로운행방법위반,건조,맑음,교차로 - 교차로안,승용,남,40세,상해없음,이륜,남,73세,중상
2015111000100352,2015년 11월 10일 15시,화요일,충청남도 아산시 음봉면,사망사고,1,0,0,0,차대차 - 측면직각충돌,안전운전불이행,건조,맑음,교차로 - 교차로안,건설기계,남,54세,상해없음,이륜,남,47세,사망
2015111000100353,2015년 11월 10일 15시,화요일,충청남도 아산시 배방읍,경상사고,0,0,1,1,차대차 - 측면직각충돌,안전운전불이행,건조,맑음,단일로 - 기타,원동기,남,44세,부상신고,승용,남,47세,상해없음
2015111000100354,2015년 11월 10일 15시,화요일,충청남도 금산군 금산읍,중상사고,0,1,1,0,차대차 - 추돌 - 진행중,안전거리미확보,건조,맑음,단일로 - 기타,화물,남,70세,상해없음,승합,남,48세,상해없음
2015111000100355,2015년 11월 10일 15시,화요일,충청남도 천안시 동남구 광덕면,중상사고,0,1,0,0,차대차 - 정면충돌,중앙선침범,건조,맑음,교차로 - 교차로부근,건설기계,남,43세,상해없음,화물,남,44세,중상
2015111000100437,2015년 11월 10일 17시,화요일,충청남도 당진시 원당리,경상사고,0,0,1,0,차량단독 - 공작물충돌,안전운전불이행,건조,맑음,교차로 - 교차로안,승용,남,42세,경상,,,,
2015111000100483,2015년 11월 10일 18시,화요일,충청남도 아산시 풍기동,경상사고,0,0,1,0,차대차 - 측면직각충돌,신호위반,건조,맑음,교차로 - 교차로안,승용,여,26세,상해없음,승용,남,38세,경상
2015111000100484,2015년 11월 10일 18시,화요일,충청남도 아산시 탕정면,경상사고,0,0,2,0,차대차 - 측면직각충돌,신호위반,건조,맑음,교차로 - 교차로안,이륜,남,35세,경상,승용,남,35세,경상
2015111000100485,2015년 11월 10일 18시,화요일,충청남도 예산군 오가면,사망사고,1,0,0,0,차대차 - 기타,안전운전불이행,건조,맑음,단일로 - 기타,승용,여,46세,상해없음,농기계,남,75세,사망
2015111000100486,2015년 11월 10일 18시,화요일,충청남도 당진시 읍내리,중상사고,0,1,0,0,차대사람 - 차도통행중,안전운전불이행,건조,맑음,교차로 - 교차로부근,이륜,남,42세,상해없음,보행자,남,12세,중상
2015111000100487,2015년 11월 10일 18시,화요일,충청남도 당진시 송악읍,경상사고,0,0,1,0,차대차 - 추돌 - 진행중,안전운전불이행,건조,맑음,단일로 - 기타,승용,남,43세,상해없음,화물,남,55세,경상
2015111000100488,2015년 11월 10일 18시,화요일,충청남도 천안시 동남구 신부동,경상사고,0,0,5,0,차대차 - 추돌 - 주정차중,안전운전불이행,건조,맑음,단일로 - 기타,승용,남,19세,상해없음,승용,여,26세,경상
2015111000100527,2015년 11월 10일 19시,화요일,충청남도 천안시 서북구 성거읍,경상사고,0,0,1,0,차대차 - 기타,안전운전불이행,건조,맑음,교차로 - 교차로안,승용,남,57세,상해없음,승용,여,52세,경상
2015111000100528,2015년 11월 10일 19시,화요일,충청남도 아산시 둔포면,중상사고,0,1,0,0,차대차 - 기타,안전운전불이행,건조,맑음,단일로 - 기타,승용,남,47세,상해없음,승용,남,43세,중상
2015111000100529,2015년 11월 10일 19시,화요일,충청남도 아산시 온천동,중상사고,0,1,0,0,차대차 - 정면충돌,안전운전불이행,건조,맑음,기타 - 기타,원동기,남,44세,상해없음,자전거,남,19세,중상
2015111000100564,2015년 11월 10일 20시,화요일,충청남도 예산군 예산읍,중상사고,0,1,1,0,차대차 - 측면직각충돌,직진우회전진행방해,건조,맑음,교차로 - 교차로안,승용,남,51세,상해없음,승용,여,38세,경상
2015111000100602,2015년 11월 10일 21시,화요일,충청남도 천안시 서북구 성환읍,경상사고,0,0,1,0,차대차 - 측면직각충돌,안전운전불이행,건조,맑음,단일로 - 기타,승용,남,50세,상해없음,승용,남,45세,경상
2015111000100663,2015년 11월 10일 23시,화요일,충청남도 공주시 신관동,중상사고,0,1,3,0,차대차 - 추돌 - 주정차중,안전운전불이행,건조,맑음,교차로 - 교차로부근,승용,남,49세,상해없음,승용,남,22세,경상
2015111100100040,2015년 11월 11일 02시,수요일,충청남도 논산시 부적면,경상사고,0,0,1,0,차량단독 - 기타,안전운전불이행,건조,맑음,단일로 - 기타,이륜,남,17세,상해없음,,,,
2015111100100188,2015년 11월 11일 09시,수요일,충청남도 공주시 유구읍,경상사고,0,0,1,0,차대차 - 기타,안전운전불이행,건조,맑음,단일로 - 기타,농기계,남,75세,경상,승용,여,50세,상해없음
2015111100100211,2015년 11월 11일 10시,수요일,충청남도 천안시 동남구 청당동,경상사고,0,0,1,0,차대차 - 측면직각충돌,안전운전불이행,건조,맑음,교차로 - 교차로부근,승합,남,33세,상해없음,승용,남,44세,경상
2015111100100248,2015년 11월 11일 11시,수요일,충청남도 공주시 이인면,중상사고,0,1,0,0,차대사람 - 기타,기타,건조,맑음,단일로 - 기타,승합,남,56세,상해없음,보행자,여,77세,중상
2015111100100304,2015년 11월 11일 13시,수요일,충청남도 서산시 동문동,중상사고,0,1,0,0,차대차 - 측면직각충돌,안전운전불이행,건조,맑음,교차로 - 교차로안,승용,여,22세,상해없음,이륜,남,70세,중상
2015111100100378,2015년 11월 11일 15시,수요일,충청남도 천안시 서북구 쌍용동,중상사고,0,1,0,0,차대차 - 기타,안전운전불이행,건조,맑음,교차로 - 교차로부근,자전거,남,13세,상해없음,자전거,남,13세,중상
2015111100100379,2015년 11월 11일 15시,수요일,충청남도 천안시 서북구 직산읍,경상사고,0,0,1,0,차대사람 - 기타,안전운전불이행,건조,맑음,단일로 - 기타,승용,여,37세,상해없음,보행자,남,9세,경상
2015111100100380,2015년 11월 11일 15시,수요일,충청남도 천안시 동남구 구성동,경상사고,0,0,1,0,차대차 - 측면직각충돌,안전운전불이행,건조,맑음,교차로 - 교차로부근,이륜,여,27세,경상,승용,여,46세,상해없음
2015111100100430,2015년 11월 11일 17시,수요일,충청남도 태안군 남면,중상사고,0,2,1,0,차대차 - 정면충돌,안전운전불이행,건조,맑음,단일로 - 기타,건설기계,남,35세,상해없음,승용,남,67세,중상
2015111100100431,2015년 11월 11일 17시,수요일,충청남도 아산시 권곡동,중상사고,0,1,0,0,차대사람 - 보도통행중,보행자보호의무위반,건조,맑음,교차로 - 교차로안,승용,남,35세,상해없음,보행자,여,53세,중상
2015111100100497,2015년 11월 11일 18시,수요일,충청남도 서산시 대산읍,경상사고,0,0,1,0,차대차 - 정면충돌,신호위반,건조,맑음,교차로 - 교차로안,자전거,남,61세,경상,승용,여,46세,상해없음
2015111100100498,2015년 11월 11일 18시,수요일,충청남도 천안시 서북구 쌍용동,중상사고,0,1,0,0,차대사람 - 기타,안전운전불이행,건조,맑음,교차로 - 교차로부근,승용,남,49세,상해없음,보행자,여,41세,중상
2015111100100499,2015년 11월 11일 18시,수요일,충청남도 천안시 서북구 쌍용동,경상사고,0,0,2,0,차대차 - 기타,차로위반,건조,맑음,교차로 - 교차로부근,승용,남,63세,상해없음,승용,남,51세,경상
2015111100100500,2015년 11월 11일 18시,수요일,충청남도 청양군 정산면,경상사고,0,0,2,0,차대차 - 측면직각충돌,안전운전불이행,건조,맑음,교차로 - 교차로안,승용,여,46세,경상,승합,남,38세,경상
2015111100100562,2015년 11월 11일 19시,수요일,충청남도 천안시 서북구 불당동,경상사고,0,0,3,0,차대차 - 추돌 - 진행중,안전운전불이행,건조,맑음,단일로 - 기타,승용,남,37세,상해없음,승용,여,46세,경상
2015111100100563,2015년 11월 11일 19시,수요일,충청남도 천안시 서북구 백석동,경상사고,0,0,1,0,차대차 - 측면직각충돌,신호위반,건조,맑음,단일로 - 횡단보도상,승용,남,30세,상해없음,자전거,남,10세,경상
2015111100100564,2015년 11월 11일 19시,수요일,충청남도 홍성군 홍성읍,중상사고,0,1,3,0,차대차 - 추돌 - 진행중,교차로운행방법위반,건조,맑음,교차로 - 교차로안,승용,여,72세,경상,승용,남,48세,경상
2015111100100565,2015년 11월 11일 19시,수요일,충청남도 천안시 동남구 신방동,사망사고,1,0,0,0,차대차 - 측면직각충돌,안전운전불이행,건조,맑음,단일로 - 기타,승용,남,23세,상해없음,자전거,남,22세,사망
2015111100100566,2015년 11월 11일 19시,수요일,충청남도 천안시 동남구 용곡동,중상사고,0,1,1,0,차대차 - 추돌 - 진행중,안전거리미확보,건조,맑음,단일로 - 기타,건설기계,남,55세,상해없음,승용,여,38세,경상
2015111200100013,2015년 11월 12일 00시,목요일,충청남도 천안시 서북구 백석동,경상사고,0,0,1,0,차대차 - 기타,신호위반,건조,맑음,교차로 - 교차로안,승용,남,36세,상해없음,승용,남,29세,경상
2015111200100060,2015년 11월 12일 04시,목요일,충청남도 천안시 서북구 성정동,경상사고,0,0,3,0,차대차 - 추돌 - 주정차중,안전운전불이행,건조,맑음,단일로 - 기타,승용,남,25세,상해없음,승용,남,57세,경상
2015111200100070,2015년 11월 12일 05시,목요일,충청남도 서산시 동문동,경상사고,0,0,1,0,차대차 - 추돌 - 진행중,직진우회전진행방해,건조,맑음,교차로 - 교차로안,승용,여,64세,상해없음,원동기,여,50세,경상
2015111200100071,2015년 11월 12일 05시,목요일,충청남도 천안시 서북구 성정동,경상사고,0,0,1,0,차대차 - 추돌 - 주정차중,안전운전불이행,건조,맑음,단일로 - 기타,승용,남,31세,상해없음,승용,남,54세,경상
2015111200100144,2015년 11월 12일 08시,목요일,충청남도 홍성군 홍성읍,경상사고,0,0,1,0,차대사람 - 기타,보행자보호의무위반,건조,맑음,단일로 - 기타,승합,여,34세,상해없음,보행자,남,8세,경상
2015111200100145,2015년 11월 12일 08시,목요일,충청남도 아산시 온천동,경상사고,0,0,1,0,차대사람 - 횡단중,안전운전불이행,건조,맑음,교차로 - 교차로부근,승용,기타불명,기타불명,기타불명,보행자,남,8세,경상
2015111200100146,2015년 11월 12일 08시,목요일,충청남도 예산군 덕산면,경상사고,0,0,1,0,차대차 - 추돌 - 진행중,직진우회전진행방해,건조,맑음,교차로 - 교차로안,승합,남,58세,상해없음,승용,여,61세,경상
2015111200100189,2015년 11월 12일 09시,목요일,충청남도 아산시 배방읍,경상사고,0,0,1,0,차대차 - 기타,안전운전불이행,건조,맑음,기타 - 기타,승용,여,34세,상해없음,승용,여,46세,경상
2015111200100190,2015년 11월 12일 09시,목요일,충청남도 천안시 동남구 대흥동,중상사고,0,2,0,0,차대차 - 측면직각충돌,안전운전불이행,건조,맑음,단일로 - 기타,승용,남,44세,상해없음,이륜,남,70세,중상
2015111200100263,2015년 11월 12일 11시,목요일,충청남도 태안군 남면,중상사고,0,1,3,0,차대차 - 측면직각충돌,안전운전불이행,건조,맑음,교차로 - 교차로안,화물,남,31세,상해없음,승용,남,57세,경상
2015111200100293,2015년 11월 12일 12시,목요일,충청남도 논산시 취암동,경상사고,0,0,1,0,차대차 - 기타,교차로운행방법위반,건조,맑음,교차로 - 교차로안,승용,여,35세,상해없음,자전거,남,70세,경상
2015111200100348,2015년 11월 12일 14시,목요일,충청남도 부여군 규암면,경상사고,0,0,1,0,차대사람 - 기타,안전운전불이행,건조,맑음,단일로 - 기타,화물,남,69세,상해없음,보행자,여,63세,경상
2015111200100349,2015년 11월 12일 14시,목요일,충청남도 천안시 동남구 신방동,중상사고,0,1,0,0,차대사람 - 기타,보행자보호의무위반,건조,맑음,단일로 - 횡단보도상,승용,남,39세,상해없음,보행자,여,10세,중상
2015111200100387,2015년 11월 12일 15시,목요일,충청남도 아산시 온천동,경상사고,0,0,1,0,차대차 - 측면직각충돌,직진우회전진행방해,건조,맑음,교차로 - 교차로안,이륜,남,66세,경상,승용,남,31세,상해없음
2015111200100388,2015년 11월 12일 15시,목요일,충청남도 서천군 서천읍,부상신고사고,0,0,0,1,차대차 - 추돌 - 진행중,안전거리미확보,건조,맑음,단일로 - 기타,원동기,남,48세,부상신고,승용,남,36세,상해없음
2015111200100414,2015년 11월 12일 16시,목요일,충청남도 아산시 온천동,중상사고,0,2,2,0,차대차 - 측면직각충돌,안전운전불이행,건조,맑음,교차로 - 교차로안,승용,남,37세,상해없음,승용,남,32세,중상
2015111200100415,2015년 11월 12일 16시,목요일,충청남도 서천군 장항읍,경상사고,0,0,1,0,차대차 - 기타,안전거리미확보,건조,맑음,교차로 - 교차로안,화물,남,56세,상해없음,승용,여,52세,경상
2015111200100521,2015년 11월 12일 18시,목요일,충청남도 계룡시 금암동,중상사고,0,1,0,0,차대차 - 측면직각충돌,안전운전불이행,건조,맑음,교차로 - 교차로부근,승용,남,46세,상해없음,자전거,남,11세,중상
2015111200100522,2015년 11월 12일 18시,목요일,충청남도 예산군 예산읍,중상사고,0,1,0,0,차대차 - 추돌 - 진행중,안전운전불이행,건조,맑음,단일로 - 기타,승용,남,45세,상해없음,승용,남,38세,중상
2015111200100523,2015년 11월 12일 18시,목요일,충청남도 당진시 읍내리,중상사고,0,1,0,0,차대차 - 측면직각충돌,교차로운행방법위반,건조,맑음,교차로 - 교차로안,승용,남,38세,상해없음,원동기,남,18세,중상
2015111200100569,2015년 11월 12일 19시,목요일,충청남도 홍성군 홍성읍,경상사고,0,0,1,0,차대차 - 기타,안전운전불이행,건조,흐림,단일로 - 기타,승용,남,26세,상해없음,승용,남,34세,경상
2015111200100570,2015년 11월 12일 19시,목요일,충청남도 아산시 신창면,중상사고,0,1,0,0,차대사람 - 횡단중,안전운전불이행,건조,맑음,단일로 - 기타,승용,남,31세,상해없음,보행자,남,58세,중상
2015111200100615,2015년 11월 12일 20시,목요일,충청남도 아산시 배방읍,경상사고,0,0,1,0,차대차 - 측면직각충돌,안전운전불이행,건조,맑음,교차로 - 교차로안,승용,여,43세,상해없음,승용,남,48세,상해없음
2015111200100707,2015년 11월 12일 23시,목요일,충청남도 예산군 응봉면,경상사고,0,0,1,0,차대차 - 측면직각충돌,직진우회전진행방해,건조,맑음,교차로 - 교차로부근,승용,남,35세,상해없음,화물,남,47세,경상
2015111300100029,2015년 11월 13일 01시,금요일,충청남도 아산시 온천동,경상사고,0,0,1,0,차대차 - 측면직각충돌,신호위반,습기,비,교차로 - 교차로안,승용,남,43세,상해없음,승용,남,35세,경상
2015111300100046,2015년 11월 13일 02시,금요일,충청남도 천안시 서북구 두정동,경상사고,0,0,1,1,차대차 - 측면직각충돌,신호위반,건조,흐림,교차로 - 교차로안,승용,남,67세,부상신고,승용,남,39세,경상
2015111300100056,2015년 11월 13일 03시,금요일,충청남도 천안시 서북구 성환읍,중상사고,0,3,2,0,차량단독 - 공작물충돌,안전운전불이행,건조,맑음,단일로 - 기타,승용,남,24세,중상,,,,
2015111300100057,2015년 11월 13일 03시,금요일,충청남도 공주시 이인면,경상사고,0,0,1,0,차대차 - 측면직각충돌,안전운전불이행,건조,맑음,단일로 - 기타,승합,남,42세,상해없음,화물,남,54세,경상
2015111300100102,2015년 11월 13일 06시,금요일,충청남도 예산군 대흥면,중상사고,0,2,0,0,차대차 - 추돌 - 주정차중,안전운전불이행,건조,맑음,단일로 - 기타,화물,남,49세,상해없음,화물,남,33세,중상
2015111300100206,2015년 11월 13일 09시,금요일,충청남도 서천군 장항읍,경상사고,0,0,1,0,차대차 - 측면직각충돌,안전운전불이행,습기,비,단일로 - 기타,승용,남,41세,상해없음,이륜,남,77세,경상
2015111300100207,2015년 11월 13일 09시,금요일,충청남도 공주시 유구읍,중상사고,0,1,0,0,차대차 - 측면직각충돌,안전운전불이행,습기,비,교차로 - 교차로안,화물,남,38세,상해없음,이륜,남,52세,중상
2015111300100271,2015년 11월 13일 11시,금요일,충청남도 서산시 부석면,중상사고,0,1,0,0,차대사람 - 기타,안전운전불이행,습기,비,단일로 - 기타,승용,여,50세,상해없음,보행자,남,37세,중상
2015111300100272,2015년 11월 13일 11시,금요일,충청남도 예산군 응봉면,경상사고,0,0,1,0,차대차 - 추돌 - 진행중,신호위반,습기,비,단일로 - 기타,화물,남,42세,상해없음,승용,남,29세,경상
2015111300100299,2015년 11월 13일 12시,금요일,충청남도 태안군 태안읍,중상사고,0,1,0,0,차대차 - 추돌 - 주정차중,안전운전불이행,습기,비,교차로 - 교차로부근,화물,남,55세,상해없음,승용,남,42세,중상
2015111300100333,2015년 11월 13일 13시,금요일,충청남도 태안군 근흥면,중상사고,0,1,0,0,차대차 - 정면충돌,중앙선침범,습기,비,단일로 - 기타,승용,남,79세,상해없음,승용,여,45세,중상
2015111300100334,2015년 11월 13일 13시,금요일,충청남도 공주시 신관동,경상사고,0,0,1,0,차대차 - 측면직각충돌,안전거리미확보,습기,비,단일로 - 기타,승용,남,58세,기타불명,이륜,남,38세,경상
2015111300100372,2015년 11월 13일 14시,금요일,충청남도 천안시 서북구 성정동,중상사고,0,4,1,0,차대차 - 기타,중앙선침범,습기,비,단일로 - 기타,승용,여,66세,중상,승용,남,35세,중상
2015111300100373,2015년 11월 13일 14시,금요일,충청남도 아산시 배방읍,경상사고,0,0,3,0,차대차 - 측면직각충돌,안전운전불이행,습기,흐림,교차로 - 교차로안,승용,여,43세,기타불명,승용,여,41세,경상
2015111300100374,2015년 11월 13일 14시,금요일,충청남도 논산시 채운면,경상사고,0,0,1,0,차대차 - 추돌 - 진행중,차로위반,습기,비,단일로 - 기타,승용,남,66세,상해없음,승합,남,47세,상해없음
2015111300100435,2015년 11월 13일 16시,금요일,충청남도 아산시 배방읍,경상사고,0,0,1,0,차대차 - 추돌 - 진행중,안전운전불이행,습기,비,미분류 - 미분류,승용,남,42세,상해없음,승용,여,34세,경상
2015111300100436,2015년 11월 13일 16시,금요일,충청남도 보령시 신흑동,중상사고,0,1,0,0,차대사람 - 기타,안전운전불이행,습기,비,교차로 - 교차로부근,승용,남,28세,상해없음,보행자,남,49세,중상
2015111300100600,2015년 11월 13일 18시,금요일,충청남도 서산시 동문동,경상사고,0,0,3,0,차대차 - 측면직각충돌,교차로운행방법위반,습기,비,교차로 - 교차로안,승용,남,25세,경상,승용,남,68세,상해없음
2015111300100601,2015년 11월 13일 18시,금요일,충청남도 천안시 서북구 두정동,경상사고,0,0,1,0,차대차 - 측면직각충돌,교차로운행방법위반,건조,맑음,교차로 - 교차로안,승용,여,53세,상해없음,승용,남,31세,경상
2015111300100602,2015년 11월 13일 18시,금요일,충청남도 예산군 신암면,사망사고,1,0,0,0,차대사람 - 길가장자리구역통행중,안전운전불이행,습기,비,교차로 - 교차로안,승용,여,46세,상해없음,보행자,여,65세,사망
2015111300100603,2015년 11월 13일 18시,금요일,충청남도 당진시 채운동,경상사고,0,0,3,0,차대차 - 기타,안전운전불이행,습기,비,교차로 - 교차로부근,승용,남,64세,상해없음,승용,남,23세,경상
2015111300100604,2015년 11월 13일 18시,금요일,충청남도 당진시 우강면,경상사고,0,0,1,0,차대사람 - 길가장자리구역통행중,안전운전불이행,건조,맑음,단일로 - 기타,기타불명,기타불명,기타불명,기타불명,보행자,여,61세,경상
2015111300100605,2015년 11월 13일 18시,금요일,충청남도 당진시 읍내리,경상사고,0,0,1,0,차대차 - 추돌 - 주정차중,안전운전불이행,습기,비,단일로 - 기타,승용,남,74세,경상,화물,남,51세,기타불명
2015111300100689,2015년 11월 13일 19시,금요일,충청남도 천안시 서북구 성정동,경상사고,0,0,1,0,차대차 - 추돌 - 진행중,안전운전불이행,건조,맑음,단일로 - 기타,승용,남,47세,상해없음,승용,남,51세,경상
2015111300100690,2015년 11월 13일 19시,금요일,충청남도 보령시 동대동,경상사고,0,0,2,0,차대차 - 기타,안전운전불이행,습기,비,교차로 - 교차로부근,승용,남,55세,상해없음,승용,남,29세,경상
2015111300100691,2015년 11월 13일 19시,금요일,충청남도 예산군 덕산면,중상사고,0,1,1,0,차대차 - 기타,직진우회전진행방해,습기,비,교차로 - 교차로안,기타불명,기타불명,기타불명,기타불명,승용,여,46세,경상
2015111300100692,2015년 11월 13일 19시,금요일,충청남도 당진시 원당리,경상사고,0,0,1,0,차대차 - 기타,안전운전불이행,습기,비,교차로 - 교차로안,승용,남,43세,상해없음,이륜,남,29세,경상
2015111300100764,2015년 11월 13일 20시,금요일,충청남도 아산시 실옥동,경상사고,0,0,1,0,차대차 - 측면직각충돌,안전운전불이행,습기,비,교차로 - 교차로안,승용,남,30세,상해없음,원동기,남,16세,경상
2015111300100765,2015년 11월 13일 20시,금요일,충청남도 아산시 염치읍,중상사고,0,1,0,0,차대사람 - 기타,안전운전불이행,습기,비,단일로 - 기타,화물,남,56세,상해없음,보행자,남,49세,중상
2015111300100766,2015년 11월 13일 20시,금요일,충청남도 아산시 둔포면,중상사고,0,1,0,0,차대사람 - 기타,안전운전불이행,습기,비,교차로 - 교차로안,승용,남,26세,상해없음,보행자,여,36세,중상
2015111300100767,2015년 11월 13일 20시,금요일,충청남도 보령시 웅천읍,중상사고,0,1,0,0,차대사람 - 길가장자리구역통행중,안전운전불이행,습기,비,단일로 - 기타,승용,남,51세,상해없음,보행자,남,64세,중상
2015111300100768,2015년 11월 13일 20시,금요일,충청남도 공주시 신관동,중상사고,0,1,0,1,차대사람 - 횡단중,신호위반,습기,비,교차로 - 교차로안,이륜,남,18세,부상신고,보행자,남,55세,중상
2015111300100827,2015년 11월 13일 21시,금요일,충청남도 천안시 동남구 봉명동,경상사고,0,0,1,0,차대차 - 추돌 - 주정차중,안전운전불이행,습기,비,단일로 - 기타,승용,남,28세,상해없음,승용,여,43세,경상
2015111300100885,2015년 11월 13일 22시,금요일,충청남도 아산시 음봉면,사망사고,1,0,0,0,차대사람 - 횡단중,신호위반,습기,비,교차로 - 교차로부근,승용,남,24세,상해없음,보행자,남,69세,사망
2015111300100886,2015년 11월 13일 22시,금요일,충청남도 공주시 옥룡동,부상신고사고,0,0,0,1,차대차 - 추돌 - 주정차중,안전운전불이행,습기,비,단일로 - 기타,화물,남,49세,부상신고,화물,남,47세,기타불명
2015111300100945,2015년 11월 13일 23시,금요일,충청남도 천안시 서북구 백석동,중상사고,0,1,0,0,차량단독 - 전도전복,안전운전불이행,습기,비,단일로 - 기타,승용,남,45세,상해없음,,,,
2015111300100946,2015년 11월 13일 23시,금요일,충청남도 아산시 권곡동,중상사고,0,1,1,0,차대차 - 측면직각충돌,신호위반,습기,비,교차로 - 교차로안,승용,남,26세,상해없음,승용,남,56세,중상
2015111300100947,2015년 11월 13일 23시,금요일,충청남도 천안시 동남구 원성동,경상사고,0,0,1,0,차대사람 - 기타,안전운전불이행,습기,비,단일로 - 기타,승용,남,54세,상해없음,보행자,여,37세,경상
2015111400100028,2015년 11월 14일 00시,토요일,충청남도 천안시 동남구 신부동,중상사고,0,1,0,0,차대사람 - 횡단중,보행자보호의무위반,습기,비,교차로 - 교차로부근,승용,남,51세,상해없음,보행자,여,23세,중상
2015111400100065,2015년 11월 14일 01시,토요일,충청남도 천안시 동남구 대흥동,경상사고,0,0,1,0,차대사람 - 기타,안전운전불이행,습기,비,단일로 - 기타,기타불명,기타불명,기타불명,기타불명,보행자,남,19세,경상