사고번호,사고일시,요일,시군구,사고내용,사망자수,중상자수,경상자수,부상신고자수,사고유형,법규위반,노면상태,기상상태,도로형태,가해운전자 차종,가해운전자 성별,가해운전자 연령,가해운전자 상해정도,피해운전자 차종,피해운전자 성별,피해운전자 연령,피해운전자 상해정도
2015111400100066,2015년 11월 14일 01시,토요일,충청남도 공주시 탄천면,경상사고,0,0,4,1,차대차 - 기타,안전운전불이행,습기,비,단일로 - 기타,화물,남,45세,부상신고,승용,여,32세,경상
2015111400100131,2015년 11월 14일 03시,토요일,충청남도 천안시 서북구 두정동,경상사고,0,0,3,0,차대차 - 추돌 - 주정차중,안전운전불이행,건조,맑음,교차로 - 교차로부근,승용,남,21세,상해없음,승용,여,46세,경상
2015111400100198,2015년 11월 14일 06시,토요일,충청남도 예산군 예산읍,경상사고,0,0,1,0,차량단독 - 공작물충돌,안전운전불이행,습기,비,단일로 - 교량,승용,남,52세,상해없음,,,,
2015111400100218,2015년 11월 14일 07시,토요일,충청남도 태안군 남면,경상사고,0,0,1,0,차대차 - 추돌 - 주정차중,안전운전불이행,건조,맑음,단일로 - 기타,승용,남,64세,상해없음,승용,남,43세,상해없음
2015111400100245,2015년 11월 14일 08시,토요일,충청남도 천안시 서북구 성거읍,경상사고,0,0,1,0,차대차 - 기타,안전운전불이행,습기,비,단일로 - 기타,승용,남,46세,상해없음,자전거,남,12세,경상
2015111400100246,2015년 11월 14일 08시,토요일,충청남도 부여군 외산면,중상사고,0,1,0,0,차대차 - 추돌 - 진행중,안전운전불이행,건조,맑음,단일로 - 기타,화물,남,27세,상해없음,이륜,여,74세,중상
2015111400100274,2015년 11월 14일 09시,토요일,충청남도 홍성군 홍성읍,경상사고,0,0,3,0,차대차 - 측면직각충돌,교차로운행방법위반,건조,맑음,교차로 - 교차로안,승용,남,57세,상해없음,승용,여,36세,경상
2015111400100308,2015년 11월 14일 10시,토요일,충청남도 홍성군 홍성읍,중상사고,0,1,0,0,차대차 - 기타,교차로운행방법위반,건조,흐림,교차로 - 교차로안,화물,남,71세,상해없음,자전거,남,66세,중상
2015111400100309,2015년 11월 14일 10시,토요일,충청남도 부여군 옥산면,중상사고,0,2,1,0,차대차 - 측면직각충돌,직진우회전진행방해,습기,비,교차로 - 교차로안,화물,남,69세,상해없음,화물,여,46세,경상
2015111400100310,2015년 11월 14일 10시,토요일,충청남도 천안시 동남구 목천읍,경상사고,0,0,1,0,차대차 - 추돌 - 진행중,안전거리미확보,건조,맑음,단일로 - 기타,승용,남,55세,상해없음,승용,남,38세,경상
2015111400100341,2015년 11월 14일 11시,토요일,충청남도 금산군 진산면,경상사고,0,0,1,0,차대차 - 측면직각충돌,중앙선침범,습기,비,단일로 - 기타,화물,남,47세,상해없음,화물,남,67세,경상
2015111400100397,2015년 11월 14일 13시,토요일,충청남도 청양군 비봉면,경상사고,0,0,1,0,차대차 - 측면직각충돌,직진우회전진행방해,건조,맑음,교차로 - 교차로안,이륜,남,70세,경상,승용,남,53세,상해없음
2015111400100469,2015년 11월 14일 15시,토요일,충청남도 태안군 안면읍,중상사고,0,1,0,0,차대차 - 측면직각충돌,직진우회전진행방해,건조,맑음,교차로 - 교차로안,승용,여,55세,상해없음,이륜,남,75세,중상
2015111400100470,2015년 11월 14일 15시,토요일,충청남도 천안시 서북구 성환읍,경상사고,0,0,2,0,차대차 - 추돌 - 주정차중,교차로운행방법위반,건조,맑음,교차로 - 교차로안,승합,남,52세,상해없음,승용,여,29세,경상
2015111400100471,2015년 11월 14일 15시,토요일,충청남도 천안시 서북구 직산읍,사망사고,1,0,0,0,차량단독 - 기타,안전운전불이행,건조,흐림,교차로 - 교차로부근,농기계,남,75세,상해없음,,,,
2015111400100503,2015년 11월 14일 16시,토요일,충청남도 서산시 지곡면,경상사고,0,0,3,0,차대차 - 측면직각충돌,불법유턴,습기,비,단일로 - 기타,승용,여,51세,경상,화물,남,55세,경상
2015111400100551,2015년 11월 14일 17시,토요일,충청남도 서산시 음암면,경상사고,0,0,1,0,차대차 - 정면충돌,중앙선침범,건조,맑음,미분류 - 미분류,화물,남,55세,상해없음,승용,남,31세,경상
2015111400100552,2015년 11월 14일 17시,토요일,충청남도 천안시 서북구 부대동,중상사고,0,1,0,0,차대사람 - 횡단중,안전운전불이행,건조,맑음,단일로 - 기타,승용,남,45세,상해없음,보행자,여,78세,중상
2015111400100554,2015년 11월 14일 17시,토요일,충청남도 금산군 군북면,경상사고,0,0,1,0,차대사람 - 횡단중,과속,건조,흐림,단일로 - 기타,승용,남,28세,상해없음,보행자,여,57세,경상
2015111400100555,2015년 11월 14일 17시,토요일,충청남도 천안시 동남구 원성동,경상사고,0,0,2,0,차대차 - 추돌 - 주정차중,신호위반,건조,맑음,교차로 - 교차로안,승용,남,57세,상해없음,승용,남,19세,경상
2015111400100620,2015년 11월 14일 18시,토요일,충청남도 천안시 서북구 성환읍,경상사고,0,0,1,0,차대차 - 기타,안전운전불이행,건조,맑음,단일로 - 기타,특수,남,40세,상해없음,승합,여,40세,경상
2015111400100621,2015년 11월 14일 18시,토요일,충청남도 서천군 장항읍,경상사고,0,0,1,0,차대사람 - 차도통행중,안전운전불이행,건조,맑음,단일로 - 기타,승용,남,71세,상해없음,보행자,여,63세,경상
2015111400100662,2015년 11월 14일 19시,토요일,충청남도 서산시 읍내동,부상신고사고,0,0,0,1,차대차 - 측면직각충돌,안전운전불이행,건조,맑음,교차로 - 교차로안,자전거,남,15세,부상신고,승용,여,34세,상해없음
2015111400100663,2015년 11월 14일 19시,토요일,충청남도 아산시 풍기동,경상사고,0,0,2,0,차대차 - 측면직각충돌,안전운전불이행,건조,맑음,교차로 - 교차로안,승합,남,50세,경상,화물,남,61세,경상
2015111400100707,2015년 11월 14일 20시,토요일,충청남도 천안시 서북구 성정동,경상사고,0,0,1,0,차대차 - 기타,안전거리미확보,건조,맑음,단일로 - 기타,승용,남,51세,상해없음,승합,남,28세,상해없음
2015111400100772,2015년 11월 14일 22시,토요일,충청남도 논산시 강산동,중상사고,0,1,0,0,차대차 - 추돌 - 진행중,안전거리미확보,건조,맑음,교차로 - 교차로안,승용,남,29세,상해없음,승용,남,67세,중상
2015111500100033,2015년 11월 15일 01시,일요일,충청남도 천안시 동남구 성황동,경상사고,0,0,1,0,차대차 - 측면직각충돌,신호위반,건조,맑음,교차로 - 교차로안,승용,남,26세,상해없음,승용,남,55세,상해없음
2015111500100043,2015년 11월 15일 02시,일요일,충청남도 홍성군 광천읍,경상사고,0,0,1,0,차대사람 - 기타,안전운전불이행,건조,맑음,단일로 - 기타,승용,기타불명,기타불명,기타불명,보행자,남,17세,경상
2015111500100044,2015년 11월 15일 02시,일요일,충청남도 아산시 둔포면,경상사고,0,0,1,0,차대차 - 추돌 - 주정차중,안전운전불이행,건조,맑음,단일로 - 기타,승합,남,24세,경상,화물,남,58세,기타불명
2015111500100058,2015년 11월 15일 03시,일요일,충청남도 천안시 서북구 성정동,경상사고,0,0,1,0,차대차 - 추돌 - 주정차중,안전운전불이행,건조,맑음,교차로 - 교차로부근,승용,남,29세,상해없음,승용,남,59세,경상
2015111500100074,2015년 11월 15일 04시,일요일,충청남도 서산시 석남동,중상사고,0,1,1,0,차대차 - 측면직각충돌,직진우회전진행방해,습기,흐림,교차로 - 교차로안,승용,남,25세,상해없음,승용,남,56세,상해없음
2015111500100075,2015년 11월 15일 04시,일요일,충청남도 공주시 신관동,중상사고,0,1,0,0,차대사람 - 차도통행중,안전운전불이행,습기,흐림,교차로 - 교차로안,승용,남,22세,상해없음,보행자,남,20세,중상
2015111500100088,2015년 11월 15일 05시,일요일,충청남도 천안시 서북구 두정동,중상사고,0,1,0,0,차대차 - 측면직각충돌,직진우회전진행방해,건조,맑음,교차로 - 교차로안,승용,남,21세,상해없음,승용,남,28세,상해없음
2015111500100097,2015년 11월 15일 06시,일요일,충청남도 논산시 연무읍,경상사고,0,0,1,0,차대차 - 추돌 - 주정차중,안전운전불이행,건조,흐림,교차로 - 교차로안,승용,남,55세,상해없음,승용,남,57세,경상
2015111500100116,2015년 11월 15일 08시,일요일,충청남도 예산군 예산읍,중상사고,0,1,0,0,차대차 - 기타,직진우회전진행방해,건조,맑음,교차로 - 교차로안,승용,여,55세,상해없음,자전거,남,66세,중상
2015111500100134,2015년 11월 15일 09시,일요일,충청남도 홍성군 홍성읍,경상사고,0,0,1,0,차대차 - 측면직각충돌,중앙선침범,건조,맑음,교차로 - 교차로안,승용,남,44세,상해없음,승용,남,37세,경상
2015111500100155,2015년 11월 15일 10시,일요일,충청남도 공주시 의당면,경상사고,0,0,1,1,차대차 - 측면직각충돌,직진우회전진행방해,건조,맑음,교차로 - 교차로안,승용,남,28세,부상신고,화물,남,28세,경상
2015111500100237,2015년 11월 15일 13시,일요일,충청남도 천안시 서북구 두정동,경상사고,0,0,1,0,차대사람 - 횡단중,안전운전불이행,건조,맑음,단일로 - 기타,승용,남,35세,상해없음,보행자,여,25세,경상
2015111500100238,2015년 11월 15일 13시,일요일,충청남도 천안시 서북구 성정동,부상신고사고,0,0,0,1,차대사람 - 길가장자리구역통행중,안전운전불이행,건조,맑음,단일로 - 기타,승용,남,36세,상해없음,보행자,남,19세,부상신고
2015111500100239,2015년 11월 15일 13시,일요일,충청남도 금산군 복수면,중상사고,0,2,5,0,차대차 - 정면충돌,중앙선침범,건조,맑음,단일로 - 기타,승용,남,57세,상해없음,승용,여,50세,경상
2015111500100275,2015년 11월 15일 14시,일요일,충청남도 청양군 대치면,중상사고,0,1,0,0,차량단독 - 기타,안전운전불이행,건조,맑음,단일로 - 기타,농기계,남,61세,중상,,,,
2015111500100304,2015년 11월 15일 15시,일요일,충청남도 천안시 동남구 광덕면,경상사고,0,0,1,0,차대차 - 추돌 - 진행중,안전거리미확보,건조,맑음,단일로 - 터널,승용,남,32세,상해없음,승용,남,45세,경상
2015111500100328,2015년 11월 15일 16시,일요일,충청남도 서산시 동문동,경상사고,0,0,1,0,차대사람 - 기타,안전운전불이행,건조,맑음,단일로 - 기타,화물,남,65세,상해없음,보행자,여,53세,경상
2015111500100329,2015년 11월 15일 16시,일요일,충청남도 부여군 부여읍,중상사고,0,2,0,0,차대차 - 측면직각충돌,신호위반,건조,맑음,교차로 - 교차로안,승용,여,57세,상해없음,승용,남,49세,중상
2015111500100364,2015년 11월 15일 17시,일요일,충청남도 서산시 음암면,중상사고,0,2,0,0,차대차 - 측면직각충돌,안전운전불이행,건조,맑음,단일로 - 기타,승용,남,39세,상해없음,승용,남,51세,중상
2015111500100365,2015년 11월 15일 17시,일요일,충청남도 아산시 탕정면,중상사고,0,1,0,0,차대차 - 측면직각충돌,안전운전불이행,건조,맑음,교차로 - 교차로안,승용,여,24세,상해없음,승용,여,24세,중상
2015111500100366,2015년 11월 15일 17시,일요일,충청남도 천안시 동남구 목천읍,중상사고,0,3,0,0,차대차 - 추돌 - 진행중,안전거리미확보,건조,맑음,단일로 - 기타,승용,남,33세,상해없음,승용,남,43세,중상
2015111500100420,2015년 11월 15일 18시,일요일,충청남도 예산군 예산읍,중상사고,0,2,5,0,차대차 - 기타,안전운전불이행,건조,흐림,미분류 - 미분류,화물,남,69세,상해없음,승용,남,64세,중상
2015111500100467,2015년 11월 15일 19시,일요일,충청남도 당진시 읍내리,중상사고,0,1,0,0,차대사람 - 횡단중,안전운전불이행,건조,맑음,단일로 - 기타,승용,남,68세,상해없음,보행자,남,70세,중상
2015111500100468,2015년 11월 15일 19시,일요일,충청남도 천안시 동남구 신부동,경상사고,0,0,1,0,차대사람 - 기타,안전운전불이행,건조,맑음,단일로 - 기타,기타불명,기타불명,기타불명,기타불명,보행자,여,14세,경상
2015111500100489,2015년 11월 15일 20시,일요일,충청남도 보령시 명천동,경상사고,0,0,4,0,차대차 - 측면직각충돌,직진우회전진행방해,건조,흐림,교차로 - 교차로안,승합,남,52세,상해없음,승용,남,26세,경상
2015111500100490,2015년 11월 15일 20시,일요일,충청남도 천안시 동남구 병천면,경상사고,0,0,1,0,차대차 - 측면직각충돌,중앙선침범,건조,맑음,단일로 - 기타,승용,남,55세,상해없음,승용,남,53세,경상
2015111500100491,2015년 11월 15일 20시,일요일,충청남도 천안시 동남구 유량동,중상사고,0,2,2,0,차대차 - 기타,안전운전불이행,건조,맑음,단일로 - 기타,승용,남,26세,상해없음,승용,남,65세,경상
2015111500100492,2015년 11월 15일 20시,일요일,충청남도 천안시 동남구 성남면,중상사고,0,1,0,0,차대사람 - 기타,안전운전불이행,건조,맑음,단일로 - 기타,화물,남,22세,상해없음,보행자,남,34세,중상
2015111500100516,2015년 11월 15일 21시,일요일,충청남도 천안시 서북구 성환읍,경상사고,0,0,2,0,차대차 - 추돌 - 주정차중,안전운전불이행,건조,맑음,교차로 - 교차로부근,승용,남,45세,상해없음,승용,남,64세,경상
2015111500100517,2015년 11월 15일 21시,일요일,충청남도 아산시 탕정면,중상사고,0,1,1,0,차대차 - 측면직각충돌,신호위반,건조,맑음,교차로 - 교차로안,승용,여,50세,중상,승용,남,26세,경상
2015111500100518,2015년 11월 15일 21시,일요일,충청남도 예산군 예산읍,중상사고,0,1,0,0,차대차 - 측면직각충돌,교차로운행방법위반,건조,맑음,교차로 - 교차로안,승용,남,20세,상해없음,이륜,남,17세,중상
2015111500100519,2015년 11월 15일 21시,일요일,충청남도 천안시 동남구 목천읍,경상사고,0,0,2,0,차대차 - 측면직각충돌,안전운전불이행,건조,맑음,교차로 - 교차로안,승용,남,24세,경상,승용,여,54세,경상
2015111500100563,2015년 11월 15일 23시,일요일,충청남도 보령시 내항동,중상사고,0,1,0,0,차대사람 - 횡단중,안전운전불이행,건조,맑음,단일로 - 기타,승용,남,51세,상해없음,보행자,남,60세,중상
2015111600100006,2015년 11월 16일 00시,월요일,충청남도 천안시 동남구 신방동,경상사고,0,0,1,0,차대차 - 추돌 - 진행중,신호위반,건조,맑음,단일로 - 기타,승용,남,29세,상해없음,승용,남,26세,상해없음
2015111600100016,2015년 11월 16일 01시,월요일,충청남도 천안시 서북구 두정동,경상사고,0,0,1,0,차대사람 - 기타,안전운전불이행,건조,맑음,단일로 - 기타,승용,여,22세,상해없음,보행자,남,22세,경상
2015111600100037,2015년 11월 16일 04시,월요일,충청남도 천안시 서북구 성정동,경상사고,0,0,1,0,차대차 - 측면직각충돌,안전운전불이행,건조,맑음,단일로 - 기타,건설기계,남,62세,상해없음,승용,남,30세,경상
2015111600100056,2015년 11월 16일 06시,월요일,충청남도 서산시 인지면,경상사고,0,0,1,0,차대사람 - 횡단중,안전운전불이행,건조,맑음,단일로 - 기타,승용,남,27세,상해없음,보행자,여,71세,경상
2015111600100083,2015년 11월 16일 07시,월요일,충청남도 천안시 서북구 성환읍,경상사고,0,0,1,0,차대차 - 측면직각충돌,중앙선침범,건조,맑음,단일로 - 기타,승용,여,23세,상해없음,원동기,남,28세,경상
2015111600100084,2015년 11월 16일 07시,월요일,충청남도 공주시 이인면,중상사고,0,1,0,0,차대차 - 측면직각충돌,직진우회전진행방해,건조,맑음,교차로 - 교차로안,화물,남,60세,상해없음,원동기,여,43세,중상
2015111600100119,2015년 11월 16일 08시,월요일,충청남도 홍성군 홍성읍,경상사고,0,0,1,0,차대사람 - 횡단중,안전운전불이행,건조,맑음,단일로 - 기타,화물,남,62세,상해없음,보행자,여,65세,경상
2015111600100120,2015년 11월 16일 08시,월요일,충청남도 부여군 남면,경상사고,0,0,1,0,차대차 - 기타,직진우회전진행방해,건조,맑음,교차로 - 교차로안,화물,남,45세,상해없음,화물,남,41세,경상
2015111600100160,2015년 11월 16일 09시,월요일,충청남도 금산군 금산읍,중상사고,0,1,1,0,차대차 - 측면직각충돌,직진우회전진행방해,건조,흐림,교차로 - 교차로안,승용,여,37세,상해없음,이륜,남,72세,중상
2015111600100161,2015년 11월 16일 09시,월요일,충청남도 금산군 추부면,중상사고,0,1,1,0,차대차 - 측면직각충돌,신호위반,건조,흐림,교차로 - 교차로안,승합,남,72세,상해없음,특수,남,31세,경상
2015111600100162,2015년 11월 16일 09시,월요일,충청남도 천안시 동남구 병천면,경상사고,0,0,1,0,차대차 - 기타,안전운전불이행,건조,맑음,교차로 - 교차로부근,원동기,남,76세,경상,승용,남,63세,상해없음
2015111600100225,2015년 11월 16일 11시,월요일,충청남도 서천군 장항읍,중상사고,0,1,0,0,차량단독 - 전도전복,안전운전불이행,습기,비,단일로 - 기타,원동기,남,85세,중상,,,,
2015111600100256,2015년 11월 16일 12시,월요일,충청남도 공주시 이인면,중상사고,0,1,0,0,차대차 - 기타,교차로운행방법위반,건조,흐림,교차로 - 교차로안,승용,남,58세,상해없음,이륜,여,67세,중상
2015111600100285,2015년 11월 16일 13시,월요일,충청남도 보령시 남포면,중상사고,0,1,0,0,차대차 - 측면직각충돌,직진우회전진행방해,습기,비,교차로 - 교차로안,승용,남,73세,상해없음,승용,여,34세,중상
2015111600100286,2015년 11월 16일 13시,월요일,충청남도 예산군 삽교읍,경상사고,0,0,1,0,차대차 - 정면충돌,직진우회전진행방해,습기,비,교차로 - 교차로안,화물,남,73세,상해없음,화물,남,54세,경상
2015111600100287,2015년 11월 16일 13시,월요일,충청남도 예산군 덕산면,경상사고,0,0,1,0,차대사람 - 횡단중,보행자보호의무위반,건조,맑음,교차로 - 교차로부근,승용,남,39세,상해없음,보행자,여,7세,경상
2015111600100318,2015년 11월 16일 14시,월요일,충청남도 천안시 서북구 성정동,경상사고,0,0,1,0,차대차 - 추돌 - 진행중,안전운전불이행,건조,맑음,단일로 - 기타,승용,남,52세,상해없음,승용,남,65세,경상
2015111600100319,2015년 11월 16일 14시,월요일,충청남도 천안시 동남구 구성동,경상사고,0,0,1,0,차대사람 - 기타,안전운전불이행,건조,맑음,단일로 - 기타,승용,남,31세,상해없음,보행자,남,38세,경상
2015111600100358,2015년 11월 16일 15시,월요일,충청남도 천안시 서북구 부대동,부상신고사고,0,0,0,1,차대차 - 추돌 - 진행중,안전운전불이행,습기,비,교차로 - 교차로부근,화물,남,23세,상해없음,승용,남,53세,부상신고
2015111600100359,2015년 11월 16일 15시,월요일,충청남도 보령시 웅천읍,중상사고,0,1,1,0,차대차 - 측면직각충돌,중앙선침범,습기,비,단일로 - 기타,승용,남,61세,경상,승용,여,64세,중상
2015111600100360,2015년 11월 16일 15시,월요일,충청남도 공주시 유구읍,경상사고,0,0,1,0,차대차 - 기타,중앙선침범,건조,맑음,단일로 - 기타,기타불명,기타불명,기타불명,기타불명,승합,남,53세,경상
2015111600100466,2015년 11월 16일 17시,월요일,충청남도 천안시 서북구 성거읍,경상사고,0,0,1,0,차대차 - 추돌 - 진행중,안전운전불이행,습기,비,단일로 - 기타,승용,남,64세,상해없음,승용,여,55세,경상
2015111600100467,2015년 11월 16일 17시,월요일,충청남도 홍성군 결성면,경상사고,0,0,3,0,차대차 - 정면충돌,안전운전불이행,습기,흐림,단일로 - 기타,승용,남,44세,상해없음,승용,여,43세,경상
2015111600100468,2015년 11월 16일 17시,월요일,충청남도 아산시 염치읍,경상사고,0,0,1,0,차대차 - 추돌 - 진행중,안전운전불이행,습기,비,교차로 - 교차로부근,화물,남,60세,상해없음,화물,남,56세,경상
2015111600100549,2015년 11월 16일 18시,월요일,충청남도 천안시 서북구 입장면,중상사고,0,1,0,0,차대차 - 기타,안전운전불이행,습기,비,교차로 - 교차로부근,승용,여,39세,상해없음,승용,남,36세,상해없음
2015111600100550,2015년 11월 16일 18시,월요일,충청남도 논산시 반월동,중상사고,0,1,0,0,차대사람 - 횡단중,안전운전불이행,습기,비,단일로 - 기타,승용,여,23세,상해없음,보행자,여,31세,중상
2015111600100551,2015년 11월 16일 18시,월요일,충청남도 보령시 명천동,경상사고,0,0,2,0,차대차 - 측면직각충돌,교차로운행방법위반,습기,비,교차로 - 교차로안,화물,남,57세,상해없음,승용,여,31세,경상
2015111600100552,2015년 11월 16일 18시,월요일,충청남도 보령시 명천동,중상사고,0,1,0,0,차대사람 - 횡단중,보행자보호의무위반,습기,흐림,교차로 - 교차로부근,승용,남,66세,상해없음,보행자,여,29세,중상
2015111600100553,2015년 11월 16일 18시,월요일,충청남도 당진시 읍내리,경상사고,0,0,1,0,차대사람 - 차도통행중,안전운전불이행,습기,비,교차로 - 교차로안,승용,남,26세,상해없음,보행자,여,70세,경상
2015111600100554,2015년 11월 16일 18시,월요일,충청남도 천안시 동남구 신방동,경상사고,0,0,1,0,차대차 - 기타,중앙선침범,습기,비,교차로 - 교차로부근,승용,남,47세,상해없음,승용,남,47세,경상
2015111600100674,2015년 11월 16일 20시,월요일,충청남도 서산시 석림동,중상사고,0,1,0,0,차대사람 - 횡단중,안전운전불이행,습기,비,단일로 - 기타,화물,남,45세,상해없음,보행자,남,62세,중상
2015111600100675,2015년 11월 16일 20시,월요일,충청남도 태안군 태안읍,중상사고,0,1,0,0,차대차 - 추돌 - 진행중,안전운전불이행,습기,비,단일로 - 기타,승용,남,70세,상해없음,화물,남,61세,중상
2015111600100759,2015년 11월 16일 22시,월요일,충청남도 서산시 동문동,중상사고,0,1,0,0,차대사람 - 횡단중,안전운전불이행,습기,비,단일로 - 기타,승용,남,75세,상해없음,보행자,여,55세,중상
2015111600100796,2015년 11월 16일 23시,월요일,충청남도 서산시 예천동,경상사고,0,0,1,0,차대차 - 측면직각충돌,신호위반,습기,비,교차로 - 교차로안,승용,남,48세,상해없음,승용,남,45세,경상
2015111700100015,2015년 11월 17일 00시,화요일,충청남도 공주시 신관동,중상사고,0,1,4,0,차대차 - 측면직각충돌,교차로운행방법위반,습기,비,교차로 - 교차로안,승용,남,26세,경상,승용,남,52세,중상
2015111700100043,2015년 11월 17일 03시,화요일,충청남도 천안시 서북구 두정동,경상사고,0,0,1,0,차대차 - 기타,안전운전불이행,건조,맑음,교차로 - 교차로부근,승용,남,17세,기타불명,이륜,남,48세,경상
2015111700100080,2015년 11월 17일 06시,화요일,충청남도 태안군 안면읍,중상사고,0,1,0,0,차대차 - 측면직각충돌,신호위반,건조,흐림,교차로 - 교차로안,승합,남,54세,상해없음,승용,남,47세,중상
2015111700100081,2015년 11월 17일 06시,화요일,충청남도 아산시 배방읍,사망사고,1,0,1,0,차대차 - 추돌 - 진행중,안전운전불이행,습기,비,단일로 - 기타,승합,남,53세,사망,건설기계,남,36세,경상
2015111700100082,2015년 11월 17일 06시,화요일,충청남도 아산시 둔포면,중상사고,0,1,0,0,차대사람 - 차도통행중,안전운전불이행,건조,맑음,단일로 - 기타,승용,남,38세,상해없음,보행자,남,57세,중상
2015111700100083,2015년 11월 17일 06시,화요일,충청남도 부여군 부여읍,중상사고,0,1,0,0,차대사람 - 횡단중,안전운전불이행,건조,흐림,단일로 - 기타,승합,남,64세,상해없음,보행자,여,78세,중상
2015111700100097,2015년 11월 17일 07시,화요일,충청남도 보령시 대천동,중상사고,0,1,0,0,차대사람 - 차도통행중,안전운전불이행,습기,비,교차로 - 교차로안,승합,남,74세,상해없음,보행자,남,80세,중상
2015111700100136,2015년 11월 17일 08시,화요일,충청남도 논산시 양촌면,중상사고,0,1,0,0,차대차 - 기타,교차로운행방법위반,건조,맑음,교차로 - 교차로안,자전거,여,57세,중상,승용,남,64세,상해없음
2015111700100162,2015년 11월 17일 09시,화요일,충청남도 아산시 배방읍,중상사고,0,1,0,0,차대차 - 추돌 - 진행중,안전운전불이행,건조,맑음,기타 - 기타,화물,남,57세,상해없음,승용,여,52세,중상
2015111700100194,2015년 11월 17일 10시,화요일,충청남도 천안시 서북구 쌍용동,중상사고,0,2,3,0,차대차 - 추돌 - 주정차중,안전운전불이행,건조,맑음,단일로 - 기타,승용,남,24세,상해없음,승용,남,48세,경상
2015111700100195,2015년 11월 17일 10시,화요일,충청남도 예산군 예산읍,경상사고,0,0,3,0,차대차 - 측면직각충돌,직진우회전진행방해,건조,맑음,교차로 - 교차로안,승용,남,61세,경상,승용,여,57세,경상
2015111700100232,2015년 11월 17일 11시,화요일,충청남도 공주시 신풍면,경상사고,0,0,1,0,차대차 - 추돌 - 진행중,안전운전불이행,건조,맑음,교차로 - 교차로안,화물,남,72세,상해없음,승용,여,58세,경상
2015111700100261,2015년 11월 17일 12시,화요일,충청남도 아산시 음봉면,경상사고,0,0,1,0,차대차 - 측면직각충돌,중앙선침범,건조,맑음,기타 - 기타,승용,남,60세,상해없음,승용,남,29세,경상
2015111700100262,2015년 11월 17일 12시,화요일,충청남도 부여군 부여읍,중상사고,0,1,0,0,차대차 - 기타,안전거리미확보,건조,맑음,단일로 - 기타,자전거,남,61세,중상,승용,남,64세,상해없음
2015111700100263,2015년 11월 17일 12시,화요일,충청남도 금산군 금산읍,경상사고,0,0,1,0,차대차 - 측면직각충돌,직진우회전진행방해,건조,맑음,교차로 - 교차로안,화물,남,46세,상해없음,원동기,남,81세,경상
2015111700100285,2015년 11월 17일 13시,화요일,충청남도 논산시 연무읍,경상사고,0,0,1,0,차대차 - 측면직각충돌,직진우회전진행방해,건조,맑음,교차로 - 교차로안,승용,남,26세,상해없음,화물,남,42세,경상
2015111700100376,2015년 11월 17일 16시,화요일,충청남도 계룡시 두마면,경상사고,0,0,1,0,차대차 - 기타,안전거리미확보,건조,맑음,단일로 - 기타,승용,여,53세,상해없음,승용,여,39세,경상
2015111700100420,2015년 11월 17일 17시,화요일,충청남도 천안시 서북구 성성동,중상사고,0,1,0,0,차대차 - 정면충돌,교차로운행방법위반,건조,맑음,교차로 - 교차로안,승용,남,31세,상해없음,승용,남,39세,중상
2015111700100421,2015년 11월 17일 17시,화요일,충청남도 천안시 서북구 쌍용동,경상사고,0,0,1,0,차대차 - 추돌 - 주정차중,안전운전불이행,건조,흐림,단일로 - 기타,승용,남,45세,상해없음,승용,남,27세,경상
2015111700100422,2015년 11월 17일 17시,화요일,충청남도 당진시 읍내리,경상사고,0,0,1,0,차대사람 - 횡단중,안전운전불이행,건조,맑음,교차로 - 교차로안,화물,남,75세,상해없음,보행자,여,38세,경상
2015111700100484,2015년 11월 17일 18시,화요일,충청남도 천안시 서북구 신당동,경상사고,0,0,1,0,차대차 - 기타,안전운전불이행,건조,맑음,단일로 - 기타,승용,남,49세,상해없음,승용,남,38세,경상
2015111700100486,2015년 11월 17일 18시,화요일,충청남도 청양군 화성면,중상사고,0,1,2,0,차대차 - 정면충돌,중앙선침범,건조,맑음,단일로 - 기타,승용,남,59세,경상,승용,남,31세,경상
2015111700100487,2015년 11월 17일 18시,화요일,충청남도 천안시 동남구 다가동,경상사고,0,0,2,0,차대차 - 기타,신호위반,건조,맑음,단일로 - 기타,승합,남,43세,상해없음,승용,남,44세,경상
2015111700100605,2015년 11월 17일 21시,화요일,충청남도 홍성군 홍성읍,경상사고,0,0,1,0,차대차 - 추돌 - 진행중,안전운전불이행,건조,흐림,단일로 - 기타,승용,남,54세,상해없음,승용,남,50세,경상
2015111700100609,2015년 11월 17일 21시,화요일,충청남도 서천군 서천읍,경상사고,0,0,2,0,차대차 - 추돌 - 진행중,안전운전불이행,건조,흐림,단일로 - 기타,승용,여,29세,상해없음,승합,남,64세,경상
2015111800100008,2015년 11월 18일 00시,수요일,충청남도 당진시 신평면,경상사고,0,0,1,0,차대차 - 측면직각충돌,안전운전불이행,건조,맑음,단일로 - 기타,승용,남,26세,상해없음,승용,남,30세,경상