사고번호,사고일시,요일,시군구,사고내용,사망자수,중상자수,경상자수,부상신고자수,사고유형,법규위반,노면상태,기상상태,도로형태,가해운전자 차종,가해운전자 성별,가해운전자 연령,가해운전자 상해정도,피해운전자 차종,피해운전자 성별,피해운전자 연령,피해운전자 상해정도
2015111800100143,2015년 11월 18일 08시,수요일,충청남도 논산시 연무읍,중상사고,0,1,0,0,차대차 - 측면직각충돌,신호위반,건조,맑음,교차로 - 교차로안,화물,남,35세,상해없음,승용,여,38세,중상
2015111800100144,2015년 11월 18일 08시,수요일,충청남도 보령시 대천동,중상사고,0,1,0,0,차대차 - 측면직각충돌,직진우회전진행방해,건조,맑음,교차로 - 교차로안,승용,여,66세,상해없음,승용,남,62세,상해없음
2015111800100175,2015년 11월 18일 09시,수요일,충청남도 천안시 서북구 백석동,경상사고,0,0,1,0,차대차 - 기타,안전거리미확보,건조,맑음,기타 - 기타,기타불명,기타불명,기타불명,기타불명,승용,남,43세,경상
2015111800100232,2015년 11월 18일 11시,수요일,충청남도 금산군 진산면,중상사고,0,1,0,0,차대차 - 정면충돌,중앙선침범,습기,비,단일로 - 기타,승용,남,72세,상해없음,승합,남,55세,중상
2015111800100286,2015년 11월 18일 13시,수요일,충청남도 당진시 송악읍,경상사고,0,0,1,0,차대차 - 측면직각충돌,안전운전불이행,습기,맑음,단일로 - 횡단보도부근,화물,남,37세,상해없음,승용,여,42세,경상
2015111800100287,2015년 11월 18일 13시,수요일,충청남도 당진시 시곡리,경상사고,0,0,1,0,차대차 - 추돌 - 진행중,안전거리미확보,습기,비,교차로 - 교차로부근,화물,남,25세,상해없음,승용,여,55세,경상
2015111800100320,2015년 11월 18일 14시,수요일,충청남도 태안군 고남면,중상사고,0,1,0,0,차대차 - 측면직각충돌,안전운전불이행,습기,비,단일로 - 기타,이륜,남,55세,중상,화물,남,41세,상해없음
2015111800100351,2015년 11월 18일 15시,수요일,충청남도 공주시 우성면,경상사고,0,0,1,0,차대차 - 기타,안전거리미확보,건조,흐림,단일로 - 기타,승용,여,46세,상해없음,승용,여,40세,경상
2015111800100445,2015년 11월 18일 17시,수요일,충청남도 천안시 서북구 두정동,경상사고,0,0,1,0,차대차 - 추돌 - 주정차중,안전운전불이행,습기,비,단일로 - 기타,승용,여,53세,상해없음,승용,남,24세,경상
2015111800100446,2015년 11월 18일 17시,수요일,충청남도 아산시 도고면,경상사고,0,0,1,0,차대차 - 추돌 - 주정차중,안전운전불이행,습기,비,교차로 - 교차로부근,화물,남,72세,상해없음,승용,여,52세,경상
2015111800100515,2015년 11월 18일 18시,수요일,충청남도 태안군 이원면,경상사고,0,0,3,0,차대차 - 추돌 - 진행중,중앙선침범,습기,비,기타 - 기타,승용,남,44세,상해없음,승합,남,58세,경상
2015111800100516,2015년 11월 18일 18시,수요일,충청남도 천안시 서북구 백석동,경상사고,0,0,2,0,차대차 - 측면직각충돌,신호위반,건조,맑음,교차로 - 교차로안,승용,남,37세,경상,승용,남,34세,경상
2015111800100580,2015년 11월 18일 19시,수요일,충청남도 서산시 동문동,경상사고,0,0,1,0,차대차 - 측면직각충돌,중앙선침범,습기,비,교차로 - 교차로부근,승용,남,47세,상해없음,이륜,남,17세,경상
2015111800100581,2015년 11월 18일 19시,수요일,충청남도 천안시 동남구 동면,경상사고,0,0,1,0,차대차 - 기타,안전운전불이행,습기,비,단일로 - 기타,화물,남,51세,상해없음,이륜,여,53세,경상
2015111800100634,2015년 11월 18일 20시,수요일,충청남도 보령시 주산면,사망사고,1,0,0,0,차대사람 - 길가장자리구역통행중,안전운전불이행,습기,흐림,단일로 - 기타,승용,여,52세,상해없음,보행자,남,67세,사망
2015111800100676,2015년 11월 18일 21시,수요일,충청남도 아산시 둔포면,경상사고,0,0,4,0,차대차 - 측면직각충돌,직진우회전진행방해,건조,맑음,교차로 - 교차로안,승합,남,55세,상해없음,승용,남,41세,상해없음
2015111800100677,2015년 11월 18일 21시,수요일,충청남도 보령시 동대동,중상사고,0,1,0,0,차대차 - 추돌 - 주정차중,안전운전불이행,습기,비,교차로 - 교차로부근,승용,남,49세,상해없음,승용,남,23세,중상
2015111800100679,2015년 11월 18일 21시,수요일,충청남도 당진시 원당리,경상사고,0,0,3,0,차대차 - 추돌 - 진행중,안전거리미확보,건조,맑음,교차로 - 교차로안,승용,남,42세,상해없음,화물,남,34세,경상
2015111900100081,2015년 11월 19일 06시,목요일,충청남도 보령시 성주면,경상사고,0,0,3,0,차대차 - 정면충돌,중앙선침범,습기,비,단일로 - 기타,승용,여,52세,경상,화물,남,67세,경상
2015111900100110,2015년 11월 19일 07시,목요일,충청남도 예산군 응봉면,중상사고,0,8,2,0,차대차 - 측면직각충돌,직진우회전진행방해,습기,비,교차로 - 교차로안,승합,남,49세,경상,화물,남,57세,상해없음
2015111900100138,2015년 11월 19일 08시,목요일,충청남도 보령시 웅천읍,경상사고,0,0,1,0,차대차 - 측면직각충돌,안전거리미확보,습기,비,단일로 - 기타,승용,여,45세,상해없음,자전거,남,82세,경상
2015111900100139,2015년 11월 19일 08시,목요일,충청남도 천안시 동남구 신부동,중상사고,0,1,0,0,차대사람 - 횡단중,안전운전불이행,건조,맑음,단일로 - 기타,승용,남,53세,상해없음,보행자,여,32세,중상
2015111900100254,2015년 11월 19일 12시,목요일,충청남도 천안시 동남구 구룡동,경상사고,0,0,1,0,차대차 - 추돌 - 진행중,안전운전불이행,건조,맑음,단일로 - 기타,건설기계,남,29세,상해없음,화물,남,50세,경상
2015111900100315,2015년 11월 19일 14시,목요일,충청남도 서산시 동문동,중상사고,0,3,2,0,차대차 - 측면직각충돌,중앙선침범,건조,맑음,단일로 - 기타,승용,여,63세,경상,승용,여,49세,중상
2015111900100380,2015년 11월 19일 16시,목요일,충청남도 보령시 동대동,중상사고,0,1,0,0,차대차 - 정면충돌,안전운전불이행,건조,맑음,교차로 - 교차로부근,승합,남,66세,상해없음,자전거,남,69세,중상
2015111900100438,2015년 11월 19일 17시,목요일,충청남도 금산군 금산읍,경상사고,0,0,1,0,차대차 - 추돌 - 진행중,안전운전불이행,습기,비,단일로 - 기타,승용,여,49세,상해없음,원동기,여,54세,경상
2015111900100439,2015년 11월 19일 17시,목요일,충청남도 천안시 동남구 봉명동,중상사고,0,1,0,0,차대사람 - 횡단중,안전운전불이행,건조,맑음,단일로 - 기타,승용,여,42세,상해없음,보행자,여,63세,중상
2015111900100500,2015년 11월 19일 18시,목요일,충청남도 서산시 대산읍,경상사고,0,0,1,0,차대차 - 정면충돌,중앙선침범,건조,맑음,단일로 - 기타,승용,남,39세,상해없음,이륜,남,36세,경상
2015111900100501,2015년 11월 19일 18시,목요일,충청남도 천안시 서북구 입장면,중상사고,0,1,0,0,차대차 - 기타,안전거리미확보,건조,맑음,기타 - 기타,화물,남,70세,상해없음,자전거,남,15세,중상
2015111900100502,2015년 11월 19일 18시,목요일,충청남도 논산시 양촌면,중상사고,0,1,0,0,차대사람 - 횡단중,안전운전불이행,습기,비,단일로 - 기타,승용,여,64세,상해없음,보행자,여,60세,중상
2015111900100503,2015년 11월 19일 18시,목요일,충청남도 보령시 대천동,중상사고,0,1,0,0,차대사람 - 횡단중,보행자보호의무위반,건조,맑음,교차로 - 교차로부근,승용,여,56세,상해없음,보행자,남,11세,중상
2015111900100559,2015년 11월 19일 19시,목요일,충청남도 청양군 운곡면,중상사고,0,2,0,0,차대차 - 정면충돌,안전운전불이행,습기,흐림,단일로 - 기타,승용,여,55세,중상,농기계,남,73세,중상
2015111900100600,2015년 11월 19일 20시,목요일,충청남도 태안군 태안읍,경상사고,0,0,1,0,차대사람 - 횡단중,안전운전불이행,건조,맑음,단일로 - 기타,화물,남,60세,상해없음,보행자,남,56세,경상
2015111900100601,2015년 11월 19일 20시,목요일,충청남도 천안시 동남구 구성동,경상사고,0,0,1,0,차대차 - 추돌 - 진행중,안전운전불이행,건조,맑음,단일로 - 기타,승용,여,60세,상해없음,승용,남,30세,경상
2015111900100641,2015년 11월 19일 21시,목요일,충청남도 서산시 성연면,중상사고,0,1,0,0,차대차 - 측면직각충돌,신호위반,습기,안개,단일로 - 횡단보도상,화물,남,60세,상해없음,승용,남,70세,중상
2015111900100642,2015년 11월 19일 21시,목요일,충청남도 아산시 신창면,경상사고,0,0,1,0,차대차 - 기타,차로위반,건조,흐림,단일로 - 기타,승용,남,33세,상해없음,원동기,남,34세,경상
2015111900100701,2015년 11월 19일 23시,목요일,충청남도 천안시 서북구 백석동,경상사고,0,0,2,0,차대차 - 정면충돌,안전운전불이행,건조,맑음,교차로 - 교차로부근,승용,남,36세,상해없음,승용,남,49세,경상
2015112000100017,2015년 11월 20일 00시,금요일,충청남도 예산군 응봉면,중상사고,0,1,0,0,차대사람 - 차도통행중,안전운전불이행,건조,흐림,단일로 - 기타,화물,남,54세,상해없음,보행자,남,45세,중상
2015112000100034,2015년 11월 20일 01시,금요일,충청남도 서산시 석림동,중상사고,0,1,0,0,차대차 - 측면직각충돌,직진우회전진행방해,습기,안개,교차로 - 교차로안,승용,남,38세,상해없음,승용,남,24세,중상
2015112000100047,2015년 11월 20일 03시,금요일,충청남도 아산시 배방읍,경상사고,0,0,1,0,차대차 - 추돌 - 주정차중,안전운전불이행,습기,흐림,단일로 - 터널,화물,남,34세,상해없음,승용,남,33세,경상
2015112000100153,2015년 11월 20일 08시,금요일,충청남도 천안시 서북구 성거읍,중상사고,0,1,5,0,차대차 - 측면직각충돌,신호위반,건조,맑음,교차로 - 교차로안,승용,남,21세,기타불명,승합,남,43세,경상
2015112000100154,2015년 11월 20일 08시,금요일,충청남도 논산시 반월동,경상사고,0,0,1,0,차대차 - 추돌 - 진행중,교차로운행방법위반,건조,맑음,교차로 - 교차로부근,이륜,남,73세,경상,승용,여,43세,상해없음
2015112000100201,2015년 11월 20일 10시,금요일,충청남도 태안군 안면읍,중상사고,0,1,0,0,차대사람 - 기타,안전운전불이행,건조,맑음,단일로 - 기타,승용,남,31세,상해없음,보행자,여,82세,중상
2015112000100237,2015년 11월 20일 11시,금요일,충청남도 부여군 부여읍,중상사고,0,1,0,0,차대사람 - 횡단중,안전운전불이행,건조,맑음,단일로 - 기타,승합,남,52세,상해없음,보행자,여,83세,중상
2015112000100238,2015년 11월 20일 11시,금요일,충청남도 청양군 운곡면,경상사고,0,0,1,0,차량단독 - 전도전복,안전운전불이행,습기,맑음,단일로 - 기타,승용,남,71세,경상,,,,
2015112000100274,2015년 11월 20일 12시,금요일,충청남도 천안시 서북구 성정동,경상사고,0,0,5,0,차대차 - 기타,안전거리미확보,건조,맑음,단일로 - 기타,승용,남,33세,상해없음,승합,남,46세,상해없음
2015112000100301,2015년 11월 20일 13시,금요일,충청남도 아산시 송악면,경상사고,0,0,1,0,차대차 - 추돌 - 진행중,안전운전불이행,건조,맑음,단일로 - 기타,화물,남,53세,상해없음,승용,남,80세,경상
2015112000100302,2015년 11월 20일 13시,금요일,충청남도 서천군 문산면,중상사고,0,1,0,0,차대차 - 정면충돌,안전운전불이행,건조,맑음,교차로 - 교차로부근,화물,남,81세,상해없음,원동기,남,72세,중상
2015112000100303,2015년 11월 20일 13시,금요일,충청남도 공주시 송선동,경상사고,0,0,1,0,차대차 - 측면직각충돌,신호위반,건조,맑음,교차로 - 교차로안,승용,남,73세,상해없음,승용,남,44세,경상
2015112000100335,2015년 11월 20일 14시,금요일,충청남도 당진시 송악읍,경상사고,0,0,1,0,차대차 - 추돌 - 진행중,안전거리미확보,습기,맑음,단일로 - 기타,승용,남,43세,상해없음,화물,남,37세,경상
2015112000100367,2015년 11월 20일 15시,금요일,충청남도 천안시 서북구 쌍용동,중상사고,0,1,0,0,차대차 - 측면직각충돌,직진우회전진행방해,건조,맑음,교차로 - 교차로안,화물,여,53세,상해없음,자전거,남,14세,중상
2015112000100368,2015년 11월 20일 15시,금요일,충청남도 당진시 읍내리,중상사고,0,1,1,0,차대차 - 정면충돌,안전운전불이행,건조,맑음,단일로 - 기타,승용,여,63세,경상,승용,남,77세,중상
2015112000100406,2015년 11월 20일 16시,금요일,충청남도 공주시 신관동,경상사고,0,0,1,0,차대차 - 추돌 - 진행중,안전운전불이행,건조,맑음,단일로 - 기타,화물,남,32세,상해없음,승용,남,60세,경상
2015112000100453,2015년 11월 20일 17시,금요일,충청남도 태안군 남면,중상사고,0,1,0,0,차량단독 - 공작물충돌,안전운전불이행,건조,맑음,단일로 - 기타,승용,남,72세,중상,,,,
2015112000100454,2015년 11월 20일 17시,금요일,충청남도 아산시 배방읍,중상사고,0,1,0,0,차대사람 - 횡단중,안전운전불이행,건조,맑음,단일로 - 횡단보도부근,승용,남,40세,상해없음,보행자,남,66세,중상
2015112000100455,2015년 11월 20일 17시,금요일,충청남도 당진시 송악읍,경상사고,0,0,1,0,차대차 - 측면직각충돌,안전운전불이행,건조,맑음,단일로 - 기타,화물,남,47세,상해없음,원동기,남,50세,경상
2015112000100516,2015년 11월 20일 18시,금요일,충청남도 서산시 수석동,경상사고,0,0,2,0,차대차 - 정면충돌,신호위반,건조,맑음,교차로 - 교차로안,승용,남,46세,경상,승용,남,31세,경상
2015112000100517,2015년 11월 20일 18시,금요일,충청남도 홍성군 광천읍,경상사고,0,0,1,0,차대차 - 정면충돌,안전운전불이행,건조,맑음,단일로 - 기타,화물,남,49세,상해없음,화물,남,38세,경상
2015112000100518,2015년 11월 20일 18시,금요일,충청남도 아산시 탕정면,중상사고,0,1,1,0,차대차 - 추돌 - 진행중,안전운전불이행,건조,맑음,교차로 - 교차로안,원동기,남,17세,중상,승용,남,32세,경상
2015112000100520,2015년 11월 20일 18시,금요일,충청남도 부여군 임천면,중상사고,0,1,0,0,차대차 - 정면충돌,중앙선침범,건조,맑음,단일로 - 기타,승용,남,71세,상해없음,이륜,남,58세,중상
2015112000100521,2015년 11월 20일 18시,금요일,충청남도 천안시 동남구 신부동,경상사고,0,0,1,0,차대차 - 정면충돌,안전운전불이행,건조,맑음,단일로 - 기타,승용,남,55세,상해없음,승용,남,38세,경상
2015112000100587,2015년 11월 20일 19시,금요일,충청남도 서산시 읍내동,경상사고,0,0,1,0,차대차 - 정면충돌,안전운전불이행,건조,맑음,단일로 - 기타,화물,남,31세,상해없음,승용,남,61세,경상
2015112000100588,2015년 11월 20일 19시,금요일,충청남도 아산시 배방읍,경상사고,0,0,1,0,차대차 - 추돌 - 진행중,안전운전불이행,습기,흐림,단일로 - 기타,승용,남,34세,상해없음,승용,남,56세,경상
2015112000100630,2015년 11월 20일 20시,금요일,충청남도 당진시 송악읍,경상사고,0,0,1,0,차대차 - 측면직각충돌,신호위반,건조,맑음,교차로 - 교차로부근,승용,남,39세,상해없음,승용,남,28세,경상
2015112000100674,2015년 11월 20일 21시,금요일,충청남도 아산시 인주면,중상사고,0,1,1,0,차대차 - 추돌 - 진행중,안전운전불이행,건조,맑음,기타 - 기타,승용,남,30세,상해없음,승용,남,55세,경상
2015112000100691,2015년 11월 20일 22시,금요일,충청남도 공주시 의당면,경상사고,0,0,1,0,차대차 - 정면충돌,안전운전불이행,건조,맑음,교차로 - 교차로안,승용,남,71세,상해없음,자전거,남,48세,경상
2015112100100065,2015년 11월 21일 02시,토요일,충청남도 천안시 동남구 신방동,경상사고,0,0,3,0,차대차 - 정면충돌,안전운전불이행,건조,맑음,단일로 - 기타,승용,여,25세,경상,승용,남,43세,경상
2015112100100113,2015년 11월 21일 05시,토요일,충청남도 부여군 부여읍,경상사고,0,0,1,0,차대차 - 추돌 - 진행중,안전운전불이행,건조,맑음,단일로 - 기타,승용,남,27세,상해없음,화물,남,54세,경상
2015112100100126,2015년 11월 21일 06시,토요일,충청남도 홍성군 홍북면,중상사고,0,2,0,0,차대차 - 정면충돌,신호위반,건조,맑음,교차로 - 교차로안,승용,남,60세,상해없음,승용,남,65세,중상
2015112100100157,2015년 11월 21일 07시,토요일,충청남도 서산시 동문동,중상사고,0,1,0,0,차대사람 - 횡단중,보행자보호의무위반,건조,맑음,단일로 - 기타,승합,남,44세,상해없음,보행자,여,85세,중상
2015112100100158,2015년 11월 21일 07시,토요일,충청남도 부여군 규암면,경상사고,0,0,3,0,차대차 - 정면충돌,안전운전불이행,건조,맑음,단일로 - 기타,승용,남,26세,경상,승용,남,60세,상해없음
2015112100100168,2015년 11월 21일 08시,토요일,충청남도 아산시 신창면,경상사고,0,0,2,0,차대차 - 정면충돌,안전운전불이행,건조,맑음,교차로 - 교차로안,승용,남,36세,상해없음,승용,남,74세,경상
2015112100100169,2015년 11월 21일 08시,토요일,충청남도 당진시 읍내리,중상사고,0,1,0,0,차대차 - 기타,안전운전불이행,건조,맑음,교차로 - 교차로부근,승용,여,39세,상해없음,자전거,남,21세,중상
2015112100100230,2015년 11월 21일 10시,토요일,충청남도 천안시 서북구 성성동,중상사고,0,1,0,0,차대차 - 측면직각충돌,신호위반,건조,맑음,교차로 - 교차로부근,화물,남,34세,상해없음,화물,남,33세,중상
2015112100100231,2015년 11월 21일 10시,토요일,충청남도 천안시 서북구 성정동,경상사고,0,0,1,0,차대차 - 측면직각충돌,안전운전불이행,건조,맑음,단일로 - 기타,원동기,남,40세,경상,화물,남,58세,상해없음
2015112100100232,2015년 11월 21일 10시,토요일,충청남도 보령시 남포면,중상사고,0,1,2,0,차대차 - 측면직각충돌,불법유턴,건조,맑음,단일로 - 기타,승용,남,77세,경상,화물,여,46세,중상
2015112100100265,2015년 11월 21일 11시,토요일,충청남도 서산시 대산읍,중상사고,0,2,0,0,차대차 - 정면충돌,교차로운행방법위반,건조,맑음,교차로 - 교차로부근,화물,남,39세,상해없음,승용,남,33세,중상
2015112100100266,2015년 11월 21일 11시,토요일,충청남도 아산시 온천동,경상사고,0,0,1,0,차대차 - 측면직각충돌,안전운전불이행,건조,맑음,교차로 - 교차로안,승용,남,58세,상해없음,승용,남,26세,경상
2015112100100294,2015년 11월 21일 12시,토요일,충청남도 서천군 비인면,중상사고,0,1,1,0,차대차 - 정면충돌,안전거리미확보,건조,맑음,교차로 - 교차로부근,화물,남,72세,상해없음,승용,남,54세,경상
2015112100100295,2015년 11월 21일 12시,토요일,충청남도 공주시 옥룡동,경상사고,0,0,1,0,차대차 - 추돌 - 진행중,안전운전불이행,건조,맑음,교차로 - 교차로부근,승용,남,36세,상해없음,승용,남,44세,경상
2015112100100340,2015년 11월 21일 13시,토요일,충청남도 천안시 서북구 성정동,경상사고,0,0,1,0,차대차 - 측면직각충돌,안전운전불이행,건조,맑음,교차로 - 교차로안,승용,남,45세,상해없음,승용,남,35세,경상
2015112100100371,2015년 11월 21일 14시,토요일,충청남도 부여군 석성면,경상사고,0,0,1,0,차대사람 - 기타,안전운전불이행,건조,맑음,단일로 - 기타,화물,남,47세,상해없음,보행자,여,5세,경상
2015112100100372,2015년 11월 21일 14시,토요일,충청남도 금산군 제원면,중상사고,0,1,1,0,차대차 - 정면충돌,안전거리미확보,건조,맑음,교차로 - 교차로안,승용,남,59세,상해없음,승용,여,24세,경상
2015112100100373,2015년 11월 21일 14시,토요일,충청남도 천안시 동남구 신부동,부상신고사고,0,0,0,1,차대차 - 기타,안전운전불이행,건조,맑음,단일로 - 기타,승용,여,50세,부상신고,건설기계,남,54세,상해없음
2015112100100442,2015년 11월 21일 16시,토요일,충청남도 예산군 신암면,경상사고,0,0,1,0,차대차 - 기타,중앙선침범,건조,맑음,교차로 - 교차로안,승용,남,48세,상해없음,화물,남,38세,경상
2015112100100443,2015년 11월 21일 16시,토요일,충청남도 금산군 금산읍,경상사고,0,0,1,0,차대사람 - 차도통행중,안전운전불이행,건조,맑음,단일로 - 기타,승용,남,43세,상해없음,보행자,여,82세,경상
2015112100100488,2015년 11월 21일 17시,토요일,충청남도 계룡시 금암동,경상사고,0,0,1,0,차대사람 - 횡단중,안전운전불이행,건조,맑음,단일로 - 기타,승용,여,46세,기타불명,보행자,남,30세,경상
2015112100100489,2015년 11월 21일 17시,토요일,충청남도 예산군 예산읍,중상사고,0,1,5,0,차대차 - 측면직각충돌,기타,건조,맑음,단일로 - 기타,승합,남,56세,경상,승용,남,37세,경상
2015112100100490,2015년 11월 21일 17시,토요일,충청남도 청양군 정산면,중상사고,0,2,1,0,차대차 - 측면직각충돌,신호위반,건조,맑음,교차로 - 교차로안,승용,여,49세,경상,승용,남,25세,중상
2015112100100491,2015년 11월 21일 17시,토요일,충청남도 천안시 동남구 목천읍,중상사고,0,1,0,0,차대사람 - 횡단중,안전운전불이행,건조,맑음,교차로 - 교차로안,승용,여,53세,상해없음,보행자,남,43세,중상
2015112100100552,2015년 11월 21일 18시,토요일,충청남도 서산시 예천동,경상사고,0,0,3,0,차대차 - 기타,안전거리미확보,건조,맑음,단일로 - 기타,건설기계,남,63세,상해없음,승용,여,48세,경상
2015112100100553,2015년 11월 21일 18시,토요일,충청남도 보령시 동대동,중상사고,0,1,0,0,차대차 - 추돌 - 진행중,안전운전불이행,건조,맑음,단일로 - 기타,승용,남,27세,상해없음,이륜,남,55세,중상
2015112100100554,2015년 11월 21일 18시,토요일,충청남도 보령시 대천동,경상사고,0,0,1,0,차대차 - 측면직각충돌,안전운전불이행,건조,맑음,단일로 - 기타,승용,여,39세,상해없음,자전거,남,11세,경상
2015112100100556,2015년 11월 21일 18시,토요일,충청남도 당진시 송악읍,사망사고,1,0,0,0,차대차 - 측면직각충돌,중앙선침범,건조,맑음,단일로 - 기타,화물,남,49세,상해없음,승용,남,25세,사망
2015112100100557,2015년 11월 21일 18시,토요일,충청남도 천안시 동남구 풍세면,경상사고,0,0,1,0,차대차 - 추돌 - 진행중,안전운전불이행,건조,맑음,단일로 - 기타,승용,남,53세,상해없음,화물,남,45세,경상
2015112100100601,2015년 11월 21일 19시,토요일,충청남도 천안시 서북구 성환읍,중상사고,0,1,0,0,차대차 - 정면충돌,안전운전불이행,건조,맑음,교차로 - 교차로부근,화물,남,68세,상해없음,이륜,남,28세,중상
2015112100100640,2015년 11월 21일 20시,토요일,충청남도 아산시 인주면,중상사고,0,1,0,0,차량단독 - 공작물충돌,안전운전불이행,건조,맑음,교차로 - 교차로부근,승용,여,51세,상해없음,,,,
2015112100100661,2015년 11월 21일 21시,토요일,충청남도 보령시 남곡동,사망사고,1,0,0,0,차대사람 - 기타,안전운전불이행,건조,맑음,단일로 - 기타,승용,여,28세,상해없음,보행자,남,51세,사망
2015112100100689,2015년 11월 21일 22시,토요일,충청남도 천안시 서북구 성환읍,경상사고,0,0,1,0,차대차 - 추돌 - 주정차중,안전운전불이행,건조,맑음,단일로 - 기타,승용,남,50세,상해없음,승용,남,44세,경상
2015112100100690,2015년 11월 21일 22시,토요일,충청남도 공주시 중학동,중상사고,0,1,1,0,차대차 - 정면충돌,안전운전불이행,건조,맑음,교차로 - 교차로안,승용,남,48세,상해없음,승용,여,63세,중상
2015112100100711,2015년 11월 21일 23시,토요일,충청남도 천안시 서북구 쌍용동,경상사고,0,0,1,0,차대차 - 기타,안전운전불이행,건조,맑음,단일로 - 기타,화물,남,53세,상해없음,승용,여,54세,경상
2015112100100712,2015년 11월 21일 23시,토요일,충청남도 천안시 동남구 신부동,부상신고사고,0,0,0,1,차대차 - 추돌 - 진행중,안전운전불이행,건조,맑음,단일로 - 기타,승용,남,28세,부상신고,승용,남,45세,상해없음
2015112200100034,2015년 11월 22일 01시,일요일,충청남도 천안시 서북구 직산읍,중상사고,0,1,1,0,차대차 - 기타,중앙선침범,건조,맑음,기타 - 기타,화물,남,51세,상해없음,승용,여,34세,중상
2015112200100047,2015년 11월 22일 02시,일요일,충청남도 태안군 원북면,경상사고,0,0,3,0,차량단독 - 도로외이탈 - 기타,안전운전불이행,건조,기타,단일로 - 기타,승용,남,46세,상해없음,,,,
2015112200100093,2015년 11월 22일 05시,일요일,충청남도 아산시 온천동,경상사고,0,0,1,0,차대차 - 정면충돌,안전운전불이행,건조,맑음,단일로 - 기타,승용,남,45세,상해없음,승용,남,62세,경상
2015112200100094,2015년 11월 22일 05시,일요일,충청남도 공주시 반포면,중상사고,0,1,1,0,차대차 - 추돌 - 주정차중,안전운전불이행,건조,맑음,단일로 - 기타,화물,남,32세,상해없음,승용,남,29세,기타불명
2015112200100120,2015년 11월 22일 07시,일요일,충청남도 홍성군 서부면,중상사고,0,3,0,0,차대차 - 정면충돌,교차로운행방법위반,습기,흐림,교차로 - 교차로안,승용,남,57세,상해없음,화물,남,52세,상해없음
2015112200100145,2015년 11월 22일 09시,일요일,충청남도 아산시 배방읍,중상사고,0,1,0,0,차대사람 - 횡단중,안전운전불이행,건조,맑음,단일로 - 횡단보도부근,화물,남,52세,상해없음,보행자,여,58세,중상
2015112200100238,2015년 11월 22일 13시,일요일,충청남도 천안시 동남구 삼룡동,중상사고,0,1,0,0,차대차 - 정면충돌,안전운전불이행,건조,맑음,교차로 - 교차로부근,승용,남,61세,상해없음,자전거,남,27세,중상
2015112200100267,2015년 11월 22일 14시,일요일,충청남도 천안시 동남구 신방동,경상사고,0,0,4,0,차대차 - 측면직각충돌,안전운전불이행,건조,맑음,교차로 - 교차로안,승용,남,33세,상해없음,승용,남,31세,경상
2015112200100290,2015년 11월 22일 15시,일요일,충청남도 서천군 서천읍,경상사고,0,0,2,0,차대차 - 기타,안전운전불이행,건조,맑음,교차로 - 교차로안,화물,남,63세,상해없음,승용,여,39세,경상
2015112200100323,2015년 11월 22일 16시,일요일,충청남도 서천군 서천읍,중상사고,0,1,0,0,차대차 - 정면충돌,안전운전불이행,건조,맑음,단일로 - 기타,특수,남,53세,상해없음,농기계,남,73세,중상
2015112200100367,2015년 11월 22일 17시,일요일,충청남도 홍성군 광천읍,경상사고,0,0,1,0,차대차 - 측면직각충돌,안전운전불이행,건조,맑음,교차로 - 교차로안,승용,남,54세,상해없음,승용,남,51세,경상
2015112200100368,2015년 11월 22일 17시,일요일,충청남도 공주시 사곡면,중상사고,0,1,0,0,차대사람 - 기타,안전운전불이행,건조,맑음,단일로 - 기타,승용,여,62세,기타불명,보행자,여,55세,중상
2015112200100416,2015년 11월 22일 18시,일요일,충청남도 계룡시 엄사면,경상사고,0,0,1,0,차대차 - 측면직각충돌,안전운전불이행,건조,흐림,단일로 - 기타,화물,남,39세,기타불명,승용,남,34세,경상
2015112200100417,2015년 11월 22일 18시,일요일,충청남도 계룡시 금암동,경상사고,0,0,1,0,차대차 - 측면직각충돌,신호위반,건조,맑음,교차로 - 교차로안,승용,여,44세,기타불명,승용,여,43세,경상
2015112200100418,2015년 11월 22일 18시,일요일,충청남도 서천군 마산면,사망사고,1,0,0,0,차대사람 - 길가장자리구역통행중,안전운전불이행,건조,맑음,단일로 - 기타,화물,남,65세,상해없음,보행자,남,78세,사망
2015112200100456,2015년 11월 22일 19시,일요일,충청남도 태안군 태안읍,중상사고,0,1,0,0,차대차 - 정면충돌,신호위반,습기,비,교차로 - 교차로안,이륜,남,73세,중상,승용,남,56세,상해없음
2015112200100583,2015년 11월 22일 22시,일요일,충청남도 홍성군 장곡면,중상사고,0,1,0,0,차량단독 - 전도전복,안전운전불이행,건조,맑음,단일로 - 기타,승용,남,46세,중상,,,,
2015112200100624,2015년 11월 22일 23시,일요일,충청남도 천안시 서북구 쌍용동,경상사고,0,0,2,0,차대차 - 추돌 - 진행중,안전운전불이행,건조,맑음,교차로 - 교차로안,승용,남,46세,상해없음,승용,남,30세,경상