사고번호,사고일시,요일,시군구,사고내용,사망자수,중상자수,경상자수,부상신고자수,사고유형,법규위반,노면상태,기상상태,도로형태,가해운전자 차종,가해운전자 성별,가해운전자 연령,가해운전자 상해정도,피해운전자 차종,피해운전자 성별,피해운전자 연령,피해운전자 상해정도
2015112200100625,2015년 11월 22일 23시,일요일,충청남도 아산시 온천동,경상사고,0,0,2,0,차대사람 - 횡단중,보행자보호의무위반,습기,비,단일로 - 횡단보도상,승용,여,52세,상해없음,보행자,여,41세,경상
2015112300100012,2015년 11월 23일 00시,월요일,충청남도 천안시 서북구 쌍용동,경상사고,0,0,2,0,차대차 - 측면직각충돌,교차로운행방법위반,습기,맑음,교차로 - 교차로안,승용,남,22세,상해없음,승용,남,38세,경상
2015112300100013,2015년 11월 23일 00시,월요일,충청남도 아산시 배방읍,중상사고,0,2,0,0,차대사람 - 횡단중,보행자보호의무위반,습기,비,단일로 - 횡단보도상,승용,남,22세,상해없음,보행자,남,30세,중상
2015112300100022,2015년 11월 23일 01시,월요일,충청남도 서산시 운산면,중상사고,0,1,3,0,차대차 - 추돌 - 진행중,안전운전불이행,습기,비,단일로 - 기타,승용,남,27세,상해없음,승용,기타불명,기타불명,기타불명
2015112300100044,2015년 11월 23일 03시,월요일,충청남도 천안시 서북구 백석동,경상사고,0,0,1,0,차대차 - 측면직각충돌,신호위반,습기,비,교차로 - 교차로안,승용,남,48세,상해없음,승용,남,63세,상해없음
2015112300100058,2015년 11월 23일 05시,월요일,충청남도 홍성군 홍성읍,경상사고,0,0,3,0,차대차 - 정면충돌,직진우회전진행방해,습기,비,교차로 - 교차로안,승용,남,20세,경상,승용,남,68세,경상
2015112300100087,2015년 11월 23일 06시,월요일,충청남도 천안시 서북구 백석동,경상사고,0,0,1,0,차대차 - 추돌 - 진행중,안전운전불이행,습기,비,단일로 - 기타,승용,남,39세,상해없음,화물,남,64세,상해없음
2015112300100089,2015년 11월 23일 06시,월요일,충청남도 천안시 동남구 성남면,중상사고,0,1,0,0,차대사람 - 길가장자리구역통행중,안전운전불이행,습기,비,단일로 - 기타,승용,여,51세,상해없음,보행자,남,75세,중상
2015112300100090,2015년 11월 23일 06시,월요일,충청남도 천안시 동남구 신부동,경상사고,0,0,1,1,차대차 - 추돌 - 주정차중,안전운전불이행,습기,비,교차로 - 교차로부근,승용,여,63세,부상신고,승용,남,61세,경상
2015112300100123,2015년 11월 23일 07시,월요일,충청남도 천안시 서북구 두정동,중상사고,0,1,0,0,차대사람 - 횡단중,안전운전불이행,습기,비,단일로 - 기타,승용,남,51세,상해없음,보행자,여,23세,중상
2015112300100124,2015년 11월 23일 07시,월요일,충청남도 아산시 영인면,경상사고,0,0,1,0,차대차 - 기타,안전운전불이행,습기,비,교차로 - 교차로부근,화물,남,36세,기타불명,승용,여,51세,경상
2015112300100201,2015년 11월 23일 09시,월요일,충청남도 아산시 온천동,경상사고,0,0,1,0,차대차 - 측면직각충돌,안전운전불이행,건조,맑음,교차로 - 교차로안,화물,여,45세,경상,특수,남,47세,상해없음
2015112300100227,2015년 11월 23일 10시,월요일,충청남도 아산시 영인면,부상신고사고,0,0,0,1,차대차 - 정면충돌,안전운전불이행,건조,맑음,단일로 - 기타,승용,여,51세,부상신고,승용,남,54세,상해없음
2015112300100228,2015년 11월 23일 10시,월요일,충청남도 부여군 규암면,중상사고,0,1,1,0,차대차 - 정면충돌,안전운전불이행,건조,맑음,단일로 - 기타,승용,남,75세,기타불명,승용,여,60세,경상
2015112300100249,2015년 11월 23일 11시,월요일,충청남도 아산시 인주면,중상사고,0,1,0,0,차량단독 - 전도전복,안전운전불이행,건조,맑음,단일로 - 기타,승용,남,27세,중상,,,,
2015112300100362,2015년 11월 23일 15시,월요일,충청남도 천안시 서북구 쌍용동,경상사고,0,0,1,0,차대사람 - 기타,안전운전불이행,건조,맑음,단일로 - 기타,승용,남,64세,상해없음,보행자,여,67세,경상
2015112300100395,2015년 11월 23일 16시,월요일,충청남도 천안시 서북구 쌍용동,중상사고,0,1,0,0,차대차 - 기타,안전거리미확보,건조,맑음,단일로 - 기타,승용,여,33세,상해없음,승합,남,43세,상해없음
2015112300100396,2015년 11월 23일 16시,월요일,충청남도 보령시 궁촌동,경상사고,0,0,1,0,차대차 - 기타,안전운전불이행,건조,맑음,교차로 - 교차로안,화물,남,52세,기타불명,승합,남,42세,상해없음
2015112300100426,2015년 11월 23일 17시,월요일,충청남도 천안시 동남구 신방동,부상신고사고,0,0,0,1,차대사람 - 횡단중,안전운전불이행,건조,맑음,교차로 - 교차로안,기타불명,기타불명,기타불명,기타불명,보행자,남,14세,부상신고
2015112300100481,2015년 11월 23일 18시,월요일,충청남도 아산시 권곡동,경상사고,0,0,1,0,차대차 - 정면충돌,안전운전불이행,건조,맑음,단일로 - 기타,승용,남,43세,상해없음,화물,남,33세,경상
2015112300100482,2015년 11월 23일 18시,월요일,충청남도 아산시 탕정면,중상사고,0,1,0,0,차대차 - 측면직각충돌,안전운전불이행,건조,맑음,교차로 - 교차로안,승용,남,30세,중상,승용,남,25세,상해없음
2015112300100483,2015년 11월 23일 18시,월요일,충청남도 공주시 신관동,경상사고,0,0,2,0,차대차 - 정면충돌,신호위반,건조,맑음,교차로 - 교차로안,승용,여,46세,경상,승용,남,54세,경상
2015112300100534,2015년 11월 23일 19시,월요일,충청남도 천안시 서북구 불당동,중상사고,0,1,1,0,차대차 - 추돌 - 주정차중,안전운전불이행,건조,맑음,단일로 - 기타,화물,남,38세,상해없음,승용,남,55세,경상
2015112300100535,2015년 11월 23일 19시,월요일,충청남도 천안시 서북구 입장면,경상사고,0,0,1,0,차대차 - 추돌 - 주정차중,안전운전불이행,건조,흐림,교차로 - 교차로부근,화물,남,47세,상해없음,화물,여,42세,경상
2015112300100536,2015년 11월 23일 19시,월요일,충청남도 서천군 마서면,사망사고,1,0,0,0,차대사람 - 횡단중,안전운전불이행,건조,맑음,교차로 - 교차로안,화물,남,37세,상해없음,보행자,남,56세,사망
2015112300100537,2015년 11월 23일 19시,월요일,충청남도 보령시 신흑동,경상사고,0,0,2,0,차대차 - 추돌 - 진행중,안전운전불이행,건조,맑음,교차로 - 교차로부근,승용,남,48세,기타불명,승용,여,25세,경상
2015112300100538,2015년 11월 23일 19시,월요일,충청남도 당진시 읍내리,중상사고,0,1,1,0,차대차 - 추돌 - 진행중,신호위반,건조,맑음,교차로 - 교차로안,승용,남,54세,기타불명,승용,남,62세,경상
2015112300100576,2015년 11월 23일 20시,월요일,충청남도 태안군 태안읍,경상사고,0,0,1,0,차대차 - 기타,직진우회전진행방해,습기,비,교차로 - 교차로안,승용,남,29세,상해없음,원동기,남,44세,경상
2015112300100629,2015년 11월 23일 22시,월요일,충청남도 아산시 온천동,경상사고,0,0,2,0,차대차 - 정면충돌,안전운전불이행,건조,맑음,단일로 - 기타,화물,남,41세,기타불명,승용,여,49세,경상
2015112300100643,2015년 11월 23일 23시,월요일,충청남도 천안시 서북구 백석동,경상사고,0,0,1,0,차대사람 - 횡단중,보행자보호의무위반,건조,맑음,단일로 - 횡단보도상,승용,남,40세,상해없음,보행자,남,42세,경상
2015112400100006,2015년 11월 24일 00시,화요일,충청남도 당진시 송산면,경상사고,0,0,3,0,차대차 - 정면충돌,중앙선침범,건조,맑음,단일로 - 기타,승용,남,38세,상해없음,승용,남,51세,경상
2015112400100069,2015년 11월 24일 06시,화요일,충청남도 당진시 수청리,경상사고,0,0,1,0,차대차 - 측면직각충돌,신호위반,건조,맑음,교차로 - 교차로안,승용,남,44세,상해없음,승용,남,26세,경상
2015112400100128,2015년 11월 24일 08시,화요일,충청남도 논산시 지산동,중상사고,0,5,0,0,차대차 - 정면충돌,안전운전불이행,건조,흐림,교차로 - 교차로부근,승용,여,45세,상해없음,승용,여,41세,중상
2015112400100187,2015년 11월 24일 10시,화요일,충청남도 천안시 서북구 불당동,경상사고,0,0,1,0,차대차 - 추돌 - 진행중,안전운전불이행,건조,맑음,교차로 - 교차로부근,이륜,남,50세,경상,화물,남,59세,상해없음
2015112400100188,2015년 11월 24일 10시,화요일,충청남도 천안시 서북구 성성동,경상사고,0,0,1,0,차대차 - 정면충돌,교차로운행방법위반,건조,맑음,교차로 - 교차로안,승용,여,55세,상해없음,화물,남,44세,경상
2015112400100189,2015년 11월 24일 10시,화요일,충청남도 홍성군 홍성읍,경상사고,0,0,2,0,차대차 - 측면직각충돌,안전운전불이행,건조,맑음,단일로 - 기타,승용,여,60세,경상,승용,남,38세,경상
2015112400100190,2015년 11월 24일 10시,화요일,충청남도 공주시 유구읍,경상사고,0,0,1,0,차대차 - 정면충돌,안전운전불이행,건조,흐림,단일로 - 기타,화물,남,60세,상해없음,화물,남,42세,경상
2015112400100191,2015년 11월 24일 10시,화요일,충청남도 천안시 동남구 성남면,경상사고,0,0,2,0,차대차 - 측면직각충돌,안전운전불이행,건조,맑음,교차로 - 교차로안,승용,여,34세,경상,화물,남,51세,경상
2015112400100223,2015년 11월 24일 11시,화요일,충청남도 서산시 음암면,중상사고,0,1,0,0,차대차 - 정면충돌,교차로운행방법위반,건조,맑음,교차로 - 교차로안,원동기,남,73세,중상,승용,남,56세,상해없음
2015112400100224,2015년 11월 24일 11시,화요일,충청남도 홍성군 홍성읍,중상사고,0,1,0,0,차대차 - 정면충돌,안전운전불이행,건조,흐림,단일로 - 기타,승합,남,39세,상해없음,이륜,남,20세,중상
2015112400100225,2015년 11월 24일 11시,화요일,충청남도 보령시 신흑동,중상사고,0,1,0,0,차대사람 - 기타,기타,건조,맑음,기타 - 기타,화물,남,50세,상해없음,보행자,여,47세,중상
2015112400100245,2015년 11월 24일 12시,화요일,충청남도 부여군 규암면,중상사고,0,1,0,0,차량단독 - 공작물충돌,안전운전불이행,건조,맑음,단일로 - 기타,승용,남,81세,중상,,,,
2015112400100270,2015년 11월 24일 13시,화요일,충청남도 청양군 청양읍,경상사고,0,0,1,0,차대차 - 기타,안전거리미확보,건조,맑음,단일로 - 기타,이륜,남,73세,상해없음,승용,남,65세,상해없음
2015112400100310,2015년 11월 24일 14시,화요일,충청남도 부여군 은산면,중상사고,0,1,0,0,차대차 - 측면직각충돌,안전운전불이행,건조,맑음,단일로 - 기타,승용,남,47세,상해없음,이륜,남,40세,중상
2015112400100311,2015년 11월 24일 14시,화요일,충청남도 부여군 규암면,중상사고,0,1,0,0,차대차 - 측면직각충돌,안전운전불이행,건조,맑음,단일로 - 기타,승용,남,40세,상해없음,이륜,남,76세,중상
2015112400100337,2015년 11월 24일 15시,화요일,충청남도 태안군 원북면,경상사고,0,0,1,0,차대사람 - 횡단중,안전운전불이행,건조,맑음,교차로 - 교차로안,승용,남,61세,상해없음,보행자,여,12세,경상
2015112400100338,2015년 11월 24일 15시,화요일,충청남도 서천군 종천면,중상사고,0,1,0,0,차대차 - 측면직각충돌,직진우회전진행방해,건조,맑음,교차로 - 교차로안,건설기계,남,47세,상해없음,승용,여,56세,중상
2015112400100339,2015년 11월 24일 15시,화요일,충청남도 공주시 금흥동,경상사고,0,0,1,0,차대사람 - 횡단중,안전운전불이행,건조,흐림,단일로 - 기타,화물,남,30세,상해없음,보행자,남,10세,경상
2015112400100409,2015년 11월 24일 17시,화요일,충청남도 예산군 대술면,경상사고,0,0,2,0,차대차 - 추돌 - 진행중,기타,건조,맑음,단일로 - 기타,화물,남,39세,경상,화물,남,48세,경상
2015112400100516,2015년 11월 24일 19시,화요일,충청남도 서산시 인지면,중상사고,0,1,0,0,차대사람 - 횡단중,안전운전불이행,건조,맑음,교차로 - 교차로부근,승용,여,55세,상해없음,보행자,여,82세,중상
2015112400100517,2015년 11월 24일 19시,화요일,충청남도 보령시 대천동,경상사고,0,0,1,0,차대차 - 추돌 - 주정차중,안전운전불이행,습기,비,교차로 - 교차로부근,승용,남,52세,상해없음,승용,여,25세,경상
2015112400100591,2015년 11월 24일 21시,화요일,충청남도 당진시 순성면,중상사고,0,1,0,0,차대차 - 추돌 - 진행중,안전운전불이행,건조,맑음,단일로 - 기타,승합,남,45세,상해없음,승용,남,45세,중상
2015112400100627,2015년 11월 24일 22시,화요일,충청남도 서산시 예천동,중상사고,0,1,0,0,차대사람 - 횡단중,보행자보호의무위반,습기,비,교차로 - 교차로부근,승용,여,21세,상해없음,보행자,여,50세,중상
2015112400100628,2015년 11월 24일 22시,화요일,충청남도 천안시 서북구 쌍용동,경상사고,0,0,1,0,차대차 - 정면충돌,안전운전불이행,습기,비,기타 - 기타,승용,남,55세,상해없음,승용,여,48세,경상
2015112400100629,2015년 11월 24일 22시,화요일,충청남도 천안시 서북구 성정동,경상사고,0,0,1,0,차대차 - 추돌 - 주정차중,안전운전불이행,습기,비,교차로 - 교차로안,승용,남,30세,상해없음,승용,여,51세,경상
2015112400100678,2015년 11월 24일 23시,화요일,충청남도 보령시 대천동,중상사고,0,1,0,0,차대사람 - 기타,안전운전불이행,습기,비,단일로 - 기타,원동기,남,18세,상해없음,보행자,남,59세,중상
2015112400100680,2015년 11월 24일 23시,화요일,충청남도 천안시 동남구 성남면,중상사고,0,2,1,0,차대차 - 추돌 - 진행중,안전운전불이행,건조,맑음,단일로 - 기타,승용,여,53세,상해없음,승용,남,18세,중상
2015112500100024,2015년 11월 25일 00시,수요일,충청남도 당진시 송악읍,경상사고,0,0,1,0,차대사람 - 횡단중,보행자보호의무위반,습기,비,단일로 - 횡단보도상,승합,남,37세,상해없음,보행자,남,30세,경상
2015112500100049,2015년 11월 25일 01시,수요일,충청남도 천안시 서북구 두정동,경상사고,0,0,2,0,차대차 - 측면직각충돌,신호위반,습기,비,교차로 - 교차로안,승용,남,41세,상해없음,승용,남,53세,경상
2015112500100121,2015년 11월 25일 05시,수요일,충청남도 천안시 동남구 영성동,중상사고,0,1,0,0,차대사람 - 횡단중,안전운전불이행,건조,맑음,기타 - 기타,승합,남,32세,상해없음,보행자,남,70세,중상
2015112500100140,2015년 11월 25일 06시,수요일,충청남도 천안시 동남구 삼룡동,중상사고,0,1,0,0,차대사람 - 횡단중,신호위반,건조,맑음,교차로 - 교차로안,이륜,남,45세,상해없음,보행자,남,53세,중상
2015112500100172,2015년 11월 25일 07시,수요일,충청남도 아산시 온천동,경상사고,0,0,1,0,차대사람 - 횡단중,안전운전불이행,습기,비,교차로 - 교차로안,승용,남,25세,상해없음,보행자,여,73세,경상
2015112500100208,2015년 11월 25일 08시,수요일,충청남도 천안시 서북구 백석동,경상사고,0,0,1,0,차대차 - 측면직각충돌,신호위반,습기,흐림,교차로 - 교차로안,승용,남,55세,상해없음,승용,남,24세,경상
2015112500100209,2015년 11월 25일 08시,수요일,충청남도 계룡시 금암동,중상사고,0,1,0,0,차량단독 - 기타,안전운전불이행,건조,맑음,교차로 - 교차로부근,승합,남,27세,상해없음,,,,
2015112500100260,2015년 11월 25일 10시,수요일,충청남도 공주시 신관동,경상사고,0,0,1,0,차대사람 - 차도통행중,안전운전불이행,습기,흐림,단일로 - 기타,승용,여,54세,상해없음,보행자,여,54세,경상
2015112500100284,2015년 11월 25일 11시,수요일,충청남도 천안시 동남구 북면,중상사고,0,1,0,0,차대사람 - 횡단중,안전운전불이행,습기,흐림,단일로 - 기타,기타불명,기타불명,기타불명,기타불명,보행자,여,78세,중상
2015112500100304,2015년 11월 25일 12시,수요일,충청남도 서산시 수석동,중상사고,0,1,1,0,차대차 - 정면충돌,안전운전불이행,습기,비,교차로 - 교차로부근,화물,남,57세,상해없음,화물,남,51세,경상
2015112500100305,2015년 11월 25일 12시,수요일,충청남도 예산군 예산읍,경상사고,0,0,1,0,차대차 - 정면충돌,직진우회전진행방해,습기,비,교차로 - 교차로안,승용,여,46세,상해없음,승용,남,66세,경상
2015112500100306,2015년 11월 25일 12시,수요일,충청남도 예산군 덕산면,중상사고,0,1,0,0,차량단독 - 전도전복,안전운전불이행,습기,흐림,단일로 - 기타,승용,남,41세,상해없음,,,,
2015112500100393,2015년 11월 25일 15시,수요일,충청남도 홍성군 은하면,경상사고,0,0,1,0,차대차 - 측면직각충돌,중앙선침범,습기,흐림,단일로 - 기타,승용,남,66세,상해없음,승용,남,28세,경상
2015112500100422,2015년 11월 25일 16시,수요일,충청남도 천안시 동남구 수신면,중상사고,0,1,0,0,차대차 - 정면충돌,교차로운행방법위반,습기,비,교차로 - 교차로안,승용,남,80세,중상,승합,남,51세,상해없음
2015112500100423,2015년 11월 25일 16시,수요일,충청남도 논산시 가야곡면,중상사고,0,1,0,0,차대차 - 추돌 - 진행중,안전운전불이행,건조,맑음,기타 - 기타,기타불명,기타불명,기타불명,기타불명,승용,남,40세,중상
2015112500100475,2015년 11월 25일 17시,수요일,충청남도 홍성군 홍성읍,경상사고,0,0,1,0,차대차 - 정면충돌,안전운전불이행,습기,비,교차로 - 교차로안,승용,남,43세,상해없음,승용,남,43세,경상
2015112500100476,2015년 11월 25일 17시,수요일,충청남도 아산시 권곡동,중상사고,0,1,0,0,차대사람 - 횡단중,안전운전불이행,습기,비,교차로 - 교차로안,승합,남,53세,상해없음,보행자,여,55세,중상
2015112500100477,2015년 11월 25일 17시,수요일,충청남도 보령시 주교면,경상사고,0,0,1,0,차대차 - 정면충돌,안전운전불이행,습기,비,기타 - 기타,승용,남,55세,기타불명,이륜,남,37세,경상
2015112500100541,2015년 11월 25일 18시,수요일,충청남도 보령시 웅천읍,경상사고,0,0,1,0,차대차 - 추돌 - 진행중,안전거리미확보,건조,맑음,단일로 - 기타,승용,남,58세,상해없음,승용,남,55세,경상
2015112500100582,2015년 11월 25일 19시,수요일,충청남도 천안시 서북구 성환읍,중상사고,0,1,0,0,차대사람 - 기타,안전운전불이행,건조,맑음,단일로 - 기타,승용,남,48세,상해없음,보행자,여,16세,중상
2015112500100583,2015년 11월 25일 19시,수요일,충청남도 공주시 신관동,경상사고,0,0,1,0,차대차 - 측면직각충돌,안전운전불이행,습기,비,단일로 - 기타,승용,남,57세,상해없음,승용,여,42세,경상
2015112500100615,2015년 11월 25일 20시,수요일,충청남도 천안시 서북구 백석동,경상사고,0,0,2,0,차대차 - 추돌 - 진행중,안전운전불이행,건조,맑음,단일로 - 기타,승용,남,27세,상해없음,승용,남,30세,경상
2015112500100616,2015년 11월 25일 20시,수요일,충청남도 천안시 서북구 성환읍,경상사고,0,0,1,0,차대차 - 기타,안전운전불이행,결빙,눈,단일로 - 기타,승용,남,63세,상해없음,승용,남,29세,경상
2015112500100656,2015년 11월 25일 21시,수요일,충청남도 논산시 강산동,중상사고,0,1,1,0,차대차 - 추돌 - 주정차중,안전운전불이행,습기,비,교차로 - 교차로부근,화물,남,44세,상해없음,화물,남,32세,경상
2015112500100657,2015년 11월 25일 21시,수요일,충청남도 아산시 용화동,경상사고,0,0,1,0,차대사람 - 기타,안전운전불이행,습기,비,교차로 - 교차로부근,승용,여,56세,상해없음,보행자,남,58세,경상
2015112500100689,2015년 11월 25일 22시,수요일,충청남도 서산시 대산읍,중상사고,0,1,0,0,차대차 - 추돌 - 주정차중,안전운전불이행,건조,흐림,교차로 - 교차로부근,승용,남,42세,상해없음,승용,여,46세,중상
2015112500100690,2015년 11월 25일 22시,수요일,충청남도 아산시 용화동,중상사고,0,1,1,0,차대차 - 정면충돌,신호위반,습기,흐림,교차로 - 교차로안,승용,여,26세,상해없음,화물,남,34세,경상
2015112500100691,2015년 11월 25일 22시,수요일,충청남도 보령시 죽정동,경상사고,0,0,1,0,차대차 - 추돌 - 주정차중,안전운전불이행,건조,맑음,단일로 - 기타,승용,남,32세,상해없음,승용,남,53세,경상
2015112600100031,2015년 11월 26일 01시,목요일,충청남도 당진시 신평면,경상사고,0,0,1,0,차대차 - 추돌 - 진행중,안전운전불이행,습기,비,교차로 - 교차로안,승용,남,49세,상해없음,승용,남,49세,경상
2015112600100032,2015년 11월 26일 01시,목요일,충청남도 천안시 동남구 원성동,중상사고,0,1,0,0,차대사람 - 기타,안전운전불이행,건조,맑음,교차로 - 교차로안,승용,남,58세,상해없음,보행자,남,16세,중상
2015112600100077,2015년 11월 26일 06시,목요일,충청남도 서산시 석남동,경상사고,0,0,1,0,차대사람 - 횡단중,안전운전불이행,결빙,눈,교차로 - 교차로안,승용,여,40세,상해없음,보행자,남,47세,경상
2015112600100078,2015년 11월 26일 06시,목요일,충청남도 홍성군 금마면,중상사고,0,1,0,0,차대사람 - 횡단중,안전운전불이행,건조,흐림,교차로 - 교차로부근,승용,남,42세,상해없음,보행자,여,85세,중상
2015112600100079,2015년 11월 26일 06시,목요일,충청남도 천안시 동남구 원성동,중상사고,0,1,3,0,차대차 - 정면충돌,중앙선침범,습기,눈,교차로 - 교차로안,승용,남,19세,상해없음,승용,남,53세,중상
2015112600100080,2015년 11월 26일 06시,목요일,충청남도 천안시 동남구 신방동,경상사고,0,0,1,0,차대차 - 측면직각충돌,신호위반,습기,눈,교차로 - 교차로안,승용,남,45세,상해없음,승용,남,28세,경상
2015112600100168,2015년 11월 26일 09시,목요일,충청남도 서천군 한산면,중상사고,0,1,1,0,차대사람 - 기타,안전운전불이행,적설,눈,교차로 - 교차로부근,이륜,남,72세,경상,보행자,여,86세,중상
2015112600100169,2015년 11월 26일 09시,목요일,충청남도 공주시 의당면,중상사고,0,18,42,0,차대차 - 추돌 - 진행중,안전운전불이행,결빙,눈,단일로 - 기타,승용,여,37세,상해없음,승합,남,64세,상해없음
2015112600100202,2015년 11월 26일 10시,목요일,충청남도 서산시 동문동,경상사고,0,0,1,0,차대사람 - 횡단중,보행자보호의무위반,건조,맑음,단일로 - 기타,승용,남,67세,상해없음,보행자,여,50세,경상
2015112600100203,2015년 11월 26일 10시,목요일,충청남도 홍성군 광천읍,경상사고,0,0,1,0,차대차 - 정면충돌,교차로운행방법위반,습기,흐림,교차로 - 교차로안,승용,남,58세,상해없음,승용,남,76세,경상
2015112600100204,2015년 11월 26일 10시,목요일,충청남도 서천군 종천면,경상사고,0,0,1,0,차대차 - 정면충돌,안전운전불이행,적설,눈,단일로 - 기타,승용,여,55세,상해없음,승용,남,64세,경상
2015112600100322,2015년 11월 26일 14시,목요일,충청남도 태안군 태안읍,경상사고,0,0,1,0,차대차 - 추돌 - 진행중,안전거리미확보,건조,맑음,단일로 - 기타,승합,여,53세,상해없음,화물,남,50세,상해없음
2015112600100323,2015년 11월 26일 14시,목요일,충청남도 보령시 주포면,중상사고,0,1,0,1,차대차 - 정면충돌,신호위반,건조,맑음,교차로 - 교차로안,특수,남,59세,기타불명,승합,남,55세,부상신고
2015112600100325,2015년 11월 26일 14시,목요일,충청남도 당진시 신평면,경상사고,0,0,1,0,차대차 - 정면충돌,안전운전불이행,건조,맑음,단일로 - 횡단보도상,화물,남,48세,상해없음,화물,남,62세,상해없음
2015112600100326,2015년 11월 26일 14시,목요일,충청남도 천안시 동남구 신부동,경상사고,0,0,1,0,차대차 - 기타,안전거리미확보,적설,눈,단일로 - 기타,화물,남,57세,상해없음,승용,남,35세,경상
2015112600100356,2015년 11월 26일 15시,목요일,충청남도 홍성군 광천읍,경상사고,0,0,1,0,차대차 - 정면충돌,안전운전불이행,습기,눈,단일로 - 기타,화물,남,62세,상해없음,승용,남,27세,경상
2015112600100358,2015년 11월 26일 15시,목요일,충청남도 보령시 웅천읍,중상사고,0,1,0,0,차대차 - 측면직각충돌,안전운전불이행,적설,눈,단일로 - 기타,승용,남,62세,상해없음,승용,여,38세,중상
2015112600100387,2015년 11월 26일 16시,목요일,충청남도 천안시 서북구 직산읍,경상사고,0,0,1,0,차대차 - 기타,안전운전불이행,건조,맑음,교차로 - 교차로안,화물,남,61세,상해없음,승용,남,30세,경상
2015112600100434,2015년 11월 26일 17시,목요일,충청남도 천안시 서북구 쌍용동,경상사고,0,0,3,0,차대차 - 추돌 - 주정차중,안전운전불이행,결빙,눈,단일로 - 기타,승용,남,57세,상해없음,승용,여,45세,경상
2015112600100435,2015년 11월 26일 17시,목요일,충청남도 예산군 신양면,사망사고,2,1,0,0,차대차 - 기타,안전운전불이행,결빙,눈,단일로 - 기타,승용,남,30세,중상,승용,남,31세,상해없음
2015112600100492,2015년 11월 26일 18시,목요일,충청남도 공주시 신풍면,경상사고,0,0,1,0,차대차 - 추돌 - 진행중,안전운전불이행,적설,눈,단일로 - 기타,화물,남,34세,상해없음,승용,남,34세,경상
2015112600100548,2015년 11월 26일 19시,목요일,충청남도 당진시 합덕읍,중상사고,0,1,1,0,차대차 - 정면충돌,안전운전불이행,결빙,눈,단일로 - 기타,승합,남,71세,상해없음,화물,남,60세,상해없음
2015112600100549,2015년 11월 26일 19시,목요일,충청남도 공주시 유구읍,중상사고,0,2,2,0,차대차 - 정면충돌,안전운전불이행,결빙,눈,단일로 - 기타,승합,남,45세,중상,화물,남,24세,경상
2015112600100575,2015년 11월 26일 20시,목요일,충청남도 태안군 태안읍,경상사고,0,0,2,0,차대차 - 정면충돌,안전운전불이행,적설,눈,단일로 - 기타,승용,남,50세,상해없음,승용,남,48세,상해없음
2015112600100576,2015년 11월 26일 20시,목요일,충청남도 홍성군 홍북면,경상사고,0,0,1,0,차대차 - 정면충돌,안전운전불이행,습기,눈,단일로 - 기타,승용,남,49세,상해없음,화물,남,47세,경상
2015112600100577,2015년 11월 26일 20시,목요일,충청남도 당진시 송악읍,경상사고,0,0,1,0,차대사람 - 횡단중,보행자보호의무위반,건조,맑음,단일로 - 횡단보도상,승용,남,41세,상해없음,보행자,남,9세,경상
2015112600100608,2015년 11월 26일 21시,목요일,충청남도 서산시 팔봉면,중상사고,0,1,0,0,차량단독 - 기타,안전운전불이행,결빙,눈,단일로 - 기타,승합,남,73세,상해없음,,,,
2015112600100609,2015년 11월 26일 21시,목요일,충청남도 아산시 배방읍,경상사고,0,0,2,0,차대차 - 측면직각충돌,안전운전불이행,결빙,눈,미분류 - 미분류,화물,남,34세,상해없음,승용,남,38세,경상
2015112600100610,2015년 11월 26일 21시,목요일,충청남도 당진시 합덕읍,경상사고,0,0,1,0,차대차 - 정면충돌,안전거리미확보,결빙,맑음,단일로 - 기타,승용,여,29세,상해없음,승합,남,51세,상해없음
2015112600100647,2015년 11월 26일 22시,목요일,충청남도 아산시 탕정면,경상사고,0,0,2,0,차대사람 - 기타,안전운전불이행,결빙,눈,교차로 - 교차로부근,승용,남,25세,상해없음,보행자,남,24세,경상
2015112600100648,2015년 11월 26일 22시,목요일,충청남도 아산시 용화동,경상사고,0,0,2,0,차대차 - 측면직각충돌,안전운전불이행,적설,눈,교차로 - 교차로안,승용,남,19세,상해없음,승용,여,25세,경상
2015112600100649,2015년 11월 26일 22시,목요일,충청남도 공주시 금흥동,경상사고,0,0,1,0,차대차 - 추돌 - 진행중,안전운전불이행,건조,맑음,교차로 - 교차로안,승용,남,47세,상해없음,승용,남,61세,경상
2015112700100011,2015년 11월 27일 00시,금요일,충청남도 아산시 온천동,경상사고,0,0,1,0,차대차 - 측면직각충돌,중앙선침범,결빙,흐림,기타 - 기타,승용,남,36세,상해없음,승용,남,44세,경상
2015112700100012,2015년 11월 27일 00시,금요일,충청남도 아산시 탕정면,경상사고,0,0,1,0,차대사람 - 차도통행중,안전운전불이행,결빙,눈,단일로 - 기타,승용,남,47세,기타불명,보행자,남,34세,경상
2015112700100107,2015년 11월 27일 07시,금요일,충청남도 공주시 금흥동,사망사고,1,0,1,0,차대차 - 정면충돌,중앙선침범,건조,맑음,단일로 - 기타,승용,남,74세,사망,화물,남,58세,상해없음