사고번호,사고일시,요일,시군구,사고내용,사망자수,중상자수,경상자수,부상신고자수,사고유형,법규위반,노면상태,기상상태,도로형태,가해운전자 차종,가해운전자 성별,가해운전자 연령,가해운전자 상해정도,피해운전자 차종,피해운전자 성별,피해운전자 연령,피해운전자 상해정도
2015122100100532,2015년 12월 21일 19시,월요일,충청남도 천안시 서북구 쌍용동,경상사고,0,0,2,0,차대사람 - 횡단중,안전운전불이행,건조,맑음,단일로 - 기타,승용,남,55세,상해없음,보행자,남,15세,경상
2015122100100533,2015년 12월 21일 19시,월요일,충청남도 천안시 서북구 쌍용동,중상사고,0,1,2,0,차대차 - 측면직각충돌,안전운전불이행,건조,맑음,단일로 - 기타,승용,남,23세,경상,승용,여,55세,중상
2015122100100534,2015년 12월 21일 19시,월요일,충청남도 논산시 부창동,중상사고,0,1,0,0,차대차 - 측면직각충돌,직진우회전진행방해,건조,맑음,교차로 - 교차로안,승용,여,54세,상해없음,원동기,남,16세,중상
2015122100100630,2015년 12월 21일 22시,월요일,충청남도 서천군 서천읍,경상사고,0,0,1,0,차대차 - 정면충돌,안전운전불이행,건조,맑음,단일로 - 기타,승용,남,43세,상해없음,승용,남,65세,경상
2015122100100631,2015년 12월 21일 22시,월요일,충청남도 부여군 규암면,중상사고,0,1,1,0,차대차 - 정면충돌,안전운전불이행,습기,흐림,교차로 - 교차로부근,승용,남,23세,상해없음,승용,여,41세,중상
2015122100100659,2015년 12월 21일 23시,월요일,충청남도 논산시 노성면,중상사고,0,1,0,0,차대사람 - 횡단중,안전운전불이행,습기,맑음,단일로 - 기타,화물,남,52세,상해없음,보행자,남,45세,중상
2015122200100055,2015년 12월 22일 05시,화요일,충청남도 아산시 모종동,경상사고,0,0,1,0,차대사람 - 횡단중,보행자보호의무위반,습기,안개,교차로 - 교차로안,승용,남,52세,상해없음,보행자,여,58세,경상
2015122200100107,2015년 12월 22일 07시,화요일,충청남도 아산시 모종동,중상사고,0,4,0,0,차대차 - 측면직각충돌,신호위반,건조,맑음,단일로 - 횡단보도부근,승용,남,43세,상해없음,승용,남,51세,중상
2015122200100228,2015년 12월 22일 11시,화요일,충청남도 보령시 신흑동,경상사고,0,0,2,0,차대차 - 정면충돌,직진우회전진행방해,건조,맑음,교차로 - 교차로안,승용,남,54세,경상,화물,남,55세,경상
2015122200100229,2015년 12월 22일 11시,화요일,충청남도 당진시 읍내리,경상사고,0,0,1,0,차대사람 - 횡단중,보행자보호의무위반,습기,흐림,교차로 - 교차로안,승용,여,46세,상해없음,보행자,여,43세,경상
2015122200100256,2015년 12월 22일 12시,화요일,충청남도 서산시 해미면,중상사고,0,2,0,0,차대차 - 정면충돌,교차로운행방법위반,건조,맑음,교차로 - 교차로안,승용,여,25세,상해없음,원동기,남,80세,중상
2015122200100257,2015년 12월 22일 12시,화요일,충청남도 천안시 서북구 성정동,경상사고,0,0,1,0,차대차 - 측면직각충돌,안전운전불이행,건조,맑음,단일로 - 기타,승용,남,27세,상해없음,승용,남,63세,경상
2015122200100258,2015년 12월 22일 12시,화요일,충청남도 아산시 음봉면,중상사고,0,1,0,0,차대차 - 측면직각충돌,중앙선침범,건조,맑음,단일로 - 기타,건설기계,남,54세,상해없음,건설기계,남,61세,중상
2015122200100279,2015년 12월 22일 13시,화요일,충청남도 서천군 서천읍,중상사고,0,1,0,0,차대차 - 추돌 - 진행중,안전운전불이행,건조,맑음,단일로 - 기타,승용,남,55세,상해없음,원동기,남,77세,중상
2015122200100311,2015년 12월 22일 14시,화요일,충청남도 천안시 서북구 쌍용동,경상사고,0,0,1,1,차대차 - 측면직각충돌,신호위반,건조,맑음,교차로 - 교차로안,승용,남,44세,상해없음,승용,남,32세,부상신고
2015122200100312,2015년 12월 22일 14시,화요일,충청남도 금산군 진산면,중상사고,0,1,0,0,차대사람 - 횡단중,안전운전불이행,건조,맑음,단일로 - 기타,화물,남,48세,상해없음,보행자,여,75세,중상
2015122200100356,2015년 12월 22일 15시,화요일,충청남도 천안시 서북구 두정동,경상사고,0,0,1,0,차대차 - 기타,안전운전불이행,건조,맑음,교차로 - 교차로부근,승용,남,44세,기타불명,승용,여,35세,경상
2015122200100357,2015년 12월 22일 15시,화요일,충청남도 아산시 온천동,중상사고,0,1,0,0,차대차 - 정면충돌,안전운전불이행,건조,맑음,교차로 - 교차로안,화물,남,65세,상해없음,승용,남,51세,상해없음
2015122200100358,2015년 12월 22일 15시,화요일,충청남도 아산시 탕정면,경상사고,0,0,1,0,차대차 - 기타,중앙선침범,건조,맑음,단일로 - 기타,승합,남,33세,기타불명,이륜,남,32세,경상
2015122200100359,2015년 12월 22일 15시,화요일,충청남도 천안시 동남구 신부동,중상사고,0,1,0,0,차대차 - 정면충돌,안전운전불이행,건조,맑음,교차로 - 교차로안,승용,여,42세,상해없음,이륜,남,24세,중상
2015122200100390,2015년 12월 22일 16시,화요일,충청남도 천안시 서북구 성정동,경상사고,0,0,1,0,차대차 - 측면직각충돌,안전운전불이행,건조,맑음,단일로 - 기타,승용,여,57세,상해없음,승용,남,32세,경상
2015122200100428,2015년 12월 22일 17시,화요일,충청남도 서산시 대산읍,경상사고,0,0,3,0,차대차 - 정면충돌,안전운전불이행,건조,맑음,단일로 - 기타,특수,남,47세,상해없음,승용,여,28세,경상
2015122200100429,2015년 12월 22일 17시,화요일,충청남도 논산시 연무읍,경상사고,0,0,1,0,차대차 - 정면충돌,교차로운행방법위반,건조,맑음,교차로 - 교차로안,이륜,남,50세,상해없음,승용,남,25세,경상
2015122200100471,2015년 12월 22일 18시,화요일,충청남도 서산시 석남동,중상사고,0,1,0,0,차대사람 - 횡단중,안전운전불이행,건조,맑음,단일로 - 기타,승용,남,62세,상해없음,보행자,여,33세,중상
2015122200100514,2015년 12월 22일 19시,화요일,충청남도 청양군 청남면,경상사고,0,0,1,0,차대차 - 추돌 - 진행중,안전운전불이행,건조,맑음,단일로 - 기타,승용,남,51세,상해없음,화물,남,35세,경상
2015122200100551,2015년 12월 22일 20시,화요일,충청남도 천안시 서북구 두정동,경상사고,0,0,1,0,차대차 - 측면직각충돌,안전운전불이행,건조,맑음,단일로 - 기타,승용,남,57세,상해없음,승용,남,32세,경상
2015122200100552,2015년 12월 22일 20시,화요일,충청남도 당진시 송악읍,경상사고,0,0,1,0,차대차 - 정면충돌,교차로운행방법위반,건조,맑음,교차로 - 교차로안,승용,남,44세,상해없음,승용,여,31세,경상
2015122200100625,2015년 12월 22일 23시,화요일,충청남도 부여군 부여읍,경상사고,0,0,1,0,차대차 - 정면충돌,안전운전불이행,습기,기타,단일로 - 기타,화물,남,51세,상해없음,화물,남,34세,경상
2015122300100043,2015년 12월 23일 01시,수요일,충청남도 천안시 서북구 두정동,경상사고,0,0,1,0,차대차 - 기타,안전운전불이행,건조,맑음,교차로 - 교차로부근,승용,남,28세,상해없음,승용,남,53세,경상
2015122300100053,2015년 12월 23일 02시,수요일,충청남도 천안시 서북구 백석동,중상사고,0,1,0,0,차대사람 - 횡단중,보행자보호의무위반,건조,맑음,단일로 - 기타,승용,남,23세,상해없음,보행자,남,39세,중상
2015122300100099,2015년 12월 23일 06시,수요일,충청남도 논산시 부적면,중상사고,0,1,0,0,차대차 - 측면직각충돌,불법유턴,습기,눈,교차로 - 교차로안,건설기계,남,55세,상해없음,승용,남,32세,중상
2015122300100121,2015년 12월 23일 07시,수요일,충청남도 천안시 서북구 성성동,경상사고,0,0,1,0,차대차 - 추돌 - 진행중,안전운전불이행,건조,맑음,단일로 - 기타,승용,남,35세,상해없음,승용,남,33세,경상
2015122300100122,2015년 12월 23일 07시,수요일,충청남도 당진시 송악읍,경상사고,0,0,1,0,차대차 - 정면충돌,안전운전불이행,습기,흐림,단일로 - 기타,승용,남,59세,상해없음,승용,남,37세,경상
2015122300100156,2015년 12월 23일 08시,수요일,충청남도 천안시 서북구 성정동,경상사고,0,0,1,0,차대차 - 기타,안전운전불이행,건조,맑음,교차로 - 교차로부근,화물,남,61세,상해없음,승용,남,30세,경상
2015122300100157,2015년 12월 23일 08시,수요일,충청남도 천안시 서북구 직산읍,경상사고,0,0,1,0,차대차 - 기타,안전운전불이행,건조,맑음,교차로 - 교차로부근,화물,남,39세,상해없음,승용,남,36세,경상
2015122300100158,2015년 12월 23일 08시,수요일,충청남도 아산시 배방읍,경상사고,0,0,1,0,차대차 - 추돌 - 주정차중,안전운전불이행,건조,맑음,교차로 - 교차로안,승용,남,30세,상해없음,승용,남,49세,경상
2015122300100159,2015년 12월 23일 08시,수요일,충청남도 공주시 신관동,경상사고,0,0,1,0,차대사람 - 기타,안전운전불이행,습기,비,단일로 - 기타,승용,여,62세,상해없음,보행자,여,22세,경상
2015122300100187,2015년 12월 23일 09시,수요일,충청남도 태안군 원북면,경상사고,0,0,8,0,차대차 - 정면충돌,기타,건조,맑음,단일로 - 기타,화물,여,41세,상해없음,승합,남,51세,상해없음
2015122300100210,2015년 12월 23일 10시,수요일,충청남도 보령시 요암동,중상사고,0,1,0,0,차량단독 - 전도전복,안전운전불이행,건조,흐림,단일로 - 기타,원동기,남,72세,중상,,,,
2015122300100273,2015년 12월 23일 12시,수요일,충청남도 천안시 동남구 용곡동,경상사고,0,0,1,0,차대사람 - 기타,안전운전불이행,건조,맑음,단일로 - 기타,승합,남,49세,상해없음,보행자,여,56세,경상
2015122300100297,2015년 12월 23일 13시,수요일,충청남도 천안시 동남구 구성동,경상사고,0,0,1,0,차대차 - 추돌 - 진행중,안전운전불이행,습기,비,단일로 - 기타,승합,남,56세,상해없음,승용,남,55세,경상
2015122300100330,2015년 12월 23일 14시,수요일,충청남도 서산시 석남동,경상사고,0,0,1,0,차대차 - 정면충돌,안전운전불이행,건조,맑음,단일로 - 기타,이륜,여,60세,경상,승용,여,32세,상해없음
2015122300100331,2015년 12월 23일 14시,수요일,충청남도 천안시 서북구 쌍용동,경상사고,0,0,1,0,차대사람 - 횡단중,신호위반,건조,맑음,단일로 - 횡단보도상,승용,여,42세,상해없음,보행자,여,18세,경상
2015122300100332,2015년 12월 23일 14시,수요일,충청남도 논산시 강산동,경상사고,0,0,1,0,차대차 - 정면충돌,교차로운행방법위반,건조,맑음,교차로 - 교차로안,이륜,남,80세,경상,화물,남,53세,상해없음
2015122300100430,2015년 12월 23일 17시,수요일,충청남도 아산시 음봉면,경상사고,0,0,1,0,차대차 - 기타,안전운전불이행,건조,맑음,교차로 - 교차로부근,승합,남,50세,상해없음,원동기,남,42세,상해없음
2015122300100483,2015년 12월 23일 18시,수요일,충청남도 천안시 서북구 입장면,경상사고,0,0,1,0,차대차 - 정면충돌,안전운전불이행,건조,맑음,단일로 - 기타,승용,남,60세,상해없음,승용,여,59세,경상
2015122300100484,2015년 12월 23일 18시,수요일,충청남도 논산시 연산면,중상사고,0,1,0,0,차대사람 - 횡단중,안전운전불이행,건조,맑음,교차로 - 교차로안,승용,남,26세,상해없음,보행자,남,63세,중상
2015122300100486,2015년 12월 23일 18시,수요일,충청남도 당진시 신평면,경상사고,0,0,1,0,차대차 - 정면충돌,안전운전불이행,건조,맑음,교차로 - 교차로안,승합,남,63세,상해없음,화물,남,26세,경상
2015122300100487,2015년 12월 23일 18시,수요일,충청남도 금산군 금성면,중상사고,0,1,0,0,차대사람 - 횡단중,안전운전불이행,습기,안개,단일로 - 기타,화물,남,66세,상해없음,보행자,남,85세,중상
2015122300100562,2015년 12월 23일 20시,수요일,충청남도 아산시 영인면,경상사고,0,0,1,0,차대사람 - 횡단중,안전운전불이행,건조,맑음,기타 - 기타,승용,남,31세,상해없음,보행자,여,42세,경상
2015122300100564,2015년 12월 23일 20시,수요일,충청남도 부여군 규암면,중상사고,0,1,0,0,차대차 - 기타,안전운전불이행,습기,안개,교차로 - 교차로안,승용,남,39세,상해없음,이륜,남,38세,중상
2015122300100589,2015년 12월 23일 21시,수요일,충청남도 천안시 서북구 쌍용동,경상사고,0,0,1,0,차대차 - 추돌 - 진행중,안전운전불이행,건조,맑음,단일로 - 기타,승용,남,40세,상해없음,승용,남,68세,경상
2015122300100614,2015년 12월 23일 22시,수요일,충청남도 천안시 서북구 쌍용동,경상사고,0,0,3,0,차대차 - 추돌 - 주정차중,안전운전불이행,건조,맑음,단일로 - 기타,승용,남,44세,상해없음,승용,남,49세,경상
2015122300100615,2015년 12월 23일 22시,수요일,충청남도 아산시 음봉면,중상사고,0,1,1,0,차대차 - 정면충돌,안전운전불이행,기타,안개,기타 - 기타,화물,남,41세,상해없음,화물,남,37세,경상
2015122300100653,2015년 12월 23일 23시,수요일,충청남도 서천군 판교면,사망사고,1,0,0,0,차대사람 - 기타,안전운전불이행,습기,안개,단일로 - 기타,승용,여,53세,상해없음,보행자,남,50세,사망
2015122400100025,2015년 12월 24일 00시,목요일,충청남도 천안시 서북구 쌍용동,경상사고,0,0,2,0,차대차 - 추돌 - 주정차중,안전운전불이행,건조,맑음,단일로 - 기타,승용,여,31세,상해없음,승용,남,29세,경상
2015122400100026,2015년 12월 24일 00시,목요일,충청남도 아산시 권곡동,경상사고,0,0,1,0,차량단독 - 전도전복,안전운전불이행,습기,안개,교차로 - 교차로부근,승용,남,30세,경상,,,,
2015122400100027,2015년 12월 24일 00시,목요일,충청남도 보령시 죽정동,중상사고,0,1,1,0,차량단독 - 공작물충돌,안전운전불이행,건조,맑음,단일로 - 기타,승용,남,61세,경상,,,,
2015122400100028,2015년 12월 24일 00시,목요일,충청남도 천안시 동남구 신부동,경상사고,0,0,1,0,차대차 - 정면충돌,교차로운행방법위반,건조,맑음,교차로 - 교차로부근,승용,남,44세,상해없음,이륜,남,31세,경상
2015122400100056,2015년 12월 24일 01시,목요일,충청남도 천안시 서북구 불당동,중상사고,0,2,0,0,차대차 - 측면직각충돌,신호위반,건조,맑음,교차로 - 교차로안,승용,남,49세,상해없음,승용,남,46세,중상
2015122400100190,2015년 12월 24일 09시,목요일,충청남도 홍성군 금마면,경상사고,0,0,1,0,차대차 - 정면충돌,신호위반,건조,맑음,교차로 - 교차로안,원동기,남,79세,경상,농기계,남,81세,상해없음
2015122400100216,2015년 12월 24일 10시,목요일,충청남도 보령시 대천동,중상사고,0,1,0,0,차대차 - 기타,교차로운행방법위반,건조,맑음,교차로 - 교차로부근,승용,여,59세,상해없음,원동기,남,75세,중상
2015122400100248,2015년 12월 24일 11시,목요일,충청남도 청양군 대치면,중상사고,0,1,0,0,차대차 - 정면충돌,중앙선침범,건조,맑음,단일로 - 기타,화물,남,21세,상해없음,승용,남,32세,중상
2015122400100309,2015년 12월 24일 13시,목요일,충청남도 아산시 영인면,중상사고,0,1,0,0,차량단독 - 기타,기타,건조,맑음,단일로 - 기타,승합,남,59세,상해없음,,,,
2015122400100346,2015년 12월 24일 14시,목요일,충청남도 천안시 서북구 성정동,경상사고,0,0,1,0,차대사람 - 횡단중,안전운전불이행,건조,맑음,교차로 - 교차로안,승용,여,37세,상해없음,보행자,여,60세,경상
2015122400100347,2015년 12월 24일 14시,목요일,충청남도 천안시 동남구 봉명동,경상사고,0,0,1,0,차대차 - 측면직각충돌,안전운전불이행,건조,맑음,단일로 - 기타,화물,남,26세,상해없음,이륜,남,22세,경상
2015122400100384,2015년 12월 24일 15시,목요일,충청남도 계룡시 엄사면,경상사고,0,0,1,0,차대사람 - 횡단중,보행자보호의무위반,건조,맑음,교차로 - 교차로부근,승용,남,74세,상해없음,보행자,여,47세,경상
2015122400100415,2015년 12월 24일 16시,목요일,충청남도 예산군 광시면,중상사고,0,1,1,0,차대차 - 기타,안전운전불이행,건조,맑음,단일로 - 기타,승합,남,67세,상해없음,승합,여,56세,중상
2015122400100451,2015년 12월 24일 17시,목요일,충청남도 천안시 서북구 백석동,경상사고,0,0,1,0,차대차 - 측면직각충돌,중앙선침범,건조,맑음,교차로 - 교차로부근,승합,남,43세,상해없음,승용,여,45세,경상
2015122400100452,2015년 12월 24일 17시,목요일,충청남도 아산시 인주면,경상사고,0,0,1,0,차대차 - 정면충돌,안전운전불이행,건조,맑음,단일로 - 기타,승용,남,51세,상해없음,승용,남,53세,경상
2015122400100512,2015년 12월 24일 18시,목요일,충청남도 홍성군 홍성읍,경상사고,0,0,1,0,차대차 - 정면충돌,교차로운행방법위반,건조,흐림,교차로 - 교차로안,이륜,남,20세,경상,승용,여,49세,상해없음
2015122400100513,2015년 12월 24일 18시,목요일,충청남도 아산시 신창면,경상사고,0,0,1,0,차대사람 - 횡단중,안전운전불이행,건조,흐림,교차로 - 교차로부근,승용,여,54세,상해없음,보행자,여,18세,경상
2015122400100514,2015년 12월 24일 18시,목요일,충청남도 금산군 추부면,사망사고,1,0,0,0,차대차 - 추돌 - 진행중,과속,건조,맑음,단일로 - 기타,승용,남,60세,상해없음,자전거,남,67세,사망
2015122400100578,2015년 12월 24일 19시,목요일,충청남도 천안시 서북구 두정동,중상사고,0,1,0,0,차대차 - 측면직각충돌,안전운전불이행,건조,맑음,교차로 - 교차로안,승용,남,33세,상해없음,원동기,남,39세,중상
2015122400100579,2015년 12월 24일 19시,목요일,충청남도 보령시 대천동,경상사고,0,0,1,0,차대사람 - 횡단중,안전운전불이행,건조,맑음,교차로 - 교차로안,승용,남,44세,상해없음,보행자,여,59세,경상
2015122400100580,2015년 12월 24일 19시,목요일,충청남도 예산군 덕산면,중상사고,0,1,0,0,차대사람 - 횡단중,안전운전불이행,건조,맑음,단일로 - 기타,승용,남,69세,상해없음,보행자,여,29세,중상
2015122400100663,2015년 12월 24일 21시,목요일,충청남도 서산시 음암면,중상사고,0,1,0,0,차량단독 - 공작물충돌,안전운전불이행,건조,맑음,단일로 - 기타,승용,남,43세,중상,,,,
2015122400100664,2015년 12월 24일 21시,목요일,충청남도 아산시 도고면,경상사고,0,0,2,0,차대차 - 정면충돌,중앙선침범,건조,맑음,단일로 - 기타,승용,남,52세,상해없음,승용,남,31세,경상
2015122400100665,2015년 12월 24일 21시,목요일,충청남도 아산시 둔포면,중상사고,0,1,0,0,차대사람 - 횡단중,안전운전불이행,건조,맑음,단일로 - 기타,승용,여,29세,상해없음,보행자,여,75세,중상
2015122400100687,2015년 12월 24일 22시,목요일,충청남도 천안시 서북구 성성동,경상사고,0,0,1,0,차대차 - 정면충돌,안전운전불이행,건조,맑음,교차로 - 교차로부근,승용,남,29세,상해없음,승용,남,27세,경상
2015122400100724,2015년 12월 24일 23시,목요일,충청남도 천안시 서북구 두정동,부상신고사고,0,0,0,1,차대사람 - 기타,안전운전불이행,건조,맑음,단일로 - 기타,승용,남,25세,상해없음,보행자,남,35세,부상신고
2015122500100053,2015년 12월 25일 04시,금요일,충청남도 태안군 태안읍,중상사고,0,1,0,0,차량단독 - 전도전복,안전운전불이행,건조,맑음,기타 - 기타,승용,여,33세,중상,,,,
2015122500100073,2015년 12월 25일 06시,금요일,충청남도 아산시 용화동,경상사고,0,0,1,0,차대차 - 정면충돌,안전운전불이행,건조,맑음,교차로 - 교차로부근,승용,남,20세,상해없음,승용,남,32세,경상
2015122500100074,2015년 12월 25일 06시,금요일,충청남도 공주시 월송동,경상사고,0,0,1,0,차량단독 - 공작물충돌,안전운전불이행,건조,맑음,단일로 - 기타,승용,여,28세,경상,,,,
2015122500100090,2015년 12월 25일 07시,금요일,충청남도 보령시 명천동,중상사고,0,1,0,0,차대차 - 기타,안전운전불이행,건조,맑음,교차로 - 교차로부근,화물,남,46세,중상,승용,남,49세,기타불명
2015122500100121,2015년 12월 25일 09시,금요일,충청남도 보령시 대천동,부상신고사고,0,0,0,1,차대차 - 정면충돌,안전운전불이행,건조,맑음,교차로 - 교차로안,승용,남,56세,상해없음,승용,남,49세,부상신고
2015122500100122,2015년 12월 25일 09시,금요일,충청남도 당진시 송악읍,경상사고,0,0,2,0,차대차 - 정면충돌,안전거리미확보,건조,맑음,단일로 - 기타,특수,남,25세,상해없음,승용,여,49세,경상
2015122500100123,2015년 12월 25일 09시,금요일,충청남도 천안시 동남구 신방동,경상사고,0,0,2,0,차대차 - 정면충돌,안전운전불이행,건조,맑음,교차로 - 교차로부근,화물,남,60세,상해없음,승용,남,53세,경상
2015122500100137,2015년 12월 25일 10시,금요일,충청남도 홍성군 홍북면,경상사고,0,0,1,0,차대차 - 정면충돌,안전운전불이행,건조,맑음,교차로 - 교차로안,승용,남,32세,상해없음,화물,남,54세,경상
2015122500100165,2015년 12월 25일 11시,금요일,충청남도 천안시 동남구 구성동,경상사고,0,0,1,0,차대사람 - 횡단중,안전운전불이행,건조,맑음,교차로 - 교차로부근,화물,남,69세,상해없음,보행자,여,13세,경상
2015122500100183,2015년 12월 25일 12시,금요일,충청남도 천안시 서북구 성환읍,경상사고,0,0,1,0,차대사람 - 횡단중,안전운전불이행,건조,맑음,단일로 - 기타,승용,여,43세,상해없음,보행자,남,65세,경상
2015122500100240,2015년 12월 25일 14시,금요일,충청남도 서산시 대산읍,사망사고,1,0,0,0,차량단독 - 공작물충돌,안전운전불이행,건조,맑음,단일로 - 기타,화물,남,57세,사망,,,,
2015122500100274,2015년 12월 25일 15시,금요일,충청남도 천안시 서북구 성정동,경상사고,0,0,1,0,차대차 - 기타,차로위반,건조,맑음,단일로 - 기타,승용,여,23세,상해없음,승용,남,53세,경상
2015122500100275,2015년 12월 25일 15시,금요일,충청남도 공주시 반죽동,경상사고,0,0,1,0,차대차 - 측면직각충돌,신호위반,건조,맑음,교차로 - 교차로안,승용,남,26세,상해없음,승용,여,56세,경상
2015122500100302,2015년 12월 25일 16시,금요일,충청남도 천안시 동남구 영성동,중상사고,0,1,0,0,차대사람 - 횡단중,안전운전불이행,건조,맑음,단일로 - 기타,승용,남,35세,상해없음,보행자,여,65세,중상
2015122500100332,2015년 12월 25일 17시,금요일,충청남도 홍성군 홍북면,경상사고,0,0,1,0,차대차 - 정면충돌,안전운전불이행,건조,맑음,단일로 - 기타,승용,여,42세,상해없음,승용,여,37세,경상
2015122500100424,2015년 12월 25일 20시,금요일,충청남도 서산시 동문동,경상사고,0,0,1,0,차대차 - 정면충돌,신호위반,건조,맑음,교차로 - 교차로안,승용,여,48세,상해없음,원동기,여,48세,경상
2015122500100425,2015년 12월 25일 20시,금요일,충청남도 천안시 서북구 성환읍,경상사고,0,0,1,0,차대차 - 측면직각충돌,직진우회전진행방해,건조,맑음,교차로 - 교차로안,승용,남,61세,상해없음,승용,여,49세,경상
2015122500100426,2015년 12월 25일 20시,금요일,충청남도 보령시 청라면,경상사고,0,0,1,0,차량단독 - 전도전복,안전운전불이행,건조,맑음,단일로 - 기타,화물,남,50세,경상,,,,
2015122500100449,2015년 12월 25일 21시,금요일,충청남도 천안시 동남구 원성동,부상신고사고,0,0,0,2,차대사람 - 횡단중,안전운전불이행,건조,맑음,단일로 - 기타,승용,남,39세,상해없음,보행자,남,64세,부상신고
2015122500100499,2015년 12월 25일 23시,금요일,충청남도 공주시 신관동,경상사고,0,0,1,0,차대차 - 추돌 - 주정차중,안전운전불이행,건조,맑음,교차로 - 교차로부근,화물,남,47세,상해없음,승용,남,23세,경상
2015122600100045,2015년 12월 26일 03시,토요일,충청남도 천안시 서북구 성정동,중상사고,0,1,0,0,차대차 - 정면충돌,신호위반,건조,맑음,교차로 - 교차로안,승용,남,29세,기타불명,승용,남,58세,상해없음
2015122600100069,2015년 12월 26일 05시,토요일,충청남도 공주시 의당면,경상사고,0,0,1,0,차대차 - 측면직각충돌,안전운전불이행,결빙,눈,미분류 - 미분류,기타불명,기타불명,기타불명,기타불명,화물,남,49세,경상
2015122600100070,2015년 12월 26일 05시,토요일,충청남도 홍성군 은하면,경상사고,0,0,3,0,차대차 - 측면직각충돌,안전운전불이행,결빙,흐림,단일로 - 기타,승용,남,42세,상해없음,승용,남,31세,경상
2015122600100094,2015년 12월 26일 06시,토요일,충청남도 보령시 청소면,경상사고,0,0,1,1,차대차 - 정면충돌,안전운전불이행,결빙,눈,단일로 - 기타,승용,여,56세,경상,승용,남,51세,부상신고
2015122600100109,2015년 12월 26일 07시,토요일,충청남도 서산시 부석면,사망사고,1,0,0,0,차량단독 - 공작물충돌,안전운전불이행,결빙,눈,단일로 - 기타,화물,남,33세,사망,,,,
2015122600100110,2015년 12월 26일 07시,토요일,충청남도 천안시 동남구 목천읍,경상사고,0,0,1,0,차량단독 - 전도전복,안전운전불이행,결빙,눈,교차로 - 교차로부근,화물,남,53세,경상,,,,
2015122600100179,2015년 12월 26일 11시,토요일,충청남도 공주시 교동,경상사고,0,0,1,0,차대차 - 정면충돌,신호위반,건조,맑음,교차로 - 교차로안,승용,남,54세,상해없음,화물,남,44세,경상
2015122600100200,2015년 12월 26일 12시,토요일,충청남도 보령시 주산면,경상사고,0,0,2,0,차대차 - 정면충돌,중앙선침범,건조,맑음,단일로 - 기타,화물,남,69세,경상,화물,남,57세,경상
2015122600100234,2015년 12월 26일 13시,토요일,충청남도 아산시 송악면,경상사고,0,0,1,0,차대차 - 추돌 - 진행중,기타,습기,흐림,교차로 - 교차로안,승용,남,35세,경상,승용,여,42세,상해없음
2015122600100235,2015년 12월 26일 13시,토요일,충청남도 서천군 서면,경상사고,0,0,5,0,차대차 - 정면충돌,교차로운행방법위반,건조,맑음,교차로 - 교차로안,화물,남,67세,경상,화물,남,65세,경상
2015122600100267,2015년 12월 26일 14시,토요일,충청남도 홍성군 홍성읍,중상사고,0,1,0,0,차대차 - 정면충돌,안전운전불이행,건조,맑음,단일로 - 기타,승용,남,46세,상해없음,원동기,남,80세,중상
2015122600100268,2015년 12월 26일 14시,토요일,충청남도 아산시 온천동,중상사고,0,1,0,0,차대사람 - 차도통행중,보행자보호의무위반,건조,맑음,교차로 - 교차로안,승용,남,67세,상해없음,보행자,여,69세,중상
2015122600100363,2015년 12월 26일 17시,토요일,충청남도 천안시 서북구 불당동,경상사고,0,0,1,0,차대차 - 측면직각충돌,신호위반,건조,맑음,교차로 - 교차로안,승용,남,61세,상해없음,승용,남,55세,경상
2015122600100404,2015년 12월 26일 18시,토요일,충청남도 서산시 음암면,중상사고,0,1,0,0,차대사람 - 횡단중,보행자보호의무위반,건조,맑음,단일로 - 횡단보도상,승용,남,46세,상해없음,보행자,여,83세,중상
2015122600100405,2015년 12월 26일 18시,토요일,충청남도 공주시 이인면,경상사고,0,0,2,0,차대차 - 정면충돌,안전운전불이행,건조,맑음,단일로 - 교량,승용,남,58세,상해없음,승용,남,54세,경상
2015122600100406,2015년 12월 26일 18시,토요일,충청남도 부여군 홍산면,사망사고,1,0,0,0,차대사람 - 횡단중,안전운전불이행,건조,맑음,교차로 - 교차로부근,승용,남,36세,상해없음,보행자,여,88세,사망
2015122600100407,2015년 12월 26일 18시,토요일,충청남도 천안시 동남구 삼룡동,경상사고,0,0,1,1,차대차 - 추돌 - 진행중,안전거리미확보,건조,맑음,단일로 - 기타,승용,남,56세,상해없음,승용,남,52세,경상
2015122600100464,2015년 12월 26일 19시,토요일,충청남도 서천군 장항읍,중상사고,0,1,0,0,차대차 - 기타,안전운전불이행,건조,맑음,단일로 - 기타,승합,남,57세,상해없음,승용,기타불명,기타불명,기타불명
2015122600100465,2015년 12월 26일 19시,토요일,충청남도 예산군 예산읍,경상사고,0,0,1,0,차량단독 - 공작물충돌,안전운전불이행,건조,맑음,교차로 - 교차로부근,화물,남,42세,경상,,,,
2015122600100488,2015년 12월 26일 20시,토요일,충청남도 논산시 취암동,경상사고,0,0,1,0,차대사람 - 횡단중,보행자보호의무위반,건조,맑음,단일로 - 횡단보도상,승용,여,26세,상해없음,보행자,남,18세,경상