사고번호,사고일시,요일,시군구,사고내용,사망자수,중상자수,경상자수,부상신고자수,사고유형,법규위반,노면상태,기상상태,도로형태,가해운전자 차종,가해운전자 성별,가해운전자 연령,가해운전자 상해정도,피해운전자 차종,피해운전자 성별,피해운전자 연령,피해운전자 상해정도
2015122600100489,2015년 12월 26일 20시,토요일,충청남도 당진시 채운동,경상사고,0,0,2,0,차대차 - 측면직각충돌,신호위반,건조,맑음,교차로 - 교차로안,승용,남,27세,상해없음,승용,남,19세,경상
2015122600100569,2015년 12월 26일 23시,토요일,충청남도 공주시 금성동,중상사고,0,1,0,0,차대차 - 추돌 - 주정차중,안전운전불이행,건조,맑음,단일로 - 기타,이륜,여,55세,중상,건설기계,남,42세,기타불명
2015122700100017,2015년 12월 27일 00시,일요일,충청남도 예산군 덕산면,경상사고,0,0,1,0,차량단독 - 전도전복,안전운전불이행,습기,안개,단일로 - 기타,이륜,남,52세,경상,,,,
2015122700100018,2015년 12월 27일 00시,일요일,충청남도 당진시 수청리,경상사고,0,0,2,0,차대차 - 추돌 - 주정차중,신호위반,건조,맑음,단일로 - 기타,승용,여,46세,상해없음,승용,남,29세,기타불명
2015122700100038,2015년 12월 27일 01시,일요일,충청남도 당진시 수청리,경상사고,0,0,1,0,차대차 - 정면충돌,안전운전불이행,건조,맑음,교차로 - 교차로안,승용,남,38세,상해없음,승용,여,33세,경상
2015122700100074,2015년 12월 27일 03시,일요일,충청남도 아산시 배방읍,중상사고,0,1,0,0,차대차 - 추돌 - 진행중,기타,건조,맑음,교차로 - 교차로안,승용,여,22세,상해없음,승용,여,36세,중상
2015122700100075,2015년 12월 27일 03시,일요일,충청남도 아산시 배방읍,경상사고,0,0,1,0,차량단독 - 공작물충돌,안전운전불이행,건조,맑음,교차로 - 교차로안,승용,남,28세,경상,,,,
2015122700100157,2015년 12월 27일 09시,일요일,충청남도 당진시 읍내리,경상사고,0,0,1,0,차대차 - 정면충돌,교차로운행방법위반,건조,맑음,교차로 - 교차로안,화물,남,38세,상해없음,이륜,남,31세,경상
2015122700100211,2015년 12월 27일 12시,일요일,충청남도 천안시 동남구 광덕면,부상신고사고,0,0,0,1,차대차 - 정면충돌,안전운전불이행,건조,맑음,단일로 - 기타,승용,남,32세,상해없음,승용,여,44세,부상신고
2015122700100238,2015년 12월 27일 13시,일요일,충청남도 천안시 서북구 성정동,경상사고,0,0,1,0,차대차 - 측면직각충돌,안전운전불이행,건조,맑음,교차로 - 교차로안,화물,남,56세,상해없음,원동기,남,26세,경상
2015122700100239,2015년 12월 27일 13시,일요일,충청남도 아산시 도고면,경상사고,0,0,2,0,차대차 - 정면충돌,중앙선침범,건조,맑음,단일로 - 기타,승용,남,41세,경상,승용,남,32세,경상
2015122700100307,2015년 12월 27일 16시,일요일,충청남도 천안시 동남구 광덕면,중상사고,0,2,2,0,차대차 - 추돌 - 주정차중,안전운전불이행,건조,맑음,단일로 - 기타,승용,남,60세,상해없음,승용,남,31세,경상
2015122700100374,2015년 12월 27일 18시,일요일,충청남도 공주시 신관동,경상사고,0,0,1,0,차대사람 - 길가장자리구역통행중,안전운전불이행,건조,맑음,교차로 - 교차로부근,승용,여,45세,상해없음,보행자,남,54세,경상
2015122700100375,2015년 12월 27일 18시,일요일,충청남도 천안시 동남구 사직동,중상사고,0,1,0,0,차대사람 - 횡단중,안전운전불이행,건조,맑음,단일로 - 기타,화물,남,62세,상해없음,보행자,남,60세,중상
2015122700100435,2015년 12월 27일 20시,일요일,충청남도 예산군 예산읍,경상사고,0,0,2,2,차대차 - 추돌 - 진행중,안전운전불이행,건조,맑음,단일로 - 기타,승용,남,52세,상해없음,승용,남,44세,경상
2015122700100502,2015년 12월 27일 23시,일요일,충청남도 서산시 수석동,경상사고,0,0,1,0,차대차 - 추돌 - 주정차중,안전운전불이행,건조,맑음,교차로 - 교차로부근,승용,남,35세,상해없음,승용,남,34세,경상
2015122800100005,2015년 12월 28일 00시,월요일,충청남도 천안시 서북구 두정동,경상사고,0,0,5,0,차대차 - 기타,안전운전불이행,건조,맑음,교차로 - 교차로안,승용,남,24세,상해없음,승용,여,23세,경상
2015122800100028,2015년 12월 28일 02시,월요일,충청남도 천안시 서북구 성정동,경상사고,0,0,2,0,차대차 - 기타,신호위반,건조,맑음,교차로 - 교차로안,승용,남,26세,상해없음,승용,남,36세,경상
2015122800100099,2015년 12월 28일 08시,월요일,충청남도 부여군 부여읍,중상사고,0,1,0,0,차대차 - 정면충돌,직진우회전진행방해,건조,맑음,교차로 - 교차로안,승용,여,48세,상해없음,이륜,남,73세,중상
2015122800100158,2015년 12월 28일 10시,월요일,충청남도 부여군 부여읍,중상사고,0,1,0,0,차대사람 - 횡단중,기타,건조,맑음,단일로 - 기타,승용,남,82세,상해없음,보행자,남,81세,중상
2015122800100190,2015년 12월 28일 11시,월요일,충청남도 태안군 태안읍,중상사고,0,1,0,0,차대차 - 정면충돌,안전운전불이행,건조,맑음,교차로 - 교차로부근,승용,남,51세,기타불명,승용,남,67세,기타불명
2015122800100191,2015년 12월 28일 11시,월요일,충청남도 공주시 사곡면,중상사고,0,1,0,0,차대사람 - 횡단중,안전운전불이행,건조,맑음,단일로 - 기타,승용,남,69세,상해없음,보행자,여,70세,중상
2015122800100219,2015년 12월 28일 12시,월요일,충청남도 태안군 태안읍,경상사고,0,0,1,0,차대차 - 측면직각충돌,안전거리미확보,건조,맑음,교차로 - 교차로부근,승용,남,67세,상해없음,승용,남,43세,상해없음
2015122800100220,2015년 12월 28일 12시,월요일,충청남도 천안시 서북구 성정동,경상사고,0,0,1,0,차대차 - 기타,안전운전불이행,건조,맑음,교차로 - 교차로안,승용,여,55세,상해없음,승합,남,43세,경상
2015122800100221,2015년 12월 28일 12시,월요일,충청남도 논산시 연무읍,중상사고,0,1,1,0,차대차 - 측면직각충돌,안전거리미확보,건조,맑음,단일로 - 기타,화물,남,42세,상해없음,승용,여,30세,중상
2015122800100352,2015년 12월 28일 16시,월요일,충청남도 청양군 비봉면,경상사고,0,0,2,0,차대차 - 측면직각충돌,직진우회전진행방해,건조,맑음,교차로 - 교차로안,승용,남,26세,상해없음,화물,남,39세,경상
2015122800100353,2015년 12월 28일 16시,월요일,충청남도 청양군 청양읍,부상신고사고,0,0,0,1,차량단독 - 전도전복,안전운전불이행,건조,맑음,단일로 - 기타,이륜,남,63세,부상신고,,,,
2015122800100386,2015년 12월 28일 17시,월요일,충청남도 서산시 잠홍동,중상사고,0,1,0,0,차대차 - 추돌 - 진행중,불법유턴,건조,맑음,교차로 - 교차로부근,이륜,여,59세,중상,승용,여,47세,상해없음
2015122800100435,2015년 12월 28일 18시,월요일,충청남도 서산시 석남동,중상사고,0,1,0,0,차대사람 - 횡단중,보행자보호의무위반,건조,맑음,단일로 - 횡단보도상,승용,남,61세,상해없음,보행자,남,50세,중상
2015122800100436,2015년 12월 28일 18시,월요일,충청남도 천안시 서북구 두정동,부상신고사고,0,0,0,1,차대차 - 기타,교차로운행방법위반,건조,맑음,교차로 - 교차로안,원동기,남,19세,부상신고,승용,남,52세,상해없음
2015122800100437,2015년 12월 28일 18시,월요일,충청남도 예산군 신암면,사망사고,1,0,0,0,차대차 - 추돌 - 주정차중,안전운전불이행,건조,맑음,단일로 - 기타,화물,남,60세,사망,특수,남,43세,상해없음
2015122800100438,2015년 12월 28일 18시,월요일,충청남도 천안시 동남구 청수동,경상사고,0,0,1,0,차대차 - 측면직각충돌,직진우회전진행방해,건조,맑음,교차로 - 교차로안,승합,남,48세,상해없음,원동기,남,27세,경상
2015122800100480,2015년 12월 28일 19시,월요일,충청남도 천안시 서북구 두정동,중상사고,0,1,0,0,차대사람 - 횡단중,안전운전불이행,건조,맑음,단일로 - 기타,승용,남,40세,상해없음,보행자,여,29세,중상
2015122800100506,2015년 12월 28일 20시,월요일,충청남도 당진시 합덕읍,경상사고,0,0,2,0,차대차 - 측면직각충돌,신호위반,건조,맑음,교차로 - 교차로안,승용,남,62세,상해없음,승용,여,27세,경상
2015122800100507,2015년 12월 28일 20시,월요일,충청남도 천안시 동남구 구성동,중상사고,0,1,1,0,차대차 - 추돌 - 진행중,안전운전불이행,건조,맑음,단일로 - 기타,화물,남,54세,상해없음,승합,남,52세,중상
2015122800100568,2015년 12월 28일 22시,월요일,충청남도 논산시 연무읍,중상사고,0,1,0,0,차대사람 - 횡단중,안전운전불이행,건조,맑음,단일로 - 기타,자전거,남,15세,상해없음,보행자,여,37세,중상
2015122900100009,2015년 12월 29일 00시,화요일,충청남도 예산군 신암면,중상사고,0,1,0,0,차대사람 - 차도통행중,안전운전불이행,건조,맑음,단일로 - 기타,승용,남,46세,상해없음,보행자,남,34세,중상
2015122900100069,2015년 12월 29일 06시,화요일,충청남도 태안군 태안읍,경상사고,0,0,1,0,차대차 - 정면충돌,안전운전불이행,건조,맑음,단일로 - 기타,승용,남,78세,경상,건설기계,남,39세,상해없음
2015122900100070,2015년 12월 29일 06시,화요일,충청남도 천안시 동남구 목천읍,부상신고사고,0,0,0,1,차량단독 - 전도전복,안전운전불이행,건조,맑음,단일로 - 기타,승용,여,48세,부상신고,,,,
2015122900100142,2015년 12월 29일 09시,화요일,충청남도 공주시 신관동,중상사고,0,2,0,0,차대차 - 측면직각충돌,신호위반,건조,맑음,교차로 - 교차로안,승용,여,51세,상해없음,승용,여,46세,중상
2015122900100171,2015년 12월 29일 10시,화요일,충청남도 아산시 염치읍,중상사고,0,1,1,0,차대차 - 측면직각충돌,안전운전불이행,건조,맑음,교차로 - 교차로안,화물,남,46세,중상,건설기계,남,41세,경상
2015122900100172,2015년 12월 29일 10시,화요일,충청남도 공주시 신관동,경상사고,0,0,1,0,차대차 - 정면충돌,안전운전불이행,건조,맑음,교차로 - 교차로안,이륜,남,63세,경상,승용,남,73세,상해없음
2015122900100220,2015년 12월 29일 12시,화요일,충청남도 논산시 취암동,경상사고,0,0,1,0,차대차 - 측면직각충돌,교차로운행방법위반,건조,맑음,교차로 - 교차로안,이륜,남,24세,경상,승용,남,58세,상해없음
2015122900100245,2015년 12월 29일 13시,화요일,충청남도 예산군 예산읍,경상사고,0,0,1,0,차대차 - 정면충돌,안전운전불이행,건조,맑음,단일로 - 기타,화물,남,59세,상해없음,이륜,남,72세,경상
2015122900100273,2015년 12월 29일 14시,화요일,충청남도 예산군 삽교읍,중상사고,0,1,0,0,차대사람 - 횡단중,안전운전불이행,건조,맑음,단일로 - 기타,이륜,남,65세,상해없음,보행자,여,73세,중상
2015122900100341,2015년 12월 29일 16시,화요일,충청남도 금산군 금산읍,경상사고,0,0,2,0,차대차 - 측면직각충돌,교차로운행방법위반,건조,맑음,교차로 - 교차로안,승용,남,62세,상해없음,승용,남,27세,경상
2015122900100392,2015년 12월 29일 17시,화요일,충청남도 서천군 서천읍,경상사고,0,0,1,0,차대사람 - 횡단중,안전운전불이행,건조,맑음,단일로 - 기타,승용,여,54세,상해없음,보행자,여,68세,경상
2015122900100393,2015년 12월 29일 17시,화요일,충청남도 당진시 채운동,경상사고,0,0,1,0,차대차 - 측면직각충돌,신호위반,건조,맑음,교차로 - 교차로부근,화물,남,33세,상해없음,승용,남,19세,경상
2015122900100394,2015년 12월 29일 17시,화요일,충청남도 천안시 동남구 목천읍,중상사고,0,1,0,0,차대차 - 추돌 - 주정차중,안전운전불이행,건조,맑음,단일로 - 기타,승용,남,33세,중상,화물,남,56세,상해없음
2015122900100425,2015년 12월 29일 18시,화요일,충청남도 계룡시 신도안면,경상사고,0,0,2,0,차대차 - 정면충돌,중앙선침범,건조,맑음,단일로 - 기타,승용,여,42세,경상,승용,남,51세,경상
2015122900100426,2015년 12월 29일 18시,화요일,충청남도 아산시 인주면,중상사고,0,1,0,0,차대사람 - 횡단중,보행자보호의무위반,건조,맑음,교차로 - 교차로부근,화물,여,66세,상해없음,보행자,여,64세,중상
2015122900100466,2015년 12월 29일 19시,화요일,충청남도 보령시 천북면,경상사고,0,0,1,0,차대사람 - 기타,안전운전불이행,건조,맑음,단일로 - 기타,화물,여,48세,상해없음,보행자,남,50세,경상
2015122900100514,2015년 12월 29일 20시,화요일,충청남도 서천군 종천면,중상사고,0,3,0,0,차대차 - 정면충돌,안전운전불이행,건조,맑음,단일로 - 기타,화물,남,50세,상해없음,농기계,남,48세,중상
2015122900100542,2015년 12월 29일 21시,화요일,충청남도 서산시 석림동,경상사고,0,0,2,0,차대차 - 추돌 - 진행중,안전운전불이행,건조,맑음,단일로 - 기타,승용,남,24세,상해없음,원동기,남,25세,경상
2015122900100543,2015년 12월 29일 21시,화요일,충청남도 천안시 서북구 불당동,경상사고,0,0,3,0,차대차 - 정면충돌,안전운전불이행,건조,맑음,교차로 - 교차로부근,승용,남,45세,상해없음,승합,남,40세,경상
2015122900100560,2015년 12월 29일 22시,화요일,충청남도 예산군 삽교읍,경상사고,0,0,1,0,차대차 - 정면충돌,안전운전불이행,건조,맑음,단일로 - 기타,승용,남,62세,경상,화물,남,59세,상해없음
2015122900100590,2015년 12월 29일 23시,화요일,충청남도 예산군 덕산면,경상사고,0,0,1,0,차대사람 - 횡단중,안전운전불이행,건조,맑음,교차로 - 교차로안,승용,남,49세,상해없음,보행자,남,52세,경상
2015123000100138,2015년 12월 30일 08시,수요일,충청남도 서천군 비인면,경상사고,0,0,1,0,차대사람 - 길가장자리구역통행중,안전운전불이행,건조,맑음,단일로 - 기타,승용,여,47세,상해없음,보행자,남,53세,경상
2015123000100176,2015년 12월 30일 09시,수요일,충청남도 계룡시 금암동,중상사고,0,1,2,0,차대차 - 정면충돌,신호위반,건조,맑음,교차로 - 교차로안,승용,여,61세,경상,승용,남,58세,중상
2015123000100177,2015년 12월 30일 09시,수요일,충청남도 천안시 동남구 원성동,중상사고,0,1,0,0,차대차 - 정면충돌,안전운전불이행,건조,맑음,교차로 - 교차로안,승용,남,74세,상해없음,승용,여,47세,중상
2015123000100206,2015년 12월 30일 10시,수요일,충청남도 논산시 강경읍,경상사고,0,0,1,0,차대사람 - 횡단중,안전운전불이행,건조,맑음,교차로 - 교차로부근,화물,남,66세,상해없음,보행자,여,38세,경상
2015123000100207,2015년 12월 30일 10시,수요일,충청남도 아산시 탕정면,중상사고,0,1,0,0,차대차 - 정면충돌,신호위반,건조,맑음,교차로 - 교차로안,건설기계,남,68세,상해없음,승용,여,34세,중상
2015123000100229,2015년 12월 30일 11시,수요일,충청남도 태안군 태안읍,부상신고사고,0,0,0,1,차대차 - 정면충돌,교차로운행방법위반,건조,맑음,교차로 - 교차로안,승용,여,46세,부상신고,승용,남,47세,상해없음
2015123000100252,2015년 12월 30일 12시,수요일,충청남도 홍성군 광천읍,중상사고,0,1,0,0,차대사람 - 횡단중,안전운전불이행,건조,맑음,교차로 - 교차로안,승용,여,51세,기타불명,보행자,여,78세,중상
2015123000100273,2015년 12월 30일 13시,수요일,충청남도 홍성군 홍북면,경상사고,0,0,1,0,차대차 - 정면충돌,신호위반,건조,맑음,교차로 - 교차로안,승용,남,47세,상해없음,승용,여,33세,경상
2015123000100274,2015년 12월 30일 13시,수요일,충청남도 보령시 청라면,경상사고,0,0,1,0,차대차 - 측면직각충돌,신호위반,건조,맑음,교차로 - 교차로안,화물,남,63세,상해없음,이륜,남,71세,경상
2015123000100275,2015년 12월 30일 13시,수요일,충청남도 공주시 신관동,경상사고,0,0,1,0,차대차 - 측면직각충돌,안전운전불이행,건조,맑음,교차로 - 교차로안,승용,여,27세,상해없음,자전거,남,79세,경상
2015123000100307,2015년 12월 30일 14시,수요일,충청남도 천안시 서북구 입장면,경상사고,0,0,1,0,차대차 - 측면직각충돌,신호위반,건조,맑음,교차로 - 교차로안,승용,여,56세,상해없음,승용,여,39세,경상
2015123000100380,2015년 12월 30일 16시,수요일,충청남도 홍성군 홍성읍,경상사고,0,0,1,0,차대사람 - 기타,안전운전불이행,건조,맑음,단일로 - 기타,승용,여,38세,상해없음,보행자,남,19세,경상
2015123000100381,2015년 12월 30일 16시,수요일,충청남도 금산군 금산읍,경상사고,0,0,2,0,차대차 - 정면충돌,신호위반,건조,맑음,교차로 - 교차로안,승용,여,40세,상해없음,이륜,남,61세,경상
2015123000100382,2015년 12월 30일 16시,수요일,충청남도 청양군 청양읍,중상사고,0,1,0,0,차대차 - 기타,안전거리미확보,건조,맑음,단일로 - 기타,이륜,남,81세,중상,화물,남,76세,상해없음
2015123000100426,2015년 12월 30일 17시,수요일,충청남도 천안시 서북구 성정동,경상사고,0,0,1,0,차대차 - 기타,안전운전불이행,습기,비,기타 - 기타,화물,남,36세,상해없음,승용,남,30세,경상
2015123000100427,2015년 12월 30일 17시,수요일,충청남도 홍성군 광천읍,경상사고,0,0,1,0,차대사람 - 횡단중,교차로운행방법위반,습기,비,교차로 - 교차로안,승용,남,60세,상해없음,보행자,남,16세,경상
2015123000100503,2015년 12월 30일 18시,수요일,충청남도 천안시 서북구 두정동,경상사고,0,0,2,0,차대차 - 기타,신호위반,습기,비,교차로 - 교차로안,승합,남,50세,상해없음,승용,여,26세,경상
2015123000100556,2015년 12월 30일 19시,수요일,충청남도 예산군 삽교읍,경상사고,0,0,1,0,차대차 - 기타,신호위반,습기,비,교차로 - 교차로안,승용,남,34세,상해없음,승용,남,46세,경상
2015123000100587,2015년 12월 30일 20시,수요일,충청남도 천안시 서북구 성정동,경상사고,0,0,1,0,차대사람 - 횡단중,안전운전불이행,건조,맑음,단일로 - 기타,승용,남,33세,상해없음,보행자,남,45세,경상
2015123000100588,2015년 12월 30일 20시,수요일,충청남도 당진시 원당리,경상사고,0,0,1,0,차대사람 - 횡단중,안전운전불이행,건조,기타,단일로 - 횡단보도상,승용,남,51세,상해없음,보행자,남,49세,경상
2015123000100628,2015년 12월 30일 21시,수요일,충청남도 논산시 반월동,중상사고,0,2,1,0,차대차 - 정면충돌,안전운전불이행,건조,흐림,단일로 - 기타,승용,남,35세,상해없음,승용,여,46세,경상
2015123000100629,2015년 12월 30일 21시,수요일,충청남도 홍성군 홍북면,경상사고,0,0,1,0,차대차 - 정면충돌,교차로운행방법위반,습기,흐림,교차로 - 교차로안,승용,남,63세,상해없음,화물,여,29세,경상
2015123000100630,2015년 12월 30일 21시,수요일,충청남도 아산시 영인면,경상사고,0,0,1,0,차대차 - 정면충돌,중앙선침범,습기,비,단일로 - 기타,승용,남,54세,상해없음,승합,남,36세,경상
2015123000100631,2015년 12월 30일 21시,수요일,충청남도 당진시 채운동,경상사고,0,0,1,0,차대차 - 정면충돌,안전운전불이행,습기,흐림,기타 - 기타,원동기,남,18세,경상,승용,여,56세,기타불명
2015123000100664,2015년 12월 30일 22시,수요일,충청남도 서산시 대산읍,중상사고,0,1,0,0,차대차 - 정면충돌,안전운전불이행,건조,맑음,단일로 - 기타,승용,남,38세,상해없음,건설기계,남,63세,중상
2015123000100665,2015년 12월 30일 22시,수요일,충청남도 아산시 용화동,경상사고,0,0,2,0,차대차 - 정면충돌,중앙선침범,건조,흐림,교차로 - 교차로부근,승용,남,27세,상해없음,승용,여,29세,경상
2015123000100666,2015년 12월 30일 22시,수요일,충청남도 보령시 동대동,중상사고,0,1,0,0,차대사람 - 차도통행중,안전운전불이행,습기,흐림,단일로 - 기타,이륜,남,54세,상해없음,보행자,남,60세,중상
2015123000100667,2015년 12월 30일 22시,수요일,충청남도 당진시 채운동,경상사고,0,0,1,0,차대차 - 정면충돌,신호위반,습기,흐림,교차로 - 교차로안,승용,남,50세,상해없음,승합,남,33세,경상
2015123000100706,2015년 12월 30일 23시,수요일,충청남도 아산시 배방읍,경상사고,0,0,1,0,차량단독 - 공작물충돌,안전운전불이행,습기,비,단일로 - 기타,승용,남,35세,경상,,,,
2015123000100707,2015년 12월 30일 23시,수요일,충청남도 예산군 고덕면,경상사고,0,0,1,0,차량단독 - 도로외이탈 - 기타,안전운전불이행,결빙,흐림,단일로 - 기타,이륜,남,16세,경상,,,,
2015123100100018,2015년 12월 31일 00시,목요일,충청남도 천안시 서북구 성정동,중상사고,0,1,0,0,차대차 - 기타,중앙선침범,습기,비,교차로 - 교차로부근,이륜,남,49세,상해없음,이륜,남,21세,중상
2015123100100019,2015년 12월 31일 00시,목요일,충청남도 천안시 서북구 쌍용동,중상사고,0,1,1,1,차대차 - 측면직각충돌,안전운전불이행,건조,맑음,단일로 - 기타,승용,여,41세,부상신고,승용,남,60세,경상
2015123100100020,2015년 12월 31일 00시,목요일,충청남도 당진시 고대면,사망사고,1,1,0,0,차량단독 - 전도전복,안전운전불이행,습기,흐림,교차로 - 교차로부근,화물,여,50세,중상,,,,
2015123100100021,2015년 12월 31일 00시,목요일,충청남도 천안시 동남구 신방동,경상사고,0,0,1,0,차대사람 - 횡단중,보행자보호의무위반,건조,맑음,단일로 - 횡단보도상,승용,남,46세,상해없음,보행자,남,42세,경상
2015123100100046,2015년 12월 31일 01시,목요일,충청남도 천안시 서북구 성정동,중상사고,0,1,0,0,차대사람 - 횡단중,신호위반,건조,맑음,교차로 - 교차로안,승용,남,36세,상해없음,보행자,남,38세,중상
2015123100100047,2015년 12월 31일 01시,목요일,충청남도 천안시 동남구 청당동,중상사고,0,1,0,0,차대차 - 측면직각충돌,신호위반,건조,맑음,교차로 - 교차로안,승용,남,26세,상해없음,승용,남,39세,중상
2015123100100072,2015년 12월 31일 02시,목요일,충청남도 천안시 서북구 두정동,중상사고,0,1,1,0,차대차 - 정면충돌,신호위반,습기,흐림,교차로 - 교차로안,승용,남,55세,중상,승용,남,48세,경상
2015123100100073,2015년 12월 31일 02시,목요일,충청남도 공주시 금학동,경상사고,0,0,1,0,차량단독 - 공작물충돌,안전운전불이행,습기,비,단일로 - 기타,자전거,남,22세,경상,,,,
2015123100100121,2015년 12월 31일 06시,목요일,충청남도 당진시 정미면,사망사고,1,3,0,0,차량단독 - 공작물충돌,안전운전불이행,결빙,흐림,단일로 - 기타,승용,남,46세,중상,,,,
2015123100100122,2015년 12월 31일 06시,목요일,충청남도 천안시 동남구 청수동,중상사고,0,1,0,0,차대사람 - 횡단중,안전운전불이행,건조,맑음,단일로 - 기타,승용,남,49세,상해없음,보행자,여,63세,중상
2015123100100143,2015년 12월 31일 07시,목요일,충청남도 아산시 권곡동,경상사고,0,0,1,0,차대차 - 정면충돌,안전운전불이행,건조,맑음,기타 - 기타,기타불명,기타불명,기타불명,기타불명,승용,남,66세,경상
2015123100100144,2015년 12월 31일 07시,목요일,충청남도 공주시 계룡면,경상사고,0,0,1,0,차량단독 - 공작물충돌,안전운전불이행,결빙,맑음,단일로 - 교량,화물,남,51세,경상,,,,
2015123100100145,2015년 12월 31일 07시,목요일,충청남도 공주시 계룡면,경상사고,0,0,1,0,차량단독 - 공작물충돌,안전운전불이행,결빙,맑음,단일로 - 교량,화물,여,50세,경상,,,,
2015123100100147,2015년 12월 31일 07시,목요일,충청남도 당진시 읍내리,경상사고,0,0,1,0,차대사람 - 횡단중,보행자보호의무위반,건조,맑음,교차로 - 교차로부근,승용,기타불명,기타불명,기타불명,보행자,여,29세,경상
2015123100100173,2015년 12월 31일 08시,목요일,충청남도 천안시 서북구 두정동,부상신고사고,0,0,0,1,차대차 - 측면직각충돌,안전운전불이행,건조,맑음,교차로 - 교차로안,원동기,여,25세,부상신고,승용,남,25세,상해없음
2015123100100174,2015년 12월 31일 08시,목요일,충청남도 논산시 취암동,경상사고,0,0,2,0,차대차 - 측면직각충돌,교차로운행방법위반,습기,흐림,교차로 - 교차로안,승용,남,66세,경상,화물,남,47세,경상
2015123100100227,2015년 12월 31일 10시,목요일,충청남도 서산시 동문동,경상사고,0,0,1,0,차대사람 - 횡단중,안전운전불이행,건조,맑음,단일로 - 기타,승용,여,38세,상해없음,보행자,여,46세,경상
2015123100100308,2015년 12월 31일 13시,목요일,충청남도 천안시 동남구 풍세면,경상사고,0,0,7,0,차대차 - 정면충돌,안전거리미확보,건조,맑음,단일로 - 기타,승용,남,24세,상해없음,승용,남,38세,경상
2015123100100343,2015년 12월 31일 14시,목요일,충청남도 홍성군 서부면,중상사고,0,1,0,0,차대사람 - 횡단중,안전운전불이행,건조,맑음,단일로 - 기타,승용,남,55세,기타불명,보행자,여,62세,중상
2015123100100344,2015년 12월 31일 14시,목요일,충청남도 당진시 우두리,중상사고,0,1,0,0,차대사람 - 횡단중,보행자보호의무위반,건조,맑음,교차로 - 교차로안,화물,남,45세,상해없음,보행자,여,53세,중상
2015123100100379,2015년 12월 31일 15시,목요일,충청남도 천안시 동남구 삼룡동,경상사고,0,0,1,0,차대차 - 정면충돌,교차로운행방법위반,건조,맑음,교차로 - 교차로부근,화물,남,64세,상해없음,승용,남,42세,경상
2015123100100403,2015년 12월 31일 16시,목요일,충청남도 천안시 서북구 두정동,중상사고,0,1,0,0,차대차 - 측면직각충돌,안전운전불이행,건조,맑음,교차로 - 교차로안,승용,남,54세,상해없음,이륜,남,22세,중상
2015123100100447,2015년 12월 31일 17시,목요일,충청남도 천안시 서북구 두정동,중상사고,0,1,0,0,차대차 - 기타,차로위반,건조,맑음,단일로 - 기타,승용,남,39세,상해없음,이륜,남,22세,중상
2015123100100448,2015년 12월 31일 17시,목요일,충청남도 논산시 내동,경상사고,0,0,1,0,차대사람 - 횡단중,안전운전불이행,건조,맑음,단일로 - 기타,화물,남,57세,상해없음,보행자,여,11세,경상
2015123100100490,2015년 12월 31일 18시,목요일,충청남도 서산시 석림동,사망사고,1,0,0,0,차대사람 - 횡단중,안전운전불이행,건조,맑음,단일로 - 기타,승용,남,48세,상해없음,보행자,여,77세,사망
2015123100100491,2015년 12월 31일 18시,목요일,충청남도 천안시 동남구 목천읍,경상사고,0,0,1,0,차대차 - 정면충돌,안전거리미확보,건조,맑음,단일로 - 기타,승용,남,36세,상해없음,승용,여,52세,경상
2015123100100598,2015년 12월 31일 20시,목요일,충청남도 홍성군 홍성읍,중상사고,0,1,0,0,차대사람 - 횡단중,안전운전불이행,건조,맑음,교차로 - 교차로안,화물,남,80세,상해없음,보행자,남,61세,중상
2015123100100631,2015년 12월 31일 21시,목요일,충청남도 서산시 음암면,경상사고,0,0,1,0,차대차 - 추돌 - 주정차중,안전운전불이행,건조,맑음,교차로 - 교차로부근,승용,남,50세,상해없음,승용,여,39세,경상
2015123100100633,2015년 12월 31일 21시,목요일,충청남도 천안시 동남구 목천읍,경상사고,0,0,1,0,차대사람 - 횡단중,안전운전불이행,건조,맑음,단일로 - 기타,승용,남,46세,상해없음,보행자,남,42세,경상
2015123100100634,2015년 12월 31일 21시,목요일,충청남도 천안시 동남구 병천면,경상사고,0,0,2,0,차대차 - 정면충돌,안전운전불이행,건조,맑음,교차로 - 교차로부근,승용,남,46세,상해없음,승용,여,52세,경상
2015123100100635,2015년 12월 31일 21시,목요일,충청남도 예산군 오가면,중상사고,0,2,0,0,차대차 - 정면충돌,안전운전불이행,건조,맑음,단일로 - 기타,승용,남,48세,상해없음,승용,여,43세,중상
2015123100100671,2015년 12월 31일 22시,목요일,충청남도 천안시 서북구 입장면,사망사고,1,0,0,0,차대사람 - 기타,안전운전불이행,건조,맑음,단일로 - 기타,화물,남,55세,상해없음,보행자,남,66세,사망
2015123100100672,2015년 12월 31일 22시,목요일,충청남도 공주시 금성동,경상사고,0,0,1,0,차대차 - 정면충돌,안전운전불이행,건조,흐림,교차로 - 교차로안,승용,여,56세,상해없음,승용,여,32세,경상